מס' קטלוגי,קטגוריה,תת-קטגוריה,נושא / זכות,קהל יעד,תיאור הזכות,טווח הטבה,כללית,מכבי,מאוחדת,לאומית,הקופה המשתלמת,מקור
500,רפואה מונעת ובדיקות סקר,,התייעצות עם רופא מומחה בארץ,"כלל מבוטחי השב""ן בקופות החולים (לפי תוכנית והקופה)","התייעצות עם מומחים בארץ (לרבות חוות דעת לנושא אפוטרופסות גוף) מהות הכיסוי ביחס לזכאות על פי ""מכבי זהב"": מתווסף.","החזר/הטבה להתייעצות עם רופא מומחה בארץ בין 150 ל-1,336 ₪","זהב · PROG09 · התייעצות עם רופא מומחה בארץ התייעצות עם רופא מומחה, על פי ההגדרה בפרק ה' סעיף ,6 שאינו הרופא המבצע את הטיפול הרפואי נשוא ההתייעצות בפרקטיקה הפרטית שלו או במסגרת שר""פ בבי""ח ציבורי…
שיעור: 80% | סכום: 671 ש""ח, 150 ש""ח, 250 ש""ח | המתנה: 6 חודשים

פלטינום · PROG10 · הזכאות קיימת בתוכנית ""מושלם זהב"".","כסף · PROG14 · התייעצות עם מומחים בארץ: 1.
המתנה: 12 חודשים

זהב · PROG15 · התייעצות עם מומחים בארץ: * הגדרת ""רופא מומחה יועץ"" - רופא הכלול ברשימת הרופאים המנתחים שבהסכם, או רופא שהוכר כרופא מומחה-יועץ על ידי הוועדה להכרה ברופאים מומחים כיועצים במסגרת…
שיעור: 80% | סכום: 668 ש""ח | המתנה: 6 חודשים

שלי · PROG16 · התייעצות עם מומחים בארץ (לרבות חוות דעת לנושא אפוטרופסות גוף) מהות הכיסוי ביחס לזכאות על פי ""מכבי זהב"": מתווסף.
שיעור: 80% | סכום: 668 ש""ח, 1,336 ש""ח | המתנה: 6 חודשים","עדיף · PROG19 · חוות דעת נוספת - בישראל תקופת המתנה: 6 חודשים מיום ההצטרפות לתוכנית.
שיעור: 85% | סכום: 728 ש""ח, 404 ש""ח | המתנה: 6 חודשים

שיא · PROG20 · חוות דעת נוספת - בישראל תקופת המתנה: 6 חודשים מיום ההצטרפות לתוכנית.
שיעור: 85% | סכום: 766 ש""ח | המתנה: 6 חודשים","כסף · PROG24 · פניה לרופא יועץ מומחה ורופא ילדים מומחה לחוות דעת שניה כולל חוות דעת שניה לבדיקה פתולוגית ""רופא יועץ מומחה"" - רופא המוכר על ידי השלטונות המוסמכים בישראל כמומחה בתחום רפואי מסוים ,…
שיעור: 80% | סכום: 690 ש""ח | המתנה: 3 חודשים

זהב · PROG25 · פניה לרופא יועץ מומחה ורופא ילדים מומחה לחוות דעת שניה כולל חוות דעת שניה לבדיקה פתולוגית ""רופא יועץ מומחה"" - רופא המוכר על ידי השלטונות המוסמכים בישראל כמומחה בתחום רפואי מסוים ,…
שיעור: 80% | סכום: 690 ש""ח | המתנה: 3 חודשים",מכבי שלי,
501,רפואה מונעת ובדיקות סקר,,התייעצות עם רופא מומחה במדינת חוץ,"כלל מבוטחי השב""ן בקופות החולים (לפי תוכנית והקופה)","12.9 חוות-דעת שניה בחו""ל הגדרות לפרק זה 1.","החזר/הטבה להתייעצות עם רופא מומחה במדינת חוץ עד 9,388 ₪","זהב · PROG09 · 12.1 השירות הרפואי חוות דעת שניה במדינת חוץ: התייעצות עם מומחים ממדינת חוץ במרכזים הרפואיים מהשורה הראשונה.
שיעור: 75% | המתנה: 6 חודשים

פלטינום · PROG10 · 12.2 הזכאות קיימת בתוכנית ""מושלם זהב"".","כסף · PROG14 · 12.3

זהב · PROG15 · 12.4 התייעצות עם מומחים בחו""ל 1.
שיעור: 75% | המתנה: 12 חודשים

שלי · PROG16 · 12.5 הזכאות קיימת בתוכנית ""מכבי זהב"".","עדיף · PROG19 · 12.6 חוות דעת נוספת בחו“ל תקופת המתנה: 6 חודשים מיום ההצטרפות לתוכנית.
שיעור: 75% | המתנה: 6 חודשים

שיא · PROG20 · 12.7 התייעצות רפואית לפני בחירת מרכז רפואי בחו“ל תקופת המתנה: לא נדרשת תקופת המתנה.
שיעור: 85% | המתנה: לא נדרשת תקופת המתנה","כסף · PROG24 · 12.8 חוות-דעת שניה בחו""ל הגדרות לפרק זה 1.
שיעור: 80% | המתנה: 3 חודשים

זהב · PROG25 · 12.9 חוות-דעת שניה בחו""ל הגדרות לפרק זה 1.
שיעור: 80% | סכום: 9,388 ש""ח | המתנה: 3 חודשים",לאומית זהב,
502,רפואה מונעת ובדיקות סקר,,רפואה מונעת ובדיקות סקר,"כלל מבוטחי השב""ן בקופות החולים (לפי תוכנית והקופה)",סעיף 8 — בדיקות סקר תקופתיות. תקופת המתנה: לא נדרשת תקופת המתנה. מהות השירות ביחס לזכאות על פי 'מאוחדת עדיף': מתווסף. 8.1 מבוטח שגילו מעל גיל 18 שנה יהיה זכאי על פי החלטתו לבצע אחת,החזר/הטבה לרפואה מונעת ובדיקות סקר בין 50 ל-891 ₪,"זהב · PROG09 · בדיקות סקר תקופתיות לגיל 18+, אחת ל-24 חודש (ארגומטריה/ממוגרפיה/גינקולוגיה/צפיפות עצם — אחת לשנה). השת""ע: ממוגרפיה ₪79, גינקולוגיה ₪114, ארגומטריה ₪114, צפיפות עצם ₪57. ייעוץ דיאטטי בבית 25% ממחירון, 6 מפגשים, אכשרה 3 חודשים. סדנאות אורח חיים בריא 20% ממחירון. מקור: תקנון מושלם זהב.

פלטינום · PROG10 · מופיע באופן חלקי. בדיקות MOXO/BRC/TOVA במכוני הסדר — השת""ע ₪50 לבדיקה, עד 2 בדיקות לכל תקופת החברות, על פי דרישת נוירולוג, אכשרה 6 חודשים. בדיקת ראייה/משקפיים/עדשות מגע לגיל 8-18: מ-1/1/25 — עד ₪600 השת""ע ₪40, מעל ₪600 הנחה ₪560, פעם בשנה קלנדרית, אכשרה 3 חודשים. בעיות התפתחות גיל 3-18 (רכיבה/שחייה/ספורט/פיזיו/אמנויות): השת""ע ₪45 עד 25 טיפולים בשנה, אכשרה 6 חודשים, במכוני הסדר בלבד ולאחר מיצוי זכאות מושלם זהב. מקור: תקנון פלטינום פרק ח'.","כסף · PROG14 · סעיף 18.2 — רפואה מונעת במתקני מכבי: בדיקות שגרה מעבר לבדיקות הניתנות ע""י מכבי על פי החוק (סעיף 18.2.1): סיגמואידוסקופיה — בדיקה מקיפה ראשונה בהשתתפות עצמית של ₪178.23, בדיקה שנתית חוזרת — בהשתתפות עצמית של ₪76.39. ממוגרפיה — בהשתתפות עצמית של ₪177.78. בדיקת צפיפות העצם בירך בלבד — בהשתתפות עצמית של ₪175.70. בדיקת צפיפות העצם בירך ובעמוד השדרה — בהשתתפות עצמית של ₪241.59. בדיקת RAST במתקני מכבי (סעיף 18.2.2) — בהשתתפות עצמית של ₪241.38. טיפולי פיזיותרפיה לחולים כרוניים במכוני מכבי (סעיף 18.2.3): טיפול מעבר ל-12 טיפולים ראשונים הניתנים על ידי מכבי — בהשתתפות עצמית של ₪33.67. תקופת המתנה: 6 חודשים (סעיף 18.3).

זהב · PROG15 · סעיף 20.3 — רפואה מונעת במתקני מכבי: בדיקות שגרה מעבר לבדיקות הניתנות ע""י מכבי על פי החוק (סעיף 20.3.1): סיגמו-אנדוסקופיה — בדיקה מקיפה ראשונה בהשתתפות עצמית של ₪178.23, בדיקה שנתית חוזרת — בהשתתפות עצמית של ₪76.38. ממוגרפיה — בהשתתפות עצמית של ₪177.78. בדיקת צפיפות העצם בירך בלבד — בהשתתפות עצמית של ₪175.70. בדיקת צפיפות העצם בירך ובעמוד השדרה — בהשתתפות עצמית של ₪241.59. בדיקת RAST במתקני מכבי (סעיף 20.3.2) — בהשתתפות עצמית של ₪241.38. טיפולי פיזיותרפיה לחולים כרוניים במכוני מכבי (סעיף 20.3.3): טיפול מעבר ל-12 טיפולים ראשונים הניתנים על ידי מכבי — בהשתתפות עצמית של ₪33.68. תקופת המתנה: 6 חודשים (סעיף 20.4).

שלי · PROG16 · סעיף (18) — בדיקות סקר תקופתיות (מהות הכיסוי ביחס לזכאות על פי ""מכבי זהב"": חדש). מקרה מזכה (סעיף 18.1): מבוטח יהיה זכאי לבדיקת סקר תקופתית בכפוף לתנאים המצטברים: (18.1.1) גילו של המבוטח 45 שנים ומעלה; (18.1.2) בדיקת הסקר התקופתית בוצעה אצל ספקים שבהסכם עם מכבי; (18.1.3) השתתפות ""מכבי שלי"" הינה אחת ל-3 שנים צפות. בדיקת הסקר כוללת (סעיף 18.2): (18.2.1) בדיקת רופא; (18.2.2) בדיקות דם ושתן; (18.2.3) בדיקת לחץ דם; (18.2.4) א.ק.ג.; (18.2.5) תפקוד ריאות וצילום חזה (לעוסקים בספורט ו/או מעשנים); (18.2.6) ראיה; (18.2.7) לחץ תוך עיני; (18.2.8) שמיעה; (18.2.9) דם סמוי בצואה; (18.2.10) אחת מהבדיקות: ארגומטריה, ממוגרפיה, גניקולוגיה (כולל בדיקת שד), צפיפות עצם. גובה הכיסוי (סעיף 18.3): מבוטח ""מכבי שלי"" יהיה זכאי לבדיקת הסקר אחת לשלוש שנים צפות, בכפוף לתשלום השתתפות עצמית בסך ₪27.10. תקופת המתנה: 6 חודשים (סעיף 18.5).","עדיף · PROG19 · סעיף 21 — בדיקות מניעה. תקופת המתנה: 6 חודשים מיום ההצטרפות לתוכנית. 21.1 מבוטחי הקרן זכאים, בהמלצת רופא הקופה, לבדיקת מניעה במכון מורשה הקשור עם הקופה בהסכם, כמפורט להלן: • בדיקת דם סמוי בצואה למבוטח מתחת לגיל 50 שנים. • בדיקת משטח צוואר הרחם (PAP) לנשים שאינן זכאיות לבדיקה כחלק מהזכאות הקיימת בסל הבריאות הממלכתי מתחת לגיל 34 שנים או מעל גיל 55 שנים — בהשתתפות עצמית של 43 ש""ח לבדיקה. • ממוגרפיה ובדיקות צפיפות עצם מעבר לבדיקות המסופקות ע""י הקופה מכוח חוק ביטוח בריאות ממלכתי, בהשתתפות עצמית של ₪41 ו-188 ש""ח בהתאמה. 21.2 הזכאות הינה בתכיפות של בדיקה אחת מכל סוג מאלה המנויות לעיל, לכל שנתיים קלנדריות. | סעיף 29 — ייעוץ תזונתי. תקופת המתנה: לא נדרשת תקופת המתנה. 29.1 מבוטח יהיה זכאי, גם אם אינו זכאי לכך לפי חוק ביטוח בריאות ממלכתי, לקבל ייעוץ תזונתי על ידי יועץ הקשור עם הקופה בהסכם. 29.2 מבוטח יהיה זכאי לייעוץ כאמור בהיקף שלא יעלה על 4 פגישות בשנה ובתשלום השתתפות עצמית בגובה 34 ש""ח לפגישה. | סעיף 34 — אורח חיים בריא. תקופת המתנה: לא נדרשת תקופת המתנה. 34.1 מבוטחי עדיף מגיל 14 יהיו זכאים להירשם לאפליקציית אורח חיים בריא ולממש זכאותם לרכישת חבילת אימונים קבוצתיים, בהיקף של 4 אימונים בחודש לקידום אורח חיים בריא, בעלות של ₪40. 34.2 לחילופין, מבוטחי עדיף מגיל 14, יהיו זכאים לרכוש חבילה של 4 אימונים בחודש במרכזי ספורט וכושר הכלולים בהסדר עם הקופה, בעלות של ₪80. 34.3 החל מיום 27.7.2024 ועד ל-27.7.2025 נרשמים חדשים יהיו זכאים ל-4 אימונים חינם עבור אימונים קבוצתיים. 34.4 בנוסף לאימונים לעיל מבוטח יהיה זכאי להירשם לתוכנית מבוססת תמריצים לקידום אורח חיים בריא ככל שזו תוצע. תוקפו של אישור זה הינו עד ליום 31.12.2025.

שיא · PROG20 · סעיף 8 — בדיקות סקר תקופתיות. תקופת המתנה: לא נדרשת תקופת המתנה. מהות השירות ביחס לזכאות על פי 'מאוחדת עדיף': מתווסף. 8.1 מבוטח שגילו מעל גיל 18 שנה יהיה זכאי על פי החלטתו לבצע אחת לשנתיים, סדרת בדיקות סקר תקופתיות, גם אם לא התקיימו בו נסיבות רפואיות המצריכות קיומן על פי חוק ביטוח בריאות ממלכתי. 8.2 הבדיקות יבוצעו ב: 8.2.1 מרפאות הקופה שיועדו לכך; 8.2.2 מרפאות הקשורות עם הקופה בהסכם. 8.3 ביצוע הבדיקות במרפאות הקופה מותנה בהשתתפות עצמית של המבוטח בגובה 343 ש""ח לכל סדרת הבדיקות. 8.4 הופנה המבוטח למכון הקשור עם הקופה בהסכם, רשאית הקופה לחייב את המבוטח בתשלום מלוא העלות ישירות לספק השירות. במקרה זה יהיה המבוטח זכאי לשיפוי בשיעור 75% מההוצאה ועד תקרה של 685 ש""ח לכל סדרת הבדיקות. 8.5 סדרת הבדיקות תכלול: בדיקת רופא, בדיקת שתן כללית, בדיקות דם (המטולוגיה + כימיה), תפקודי ריאות ובדיקה ארגומטרית. | הערה: מאוחדת שיא כוללת גם את כל זכויות מאוחדת עדיף בתחום זה (סעיפים 21, 29, 34 לתקנון עדיף — בדיקות מניעה, ייעוץ תזונתי, אורח חיים בריא).","כסף · PROG24 · פרק כ' — רפואה מונעת - בדיקות סקר, מניעה, אבחון וטיפול. תקופת אכשרה: ללא תקופת אכשרה לבדיקות הבסיסיות (PAP, דם סמוי, ממוגרפיה, DEXA); 6 חודשים לבדיקת סקר למנהלים ולקולונוסקופיה וירטואלית. 

1. בדיקת סקר תקופתית למנהלים (גיל 18+, אחת לשנתיים, מכון שבהסדר): עמית 'לאומית כסף' שטרם מלאו לו 3 שנות חברות רצופות — השתתפות עצמית 891 ש""ח; עמית שמלאו לו 3 שנות חברות רצופות — השתתפות עצמית 652 ש""ח. הבדיקה כוללת: 35 בדיקות מעבדה, בדיקת רופא מקיפה, לחץ דם, גובה ומשקל, בדיקה רקטאלית, דם סמוי בצואה, פרוסטטה, שמיעה, ראיה, לחץ תוך עיני, תפקודי ריאות, צילום חזה, א.ק.ג., ארגומטריה, שיחת סיכום, דו""ח ממוחשב.

2. בדיקת דם סמוי (מתחת לגיל 50, אחת לשנתיים, הפנית רופא קופה, מעבדת קופה/מכון הסדר): השתתפות עצמית 38 ש""ח. תקופת אכשרה: 3 חודשים.

3. קולונוסקופיה וירטואלית ב-CT (גיל 40+, הפנית רופא משפחה/גסטרואנטרולוג, מכון הסדר, אחת לחמש שנים): השתתפות עצמית 434 ש""ח. תקופת אכשרה: 6 חודשים.

4. בדיקת משטח צוואר הרחם (PAP) (לעמיתה שאינה זכאית בסל הבסיסי, אחת לשנתיים, מכון הסדר): השתתפות עצמית 36 ש""ח. תקופת אכשרה: 3 חודשים.

5. צפיפות עצם (DEXA) (מעבר לזכאות הסל, מכון הסדר): השתתפות עצמית 125 ש""ח. תקופת אכשרה: 3 חודשים.

6. ממוגרפיה (גיל 35–47 [גיל 48–74 מכוסים בסל], שאינה זכאית בסל, מכון הסדר, אחת לשנה): השתתפות עצמית 87 ש""ח. תקופת אכשרה: 3 חודשים.

רפואת ספורט (פרק ל""ה): תכנית אורח חיים בריא — אין כיסוי ספציפי ל'לאומית כסף'. ייעוץ תזונה ואימון כושר בביתו — זמין לעמיתי 'לאומית זהב' בלבד.

זהב · PROG25 · פרק כ' — רפואה מונעת - בדיקות סקר, מניעה, אבחון וטיפול. תקופת אכשרה: ללא תקופת אכשרה לבדיקות הבסיסיות; 6 חודשים לבדיקת סקר למנהלים ולקולונוסקופיה וירטואלית.

1. בדיקת סקר תקופתית למנהלים (גיל 18+, אחת לשנתיים, מכון שבהסדר): עמית 'לאומית זהב' שטרם מלאו לו 3 שנות חברות רצופות — השתתפות עצמית 509 ש""ח; עמית שמלאו לו 3 שנות חברות רצופות — השתתפות עצמית 319 ש""ח. הבדיקה כוללת את אותם 17 סעיפים כמו ב'לאומית כסף'.

2. בדיקת דם סמוי (מתחת לגיל 50, אחת לשנתיים, הפנית רופא קופה): עמית 'לאומית זהב' פטור מהשתתפות עצמית כלשהי. תקופת אכשרה: 3 חודשים.

3. קולונוסקופיה וירטואלית ב-CT (גיל 40+, אחת לחמש שנים, מכון הסדר): השתתפות עצמית 290 ש""ח. תקופת אכשרה: 6 חודשים.

4. בדיקת משטח צוואר הרחם (PAP) (לעמיתה שאינה זכאית בסל, אחת לשנתיים, מכון הסדר): השתתפות עצמית 36 ש""ח. תקופת אכשרה: 3 חודשים.

5. צפיפות עצם (DEXA) (מעבר לזכאות הסל, מכון הסדר): השתתפות עצמית 125 ש""ח. תקופת אכשרה: 3 חודשים.

6. ממוגרפיה (גיל 35–47, שאינה זכאית בסל, אחת לשנה, מכון הסדר): השתתפות עצמית 87 ש""ח. תקופת אכשרה: 3 חודשים.

פרק ל""ה — רפואת ספורט, סעיף 4 (לעמיתי 'לאומית זהב' בלבד): אימון כושר אישי בבית העמית — גיל 18+, עד 12 אימונים בתקופת הסכם, השתתפות עצמית 30 ש""ח לטיפול. ייעוץ תזונה אישי בביתו — גיל 18+, עד 2 ייעוצים בתקופת הסכם (כולל במסגרת מכסת 12), בתנאי שאינו זכאי לכך בסל הבסיסי, השתתפות עצמית 30 ש""ח לטיפול. תכנית דיגיטלית לקידום אורח חיים בריא (סעיף 5): גיל 14+, ספק שבהסדר, השתתפות עצמית 5 ש""ח לחודש (3 חודשים ראשונים ללא השתתפות עצמית פעם אחת בתקופת הסכם; ללא השתתפות עצמית עד 31.12.2025). תקופת אכשרה לסעיף 4: 6 חודשים.",מאוחדת שיא,
503,רפואה מונעת ובדיקות סקר,,חיסונים שאינם בסל,"כלל מבוטחי השב""ן בקופות החולים (לפי תוכנית והקופה)","סעיף 6 — חיסונים. תקופת המתנה: 6 חודשים מיום ההצטרפות לתוכנית. 6.1 מבוטח שאינו בקבוצת סיכון ומעוניין בחיסון ביוזמתו, זכאי לקבל חיסונים כמפורט להלן: 6.1.1 חיסון נגד דלקת זיהומית של ",החזר/הטבה לחיסונים שאינם בסל בין 50 ל-190 ₪,"זהב · PROG09 · נספח ד' נוסעים לחו""ל: ייעוץ ₪33, פוליו ₪11, טטנוס ₪7, טיפוס ₪18, Boostrix ₪20, MMR ₪10, נימנריקס ₪46, כלבת ₪22, דלקת מח יפנית ₪109, צהבת B ₪14, קדחת צהובה ₪51, דלקת קרום מח ₪27, TICOVAC ₪50. חיסוני מכה ללא השת""ע. מקור: תקנון מושלם זהב.

פלטינום · PROG10 · נספח ב' — חיסונים לנוסעים לחו""ל בהשת""ע (כפוף לסעיף 6): ייעוץ ₪11, פוליו ₪7, טטנוס ₪18, טיפוס ₪20, Boostrix ₪20, Boostrix+Polio ₪10, MMR ₪19, אבריקס ילדים/מבוגרים ₪20, נימנריקס ₪20, כלבת ₪20, דלקת מח יפנית ₪20, הפטריקס ₪20, גמגלובולין ₪14, צהבת B ₪20, קדחת צהובה ₪20, דלקת קרום המוח ₪20, TICOVAC ₪20. השת""ע עד ₪20/חיסון, במכוני הסדר בלבד, לפי הוראת משרד הבריאות, ייעוץ ללא תשלום. אכשרה 6 חודשים. חלופי לכיסוי מושלם. מקור: תקנון פלטינום נספח ב'.","כסף · PROG14 · סעיף 16 — תרופות וחיסונים: חבר יהא זכאי לרכוש תרופות שאינן בסל השירותים של חוק ביטוח בריאות ממלכתי בתנאים: א) התרופה/חיסון מופיעים ברשימת התרופות של ""מכבי כסף""; ב) התרופה/חיסון נחוצים לטיפול במחלת החבר או מניעתה על פי שיקול דעת הרופא המטפל, המנהל הרפואי או מי שיוסמך על ידו; ג) התרופה/חיסון נרכשים בבית מרקחת בהסכם עם מכבי/""מכבי כסף"" לצורך עניין זה; ד) השתתפות חבר ""מכבי כסף"" בעלות התרופה/חיסון תהא כמפורט ברשימת התרופות ליד כל תרופה/חיסון. רשימת התרופות והחיסונים תימצא בסניפי מכבי, באתר האינטרנט של מכבי ובמוקד ""מכבי ללא הפסקה"". תקופת המתנה: 3 חודשים (סעיף 16.2). סעיף 17 — חיסונים למטיילים בחו""ל: חבר יהא זכאי לקבלת ייעוץ רפואי וחיסונים לקראת יציאה לחו""ל במרפאת מטיילים שבהסכם עם מכבי. החבר זכאי לכיסוי עלות הייעוץ והחיסונים, בכפוף לתשלום השתתפות עצמית לייעוץ ולכל מנת חיסון (כמפורט בנספח ד'). ללא תקופת המתנה (סעיף 17.5).

זהב · PROG15 · סעיף 18א — תרופות וחיסונים על פי רשימה: חבר יהא זכאי לרכוש תרופות/חיסונים שאינן בסל על פי תנאים: א) התרופה/חיסון מופיעים ברשימת התרופות של ""מכבי זהב""; ב) נחוצים לטיפול במחלת החבר או מניעתה; ג) נרכשים בבית מרקחת בהסכם עם מכבי/""מכבי זהב""; ד) השתתפות החבר כמפורט ברשימת התרופות ליד כל תרופה/חיסון. הרשימה מופיעה בנספח ו' לתקנון. תקופת המתנה: 3 חודשים (18.4א). בנוסף — סעיף 18ב: תרופות שאינן בסל הבריאות ובסעיף 18א' — למחלות קשות (סרטן, AIDS, תלסמיה, המופיליה, אי ספיקת כליות המצריכה דיאליזה, גושה, תרופה יתומה). סעיף 19 — חיסונים למטיילים בחו""ל: חבר יהא זכאי לקבלת ייעוץ רפואי וחיסונים לקראת יציאה לחו""ל במרפאת מטיילים שבהסכם עם מכבי. החבר זכאי לכיסוי עלות הייעוץ והחיסונים בכפוף לתשלום השתתפות עצמית לייעוץ ולכל מנת חיסון (כמפורט בנספח ה' לתקנון). ללא תקופת המתנה (סעיף 19.3).

שלי · PROG16 · סעיף (19) — חיסונים למטיילים בחו""ל (מהות הכיסוי ביחס לזכאות על פי ""מכבי זהב"": משופר חלופי): מקרה מזכה (19.1): מבוטח ""מכבי שלי"" יהיה זכאי לקבלת ייעוץ רפואי וחיסונים לקראת יציאה לחו""ל במרפאת מטיילים שבהסכם עם מכבי. גובה הכיסוי (19.2): מבוטח ""מכבי שלי"" יהיה זכאי לכיסוי עלות החיסונים, בכפוף לתשלום השתתפות עצמית של ₪27.09 לכל חיסון. עלות הייעוץ הרפואי הקודם למתן החיסונים תמומן במלואה ע""י ""מכבי שלי"", ללא כל השתתפות עצמית של המבוטח (שיפור על ""מכבי זהב"" בו גובים השתתפות עצמית גם על הייעוץ). תקופת המתנה: 6 חודשים (19.4). לגבי חיסונים שאינם בסל אחרים (שפעת, HPV וכד'): אין סעיף ייעודי ב""מכבי שלי"" מעבר למסגרת מטיילים; חיסונים לפי ברשימת ""מכבי זהב"" (סעיף 18א) חלים גם כבסיס.","עדיף · PROG19 · סעיף 6 — חיסונים. תקופת המתנה: 6 חודשים מיום ההצטרפות לתוכנית. 6.1 מבוטח שאינו בקבוצת סיכון ומעוניין בחיסון ביוזמתו, זכאי לקבל חיסונים כמפורט להלן: 6.1.1 חיסון נגד דלקת זיהומית של הכבד מטיפוס A או B. 6.1.2 חיסון נגד שפעת. 6.1.3 חיסון פנוימווקס. 6.2 השיפוי: 6.2.1 תרכיבי החיסונים הנ""ל יסופקו למבוטחי 'מאוחדת עדיף' באמצעות בתי המרקחת של הקופה בתשלום אגרת מינימום (סכום ההשתתפות העצמית המינימלית הנהוגה בקופה ביחס לתרופות בסל הבסיסי, כפי שמתעדכן מעת לעת). החיסונים יסופקו בבתי המרקחת של הקופה בלבד. 6.2.2 אם חיסון מסעיף 6.1.1 לא ניתן לאספקה באמצעות בית המרקחת של הקופה, יהיה המבוטח זכאי לשיפוי בגובה 40% מהמחיר לצרכן. | סעיף 7 — חיסונים לנוסעים לחו""ל. תקופת המתנה: לא נדרשת תקופת המתנה. 7.1 מבוטח יהיה זכאי לייעוץ רפואי ולקבלת חיסונים לפני כל נסיעה לחו""ל בתשלום השתתפות עצמית במרפאות בהסכם. 7.2 החיסונים שיינתנו הינם חיסונים הדרושים למבוטח טרם נסיעה לחו""ל לאתר/מדינה המומלצים לפי הוראות משרד הבריאות לשם מניעת הידבקות במחלות. ההשתתפות העצמית תשולם לכל מנת חיסון. 7.3 רשימת המרפאות בהסכם ותעריפי ההשתתפות העצמית מופיעים בנספח ז׳ לתקנון. 7.4 עבור מבוטחים תושבי אילת והסביבה יינתן החזר בגובה 75% מההוצאה בפועל עבור חיסונים וייעוץ רפואי ועד תקרה של ₪135 עבור ייעוץ רפואי, בתנאי שלא קיימת מרפאה בהסכם בעיר אילת.

שיא · PROG20 · מאוחדת שיא כוללת את זכויות חיסוני מאוחדת עדיף (סעיפים 6 ו-7 לתקנון עדיף — חיסונים שאינם בסל לא-סיכון וחיסוני נוסעים לחו""ל). אין בתקנון מאוחדת שיא סעיף נפרד לחיסונים שאינם בסל מעבר לאלה הכלולים בעדיף. | נספח ח׳ לשיא — רשימת המרפאות בהסכם עם הקופה ותעריפי ההשתתפות העצמית לצורך ביצוע חיסונים לנוסעים לחו""ל (משותף לעדיף ולשיא). תעריפי השתתפות לפי נספח ח׳ (לדוגמה): ייעוץ רפואי למתן חיסונים לפני נסיעה לחו""ל — 24 ש""ח; חיסון קדחת צהובה — 35 ש""ח; חיסון סביל לכלבת — 30 ש""ח.","כסף · PROG24 · פרק כ""ז — חיסונים לנוסעים לחו""ל. ללא תקופת אכשרה.

מקרה מזכה: קבלת ייעוץ רפואי מקצועי וחיסונים במרפאת מטיילים שבהסדר, טרם יציאת העמית לחו""ל.

תשלום — הקופה תשלם ישירות למכון שבהסדר, בכפוף להשתתפות עצמית של העמית. טבלת השתתפויות עצמיות לעמיתי 'לאומית כסף' (ש""ח):
- דמי רישום, פנקס חיסונים, מרשמים וייעוץ רפואי: 35
- חיסון דלקת קרום המח (נימנריקס/מנקטרה): 50
- חיסון דלקת קרום המח היפנית: 170
- חיסון צהבת A: 50
- חיסון טיפוס הבטן (טיפואיד): 30
- חיסון צהבת B: 30
- חיסון טטנוס + דיפטריה: 30
- טטנוס + דיפטריה + שעלת (בוסטריקס): 30
- אדמת חצבת וחזרת (MMR): 30
- חצבת + חזרת + אדמת + אבעבועות (MMRV): 80
- חיסון פוליו: 30
- חיסון TBE: 190
- חיסון כלבת: 30
- קדחת צהובה: 80
- חיסון אבעבועות רוח: 60

הערה: HPV (פפילומה) ושפעת אינם מופיעים בפרק כ""ז (חיסונים לנוסעים לחו""ל).

זהב · PROG25 · פרק כ""ז — חיסונים לנוסעים לחו""ל. ללא תקופת אכשרה.

מקרה מזכה: קבלת ייעוץ רפואי מקצועי וחיסונים במרפאת מטיילים שבהסדר, טרם יציאת העמית לחו""ל.

תשלום — הקופה תשלם ישירות למכון שבהסדר, בכפוף להשתתפות עצמית מופחתת לעמיתי 'לאומית זהב'. טבלת השתתפויות עצמיות לעמיתי 'לאומית זהב' (ש""ח):
- דמי רישום, פנקס חיסונים, מרשמים וייעוץ רפואי: 35
- חיסון דלקת קרום המח (נימנריקס/מנקטרה): 20
- חיסון דלקת קרום המח היפנית: 20
- חיסון צהבת A: 20
- חיסון טיפוס הבטן (טיפואיד): 20
- חיסון צהבת B: 20
- חיסון טטנוס + דיפטריה: 20
- טטנוס + דיפטריה + שעלת (בוסטריקס): 20
- אדמת חצבת וחזרת (MMR): 20
- חצבת + חזרת + אדמת + אבעבועות (MMRV): 20
- חיסון פוליו: 20
- חיסון TBE: 20
- חיסון כלבת: 20
- קדחת צהובה: 20
- חיסון אבעבועות רוח: 20

הערה: HPV (פפילומה) ושפעת אינם מופיעים בפרק כ""ז (חיסונים לנוסעים לחו""ל). לעמיתי 'לאומית זהב' ההשתתפות העצמית נמוכה משמעותית מ'לאומית כסף' לרוב החיסונים (20 ש""ח לעומת 30–190 ש""ח).",מאוחדת עדיף,
504,רפואה מונעת ובדיקות סקר,,בדיקות אונקוגנטיות (גנטיקה לסרטן),"כלל מבוטחי השב""ן בקופות החולים (לפי תוכנית והקופה)","סעיף 53: בדיקות לגידול סרטני — פרופיל מולקולרי מקיף גידול. החזר 75% מההוצאה בפועל, השת""ע ₪2,000 במעבדות בהסדר, פעם אחת לאותה מחלה/פרופיל. תנאים: אין זכאות בסל, גידול סולידי, שלב גר","החזר/הטבה לבדיקות אונקוגנטיות (גנטיקה לסרטן) בין 99 ל-2,000 ₪","זהב · PROG09 · סעיף 53: בדיקות לגידול סרטני — פרופיל מולקולרי מקיף גידול. החזר 75% מההוצאה בפועל, השת""ע ₪2,000 במעבדות בהסדר, פעם אחת לאותה מחלה/פרופיל. תנאים: אין זכאות בסל, גידול סולידי, שלב גרורתי. נדרש אישור מראש מהמנהל הרפואי. אכשרה 3 חודשים. מקור: תקנון מושלם זהב סעיף 53.

פלטינום · PROG10 · לא מופיע בפלטינום — חל הכיסוי של מושלם זהב. מקור: תקנון מושלם פלטינום.","כסף · PROG14 · אין מידע — מומלץ לבדוק. בדיקות גנטיות כלליות אינן מוזכרות ב""מכבי כסף"". מקור: תקנון מכבי כסף.

זהב · PROG15 · בדיקת נשאות לסרטן שד ושחלה — BRCA1 ו-BRCA2 — במקרים שאינם מכוסים בסל הבסיסי (סעיף 28.2). הבדיקה תתבצע במרפאות הסכם בלבד ורק לאחר ביצוע ייעוץ גנטי מקדים. השתתפות עצמית: ₪345.55. תקופת אכשרה: ללא תקופת המתנה. אישור מראש: נדרש ייעוץ גנטי מקדים. מקור: תקנון מכבי זהב.

שלי · PROG16 · אין מידע — מומלץ לבדוק. מקור: תקנון מכבי שלי.","עדיף · PROG19 · מסלול עדיף כולל סעיף 20 (בדיקות גנטיות) לגילוי נשאות של מחלות תורשתיות שונות (USHER, GSD1, ML4, נימן פיק, פנקוני, בלום ואחרות), אך לא מכסה ספציפית BRCA ו/או סרטן השד/שחלות/מעי הגס. השתתפות עצמית: 99 ש""ח לבדיקה בבתי חולים ציבוריים או מכון בהסכם (פעם אחת לכל תקופת הביטוח לכל בדיקה). לחילופין: 4 בדיקות גנטיות לבחירה (כולל מחוץ להסכם) — החזר 80% עד תקרה כוללת של 1,114 ש""ח לכלל הבדיקות. נדרשת המלצת רופא גנטיקאי. אין כיסוי ספציפי לבדיקות BRCA. תקופת אכשרה: לא נדרשת. מקור: תקנון מאוחדת עדיף.

שיא · PROG20 · סעיף 9 — בדיקות אונקוגנטיות. תקופת אכשרה: 3 חודשים מיום ההצטרפות. זכאות חד-פעמית לבדיקה לגילוי גנים סרטניים: סרטן השד, סרטן מעי הגס ו/או סרטן השחלות (שאינם בסל הבריאות). נדרשת המלצת רופא גנטיקאי מטעם הקופה. הבדיקה תבוצע בבתי חולים ציבוריים או מכון בהסכם. השתתפות עצמית: 308 ש""ח לבדיקה. זכאות לבדיקות BRCA1/BRCA2 לנשים שאינן זכאיות לבדיקה מהסל. מקור: תקנון מאוחדת שיא.","כסף · PROG24 · כיסוי לבדיקה לגילוי גנים סרטניים במכון שבהסדר (פרק כ""ב), בתנאי שקרוב משפחה ביולוגי ראשון חלה בסרטן הרלוונטי, הופנה ע""י רופא קופה, ואינו זכאי לפי סל הבריאות. השתתפות עצמית לפי סוג הבדיקה: סרטן המעי הגס — ₪319; סרטן השד וסרטן השחלות — ₪363; סרטן המעי הגס, שד ושחלות (משולב) — ₪521. הכיסוי חד-פעמי לכל תקופת ההסכם. אחוז החזר: הקופה נושאת ביתרת העלות מעבר לשתתפות עצמית. תקופת אכשרה: 6 חודשים. אישור מראש: נדרשת הפניית רופא. מקור: תקנון לאומית כסף.

זהב · PROG25 · כיסוי לבדיקה לגילוי גנים סרטניים במכון שבהסדר (פרק כ""ב), בתנאי שקרוב משפחה ביולוגי ראשון חלה בסרטן הרלוונטי, הופנה ע""י רופא קופה, ואינו זכאי לפי סל הבריאות. השתתפות עצמית לפי סוג הבדיקה: סרטן המעי הגס — ₪319; סרטן השד וסרטן השחלות — ₪363; סרטן המעי הגס, שד ושחלות (משולב) — ₪521. הכיסוי חד-פעמי לכל תקופת ההסכם. אחוז החזר: הקופה נושאת ביתרת העלות מעבר להשתתפות עצמית. תקופת אכשרה: 6 חודשים. אישור מראש: נדרשת הפניית רופא. מקור: תקנון לאומית זהב.",כללית זהב,
505,רפואה מונעת ובדיקות סקר,,בדיקות מניעה/סקר מורחבות (PAP/ממוגרפיה/צפיפות עצם),"כלל מבוטחי השב""ן בקופות החולים (לפי תוכנית והקופה)","מבוטחי שיא זכאים לבדיקות סקר תקופתיות נוספות (סעיף 8 בשיא): מבוטח מגיל 18 רשאי לבצע אחת לשנתיים סדרת בדיקות סקר, גם ללא נסיבות רפואיות המחייבות זאת. הבדיקות יבוצעו במרפאות הקופה בה",החזר/הטבה לבדיקות מניעה/סקר מורחבות (PAP/ממוגרפיה/צפיפות עצם) בין 57 ל-685 ₪,"זהב · PROG09 · בדיקת Pap Smear (משטח צוואר הרחם): החזר בגובה עלות הבדיקה עד ₪64, פעם בשנה קלנדרית, עמיתה שביצעה בדיקה אצל רופאי הכללית במרפאות הכללית או במרפאות עצמאיות שלהם, מעבר לזכאות בסל הבסיסי. ללא השתתפות עצמית. אכשרה: 3 חודשים. בנוסף: בדיקות סקר תקופתיות מורחבות (סעיף 31) לעמית מעל גיל 18 — כולל ממוגרפיה, צפיפות עצם, גינקולוגיה, ארגומטריה — השתתפות עצמית ₪240 לחבילה מלאה, אחת ל-24 חודש; בנפרד: ממוגרפיה ₪79, צפיפות עצם ₪57, גינקולוגיה ₪114, ארגומטריה ₪114, זכאות אחת לשנה. מקור: תקנון כללית מושלם זהב, פרק ה' סעיפים 31, 33.

פלטינום · PROG10 · אין מידע — מומלץ לבדוק. תקנון מושלם פלטינום אינו מזכיר בדיקות Pap Smear, ממוגרפיה, או צפיפות עצם מעבר לתקנון הזהב. מקור: תקנון כללית מושלם פלטינום.","כסף · PROG14 · סעיף 18.2.1 — בדיקות שגרה מעבר לסל הבסיסי: ממוגרפיה ₪177.78, צפיפות עצם בירך ₪175.70, בירך ועמוד שדרה ₪241.59, סיגמואידוסקופיה ראשונה ₪178.23 / חוזרת ₪76.39. תקופת המתנה: 6 חודשים. מקור: תקנון מכבי כסף סעיף 18.2.1

זהב · PROG15 · סעיף 20.3.1 — זהה לכסף: ממוגרפיה ₪177.78, צפיפות עצם בירך ₪175.70, בירך ועמוד שדרה ₪241.59, סיגמו-אנדוסקופיה ראשונה ₪178.23 / חוזרת ₪76.38. תקופת המתנה: 6 חודשים. מקור: תקנון מכבי זהב סעיף 20.3.1

שלי · PROG16 · סעיף 18 — בדיקת סקר תקופתית. גיל 45 ומעלה, אחת ל-3 שנים, השתתפות עצמית ₪27.10. הבדיקה כוללת: ביקור רופא, בדיקות דם ושתן, א.ק.ג, ראייה, שמיעה, דם סמוי בצואה, ואחת מהבאות לפי בחירה: ארגומטריה / ממוגרפיה / גינקולוגיה / צפיפות עצם. תקופת המתנה: 6 חודשים. מקור: תקנון מכבי שלי סעיף 18","עדיף · PROG19 · זכאות: מבוטחי הקרן זכאים בהמלצת רופא הקופה לבדיקות מניעה הבאות, במכון מורשה בהסכם: (א) בדיקת דם סמוי בצואה למבוטח מתחת לגיל 50. (ב) בדיקת PAP לנשים מחוץ לזכאות הסל (מתחת לגיל 34 או מעל גיל 55) — השתתפות עצמית 43 ש""ח. (ג) ממוגרפיה מעבר לחוק — השתתפות עצמית 41 ש""ח. (ד) בדיקת צפיפות עצם מעבר לחוק — השתתפות עצמית 188 ש""ח. תכיפות: בדיקה אחת מכל סוג לכל שנתיים קלנדריות. תקופת המתנה: 6 חודשים. מקור: תקנון מאוחדת עדיף, סעיף 21.

שיא · PROG20 · מבוטחי שיא זכאים לבדיקות סקר תקופתיות נוספות (סעיף 8 בשיא): מבוטח מגיל 18 רשאי לבצע אחת לשנתיים סדרת בדיקות סקר, גם ללא נסיבות רפואיות המחייבות זאת. הבדיקות יבוצעו במרפאות הקופה בהשתתפות עצמית של 343 ש""ח לסדרה, או אצל ספק בהסכם בשיפוי 75% עד תקרה של 685 ש""ח. הסדרה כוללת: בדיקת רופא, שתן כללית, בדיקות דם ועוד. מהות השירות: מתווסף על עדיף. ללא תקופת המתנה. הערה: בדיקות PAP/ממוגרפיה/צפיפות עצם כפי שמפורט בעדיף (סעיף 21) חלות גם על מבוטחי שיא. מקור: תקנון מאוחדת שיא, סעיפים 8 (בדיקות סקר תקופתיות) ותקנון מאוחדת עדיף סעיף 21.","כסף · PROG24 · כיסוי שלושה סוגי בדיקות מעבר לחוק הבריאות: (1) בדיקת PAP — לעמיתה שגילה מוציא אותה מזכאות החוק, הפניית רופא קופה, במכון שבהסדר. השת""ע: ₪36. זכאות: אחת לשנתיים. אכשרה: 3 חודשים. (2) בדיקת ממוגרפיה — לעמיתה בגיל 35–47 (גילאי 48–74 מכוסים בחוק), הפניית רופא קופה, במכון שבהסדר. השת""ע: ₪87. זכאות: אחת לשנה. (3) בדיקת צפיפות עצם DEXA — מעבר לזכאות החוק, במכון שבהסדר. השת""ע: ₪125. בנוסף: בדיקת דם סמוי בצואה לגיל מתחת 50 — השת""ע ₪38. זכאות: אחת לשנתיים. מקור: תקנון לאומית כסף, פרק כ' סעיפים 2, 4, 5, 6.

זהב · PROG25 · כיסוי זהה לכסף בבדיקות PAP וממוגרפיה וצפיפות עצם (השתתפות עצמיות זהות: PAP ₪36, ממוגרפיה ₪87, צפיפות עצם DEXA ₪125). הבדל: בדיקת דם סמוי בצואה לגיל מתחת 50 — עמית זהב פטור מהשתתפות עצמית לחלוטין (כסף: ₪38). זכאויות: אחת לשנתיים / אחת לשנה כנ""ל. אכשרה: 3 חודשים לכל הבדיקות. מקור: תקנון לאומית זהב, פרק כ' סעיפים 2, 4, 5, 6.",מאוחדת שיא,
506,רפואה מונעת ובדיקות סקר,,קולונוסקופיה וירטואלית,"כלל מבוטחי השב""ן בקופות החולים (לפי תוכנית והקופה)","זכאות: מבוטח זכאי לבצע קולונוסקופיה וירטואלית גם במקרים שהקופה אינה חייבת במתן שירות זה מסל הבריאות הממלכתי, בבתי חולים בהסכם עם הקופה. השתתפות עצמית: 828 ש""ח לבדיקה. אישור מראש: נ",החזר/הטבה לקולונוסקופיה וירטואלית בין 290 ל-891 ₪,"זהב · PROG09 · קולונוסקופיה וירטואלית במכוני הסדר לעמית הזקוק לה לפי קביעה רפואית של רופא הכללית, מעבר לזכאות בסל הבסיסי. השתתפות עצמית: ₪500. תדירות: פעם בשנה קלנדרית. אכשרה: 6 חודשים. מקור: תקנון כללית מושלם זהב, פרק ה' סעיף 32.

פלטינום · PROG10 · אין מידע — מומלץ לבדוק. תקנון מושלם פלטינום אינו מזכיר קולונוסקופיה וירטואלית. מקור: תקנון כללית מושלם פלטינום.","כסף · PROG14 · אין מידע — מומלץ לבדוק. מקור: תקנון מכבי כסף

זהב · PROG15 · אין מידע — מומלץ לבדוק (לא נמצא בתקנון). מקור: תקנון מכבי זהב

שלי · PROG16 · סעיף 37 — בדיקת קולונוסקופיה וירטואלית לאבחון מוקדם סרטן המעי הגבוה (חדש). תנאים מצטברים: גיל 50–75, ללא גורמי סיכון, הפניה מרופא מכבי מומחה ברפואת משפחה או גסטרואנטרולוגיה, וזכאות לדם סמוי בצואה ובחר לבצע קולונוסקופיה לסקר. השתתפות עצמית ₪677.51. זכאות: אחת ל-5 שנים. תקופת המתנה: 6 חודשים. מקור: תקנון מכבי שלי סעיף 37","עדיף · PROG19 · זכאות: מבוטח זכאי לבצע קולונוסקופיה וירטואלית גם במקרים שהקופה אינה חייבת במתן שירות זה מסל הבריאות הממלכתי, בבתי חולים בהסכם עם הקופה. השתתפות עצמית: 828 ש""ח לבדיקה. אישור מראש: נדרש אישור אגף הרפואה של הקופה. מבוצע על בסיס טופס התחייבות מטעם הקופה. תקופת המתנה: 3 חודשים. מקור: תקנון מאוחדת עדיף, סעיף 30.

שיא · PROG20 · אין מידע — מומלץ לבדוק. תקנון מאוחדת שיא אינו כולל סעיף ייחודי לקולונוסקופיה וירטואלית נוסף על הקיים בעדיף. מבוטחי שיא נהנים מזכאות עדיף (828 ש""ח, בתי חולים בהסכם, אישור אגף הרפואה). מקור: תקנון מאוחדת שיא; תקנון מאוחדת עדיף סעיף 30.","כסף · PROG24 · כיסוי: הקופה משלמת ישירות למכון שבהסדר את מלוא עלות הבדיקה, בכפוף להשתתפות עצמית. בדיקת קולונוסקופיה וירטואלית ב-CT לאבחון מוקדם של סרטן המעי הגס. תנאים: עמית מעל גיל 40, הפנייה מרופא משפחה או גסטרואנטרולוג בקופה, זכאי על פי חוק הבריאות לקולונוסקופיה, ביצוע במכון שבהסדר. השת""ע: ₪434 לבדיקה. הערה לוותיקים: עמית שטרם מלאו לו 3 שנות חברות רצופות — השת""ע ₪891; לאחר 3 שנות חברות — ₪652. זכאות: אחת ל-5 שנים. אכשרה: 6 חודשים. אישור מראש: נדרשת הפניה מרופא קופה. מקור: תקנון לאומית כסף, פרק כ' סעיף 3.

זהב · PROG25 · כיסוי: הקופה משלמת ישירות למכון שבהסדר, בכפוף להשתתפות עצמית נמוכה יותר מכסף. תנאים: עמית מעל גיל 40, הפנייה מרופא משפחה/גסטרואנטרולוג קופה, זכאי על פי חוק הבריאות לקולונוסקופיה, ביצוע במכון שבהסדר. השת""ע: ₪290 לבדיקה (גם לוותיקים וגם לחדשים — ₪509 לחדשים מתחת ל-3 שנות חברות ו-₪319 לוותיקים). זכאות: אחת ל-5 שנים. אכשרה: 6 חודשים. אישור מראש: נדרשת הפניה מרופא קופה. מקור: תקנון לאומית זהב, פרק כ' סעיף 3.",מאוחדת עדיף,
507,רפואה מונעת ובדיקות סקר,,אבחון גנטי מתקדם לסרטן (BRCA/Lynch),"כלל מבוטחי השב""ן בקופות החולים (לפי תוכנית והקופה)","זכאות: מבוטח שיא זכאי לבדיקה חד-פעמית לגילוי גנים סרטניים של סרטן השד, סרטן מעי הגס ו/או סרטן השחלות שאינם כלולים בסל הממלכתי, על פי המלצת רופא גנטיקאי. הבדיקה מבוצעת בבתי חולים צי",החזר/הטבה לאבחון גנטי מתקדם לסרטן (BRCA/Lynch) בין 99 ל-521 ₪,"זהב · PROG09 · אין מידע — מומלץ לבדוק. תקנון כללית מושלם זהב אינו מזכיר בדיקות גנטיות BRCA/Lynch במפורש בפרק ה' שנסרק. מקור: תקנון כללית מושלם זהב.

פלטינום · PROG10 · אין מידע — מומלץ לבדוק. תקנון מושלם פלטינום אינו מזכיר בדיקות גנטיות BRCA/Lynch. מקור: תקנון כללית מושלם פלטינום.","כסף · PROG14 · אין מידע — מומלץ לבדוק. מקור: תקנון מכבי כסף

זהב · PROG15 · סעיף 28.2 — בדיקת נשאות BRCA1/2 לסרטן שד ושחלה, במקרים שאינם בסל הבסיסי, לאחר ייעוץ גנטי. מתבצע במרפאות בהסכם. השתתפות עצמית ₪345.55. ללא תקופת המתנה. (סעיף 28.1.3 — בדיקת ""דור ישרים"" להיסטוריה משפחתית ₪206.18.) מקור: תקנון מכבי זהב סעיף 28.2

שלי · PROG16 · אין מידע — מומלץ לבדוק. מקור: תקנון מכבי שלי","עדיף · PROG19 · אין מידע — מומלץ לבדוק. תקנון מאוחדת עדיף כולל סעיף בדיקות גנטיות (סעיף 20) עבור מחלות ספציפיות (תסמונת Usher, ML4, GSD1, נימן פיק, פנקוני, בלום, Nemaline, MSUD, אטקסיה טלאנג׳יאטקזיה) בהשתתפות עצמית 99 ש""ח לבדיקה, אך BRCA1/2 ו-Lynch אינם מוזכרים ברשימה. מומלץ לבדוק עם הקופה. מקור: תקנון מאוחדת עדיף, סעיף 20.

שיא · PROG20 · זכאות: מבוטח שיא זכאי לבדיקה חד-פעמית לגילוי גנים סרטניים של סרטן השד, סרטן מעי הגס ו/או סרטן השחלות שאינם כלולים בסל הממלכתי, על פי המלצת רופא גנטיקאי. הבדיקה מבוצעת בבתי חולים ציבוריים או במכון בהסכם עם הקופה. זכאות BRCA1/BRCA2: לנשים שאינן זכאיות לבדיקה מהסל הממלכתי בלבד. השתתפות עצמית: 308 ש""ח לכל בדיקה. מהות השירות: מתווסף על עדיף. תקופת המתנה: 3 חודשים. אישור מראש: נדרשת המלצת רופא גנטיקאי והרופא המטפל מטעם הקופה. מקור: תקנון מאוחדת שיא, סעיף 9.","כסף · PROG24 · כיסוי: הקופה משלמת ישירות למכון שבהסדר, בכפוף להשתתפות עצמית, לאבחון גנטי לגילוי גנים סרטניים. (1) בדיקה לסרטן המעי הגס (Lynch) — השת""ע ₪319. (2) בדיקה לסרטן השד/שחלות (BRCA1/2) — השת""ע ₪363. (3) בדיקה משולבת לשני הסוגים — השת""ע ₪521. תנאי זכאות: הפנייה מרופא קופה; קרוב משפחה ביולוגי מדרגה ראשונה (הורים/אחים/ילדים) חלה במחלה מהמנויות; העמית אינו זכאי בסל הבסיסי. הכיסוי חד-פעמי לכל תקופת ההסכם. אכשרה: 6 חודשים. אישור מראש: הפניית רופא קופה. מקור: תקנון לאומית כסף, פרק כ""ב.

זהב · PROG25 · כיסוי: זהה לכסף בשיעורי השתתפות עצמית (₪319 / ₪363 / ₪521 בהתאם לסוג הבדיקה). תנאים, הגבלות וכיסוי חד-פעמי — זהים לכסף. אכשרה: 6 חודשים. אישור מראש: הפניית רופא קופה. מקור: תקנון לאומית זהב, פרק כ""ב.",מאוחדת שיא,
508,רפואה מונעת ובדיקות סקר,,בדיקה גנטית עוברית מתקדמת (CMA/NIPT/CVS),"כלל מבוטחי השב""ן בקופות החולים (לפי תוכנית והקופה)","זכאות: מבוטחת שיא זכאית לביצוע בדיקת NIPT (בדיקה גנטית מדם האם לגילוי טריזומיות) אחת לכל היריון, לאיתור מומים מולדים (טריזומיות) בחינת החומר הגנטי של העובר. החזר: 75% מעלות הבדיקה ","החזר/הטבה לבדיקה גנטית עוברית מתקדמת (CMA/NIPT/CVS) בין 171 ל-5,190 ₪","זהב · PROG09 · אין מידע — מומלץ לבדוק. תקנון כללית מושלם זהב מכסה בדיקת מי שפיר/סיסי שיליה לנשים עד גיל 34 (₪800 השתתפות עצמית, החזר 75% עד ₪1,440), אולם CMA/NIPT/CVS ספציפיים אינם מוזכרים בנפרד בנושא הייחודי הזה. מקור: תקנון כללית מושלם זהב, פרק ה' סעיף 13.

פלטינום · PROG10 · אין מידע — מומלץ לבדוק. תקנון מושלם פלטינום אינו מזכיר בדיקות CMA/NIPT/CVS. מקור: תקנון כללית מושלם פלטינום.","כסף · PROG14 · אין מידע — מומלץ לבדוק. מקור: תקנון מכבי כסף

זהב · PROG15 · סעיף 29.1 — בדיקת CMA (מי שפיר עם שבב ציטוגנטי) לנשים מתחת לגיל 32 שאינן זכאיות בסל הבסיסי: ₪937.97 אצל ספק בהסכם, או החזר 80% עד ₪1,650.95 שלא בהסכם. סעיף 29.2 — בדיקת CVS (סיסי שיליה) שלא בסל: עד ₪1,660.88. ללא תקופת המתנה. מקור: תקנון מכבי זהב סעיפים 29.1–29.2

שלי · PROG16 · סעיף 12 — הנחה של 50% על חלקה של מכבי זהב בסעיף 29.1(א) בגין בדיקת CMA. מקור: תקנון מכבי שלי סעיף 12","עדיף · PROG19 · תקנון מאוחדת עדיף כולל בדיקות גנטיות כלליות (סעיף 20) אך אינו מזכיר NIPT, CMA או CVS במפורש. בדיקות גילוי מוקדם של מומים מולדים אצל העובר קיימות בסעיף 13 בעדיף — מומלץ לבדוק. אין מידע מפורש על NIPT/CMA/CVS בעדיף — מומלץ לבדוק. מקור: תקנון מאוחדת עדיף, סעיף 13.

שיא · PROG20 · זכאות: מבוטחת שיא זכאית לביצוע בדיקת NIPT (בדיקה גנטית מדם האם לגילוי טריזומיות) אחת לכל היריון, לאיתור מומים מולדים (טריזומיות) בחינת החומר הגנטי של העובר. החזר: 75% מעלות הבדיקה עד תקרה של 5,190 ש""ח לבדיקה. בנוסף: מבוטחת שיא זכאית לסקירת מערכות עובר מוקדמת מעבר לסל, פעם אחת בכל היריון בהשתתפות עצמית של 171 ש""ח. מהות השירות: מתווסף על עדיף. תקופת המתנה: לבדיקות גנטיות לגילוי מומים — שנה. לסקירת מערכות — לא נדרשת. אישור מראש: לא פורט כתנאי מפורש. מקור: תקנון מאוחדת שיא, סעיף 17.2.","כסף · PROG24 · אין מידע — מומלץ לבדוק. תקנון לאומית כסף אינו מציין בדיקות גנטיות עובריות מתקדמות מסוג CMA, NIPT או CVS. ניתן לפנות לסניפי הקופה לבדיקת קיום כיסוי.

זהב · PROG25 · אין מידע — מומלץ לבדוק. תקנון לאומית זהב אינו מציין בדיקות גנטיות עובריות מתקדמות מסוג CMA, NIPT או CVS. (פרק ט""ו מציין בדיקת סיסי שיליה CVS — ראה להלן; CVS מכוסה בתקנון ולא NIPT/CMA). הערה: בדיקת סיסי שיליה (CVS) מכוסה בפרק ט""ו — השת""ע ₪434 (כסף) / ₪1,737 שיפוי מקסימלי שלא בהסדר. מומלץ לבדוק את מלוא פרטי הכיסוי ב-CVS מול קופה.",מאוחדת שיא,
509,רפואה מונעת ובדיקות סקר,,בדיקות מעבדה מיוחדות (RAST/קרישיות),"כלל מבוטחי השב""ן בקופות החולים (לפי תוכנית והקופה)","הטבת שב""ן בנושא בדיקות מעבדה מיוחדות (RAST/קרישיות)",החזר/הטבה לבדיקות מעבדה מיוחדות (RAST/קרישיות) בין 51 ל-781 ₪,"זהב · PROG09 · אין מידע — מומלץ לבדוק. תקנון כללית מושלם זהב אינו מזכיר בדיקות RAST לאלרגיות או בדיקות קרישיות יתר (MTHFR, Factor II, Factor V Leiden) בפרקים שנסרקו. מקור: תקנון כללית מושלם זהב.

פלטינום · PROG10 · אין מידע — מומלץ לבדוק. תקנון מושלם פלטינום אינו מזכיר בדיקות RAST או קרישיות. מקור: תקנון כללית מושלם פלטינום.","זהב · PROG15 · סעיף 20.3.2 — בדיקת RAST במתקני מכבי בהשתתפות עצמית ₪241.38. תקופת המתנה: 6 חודשים. מקור: תקנון מכבי זהב סעיף 20.3.2

שלי · PROG16 · אין מידע — מומלץ לבדוק. מקור: תקנון מכבי שלי

כסף · PROG14 · סעיף 18.2.2 — בדיקת RAST (בדיקת אלרגיה בדם לאנטיגנים) במתקני מכבי בהשתתפות עצמית ₪241.38. תקופת המתנה: 6 חודשים. מקור: תקנון מכבי כסף סעיף 18.2.2","עדיף · PROG19 · אין מידע — מומלץ לבדוק. תקנון מאוחדת עדיף אינו כולל סעיף ייחודי לבדיקות RAST (אלרגיה) או בדיקות קרישיות (MTHFR, Factor II, Factor V Leiden) שלא בסל. מקור: תקנון מאוחדת עדיף.

שיא · PROG20 · אין מידע — מומלץ לבדוק. תקנון מאוחדת שיא אינו כולל סעיף ייחודי לבדיקות RAST או קרישיות מחוץ לסל. מקור: תקנון מאוחדת שיא.","כסף · PROG24 · כיסוי: הקופה משלמת ישירות למכון שבהסדר. הבדיקות המכוסות: (1) בדיקות קרישיות יתר — DNA MTHFR, DNA Factor II, DNA Factor V Leiden — השת""ע: ₪146 לכל אחת. (2) בדיקות רגישות למזון ואלרגיה בשיטת RAST: מבחן מזון מורחב 7 קבוצות — ₪702; מבחן מזון רגיל 4 קבוצות — ₪376; מבחן אלרגיה עונתית 6 אלרגנים — ₪507; מבחן כלל-עונתי — ₪781; מבחן אלרגיה לילדים 4 אלרגנים — ₪438; קבוצת אלרגנים אחת — ₪94; אלרגן בודד — ₪95. תנאי זכאות: הפנייה מרופא מומחה בקופה. בדיקות קרישיות — פעם אחת בתקופת ההסכם. בדיקות RAST — פעם אחת בשנה. אכשרה: 6 חודשים. אישור מראש: הפניית רופא מומחה. מקור: תקנון לאומית כסף, פרק כ""א.

זהב · PROG25 · כיסוי: זהה לכסף בסוג הבדיקות, אך ההשתתפויות העצמיות נמוכות יותר. בדיקות קרישיות — DNA MTHFR, DNA Factor II, DNA Factor V Leiden — השת""ע: ₪122 לכל אחת (חיסכון ₪24 לעומת כסף). בדיקות RAST: מבחן מזון מורחב 7 קבוצות — ₪424; מבחן מזון רגיל 4 קבוצות — ₪232; מבחן אלרגיה עונתית — ₪304; מבחן כלל-עונתי — ₪477; מבחן ילדים — ₪260; קבוצת אלרגנים אחת — ₪57; אלרגן בודד — ₪51. תנאי זכאות, זכאות ואכשרה — זהים לכסף. מקור: תקנון לאומית זהב, פרק כ""א.",טעון השוואה פרטנית,
510,רפואה מונעת ובדיקות סקר,,בדיקות רפואיות לספורטאים (חוק הספורט),"כלל מבוטחי השב""ן בקופות החולים (לפי תוכנית והקופה)","הטבת שב""ן בנושא בדיקות רפואיות לספורטאים (חוק הספורט)",החזר/הטבה לבדיקות רפואיות לספורטאים (חוק הספורט) בין 50 ל-111 ₪,"זהב · PROG09 · בדיקות רפואיות חובה לספורטאים על פי חוק הספורט, במרפאות הסדר בלבד: השתתפות עצמית ₪50 לבדיקה; אכשרה: 3 חודשים. מקור: תקנון כללית מושלם זהב (פרק ה', סעיף 36).

פלטינום · PROG10 · אין מידע — מומלץ לבדוק. הנושא לא מופיע בתקנון הפלטינום; ייתכן שהכיסוי מזהב נשמר — מומלץ לברר מול כללית מושלם. מקור: תקנון כללית מושלם פלטינום.","כסף · PROG14 · §19 — בדיקת כשירות לפעילות ספורטיבית בתחנות לרפואת ספורט מוכרות ע""י משרד הבריאות: החזר 50% עד ₪110.84 לבדיקה כוללת ארגומטריה; החזר 50% עד ₪47.70 לבדיקה ללא ארגומטריה. פעם בשנה. ללא תקופת המתנה. מקור: תקנון מכבי כסף, §19.

זהב · PROG15 · §21 — זהה לכסף: בדיקת כשירות לפעילות ספורטיבית בתחנות מוכרות ע""י משרד הבריאות: החזר 50% עד ₪110.84 עם ארגומטריה; 50% עד ₪47.70 ללא ארגומטריה. פעם בשנה. ללא תקופת המתנה. מקור: תקנון מכבי זהב, §21.

שלי · PROG16 · אין מידע על בדיקות ספורט/חוק הספורט בתקנון מכבי שלי — מומלץ לבדוק. מקור: תקנון מכבי שלי.","עדיף · PROG19 · סעיף 23 לתקנון מאוחדת עדיף — רפואת ספורט: מבוטח זכאי לביצוע בדיקות לספורטאים (בדיקת אחוזי שומן, ספירומטריה, ארגומטריה, וסף חומצת חלב) אצל ספקים בהסדר עם הקופה, בהשתתפות עצמית של ₪45 לבדיקה. הכיסוי אינו מתייחס במפורש ל""חוק הספורט"" — מדובר בבדיקות פיזיולוגיות בלבד. בדיקות חובה לפי חוק הספורט — אין מידע — מומלץ לבדוק. אכשרה: לא נדרשת. אישור מראש: לא נדרש. מקור: תקנון מאוחדת עדיף, סעיף 23.

שיא · PROG20 · מאוחדת שיא אינה כוללת סעיף נפרד לרפואת ספורט — הזכאות מכוח תקנון מאוחדת עדיף (סעיף 23): בדיקות לספורטאים (אחוזי שומן, ספירומטריה, ארגומטריה, וסף חומצת חלב) — ₪45 לבדיקה אצל ספק בהסדר. בנוסף, שיא מציע שיקום פציעות ספורט (סעיף 26 לתקנון שיא): עד 20 פגישות לשנה בהשתתפות עצמית ₪58 לטיפול (אחרי 12 חודשי אכשרה). בדיקות חוק הספורט — אין מידע — מומלץ לבדוק. מקור: תקנון מאוחדת עדיף, סעיף 23; תקנון מאוחדת שיא, סעיף 26.","כסף · PROG24 · בדיקות לספורטאים (פרק ל""ה — רפואת ספורט): ביצוע בדיקת ספורט במכון שבהסדר. | בדיקת ספורט לילד (מתחת לגיל 17 — כולל בדיקת רופא ובדיקת א.ק.ג.): השתתפות עצמית ₪56 לבדיקה. | בדיקת ספורט למבוגר (מגיל 17 ומעלה — כולל בדיקת רופא וארגומטריה): השתתפות עצמית ₪108 לבדיקה. | בדיקת כשירות לצלילה/תעופה/צניחה: השתתפות עצמית ₪72. | שיקום פציעות ספורט: עד 36 טיפולים למקרה, השתתפות עצמית ₪65 לטיפול. | אכשרה: ללא תקופת אכשרה לסעיפים 1–3. | הכיסוי הוא מעבר לזכאות חוק הבריאות. | אין דרישת אישור מראש למפורש. | מקור: תקנון לאומית כסף, פרק ל""ה סעיפים 1–3.

זהב · PROG25 · בדיקות לספורטאים (פרק ל""ה — רפואת ספורט): ביצוע בדיקת ספורט במכון שבהסדר. | בדיקת ספורט לילד: השתתפות עצמית ₪56 לבדיקה (זהה לכסף). | בדיקת ספורט למבוגר: השתתפות עצמית ₪108 לבדיקה (זהה לכסף). | בדיקת כשירות לצלילה/תעופה/צניחה: השתתפות עצמית ₪58 (מופחתת לעומת כסף). | שיקום פציעות ספורט: עד 36 טיפולים למקרה, השתתפות עצמית ₪65 לטיפול (זהה). | בנוסף: אימון כושר אישי בבית העמית — 12 אימונים בתקופת הסכם, השתתפות עצמית ₪30 לטיפול (ייחודי לזהב). | אכשרה: ללא תקופת אכשרה לסעיפים 1–3; 6 חודשים לאימון כושר/ייעוץ תזונה בבית. | מקור: תקנון לאומית זהב, פרק ל""ה.",טעון השוואה פרטנית,
511,רפואה מונעת ובדיקות סקר,,בדיקת נשאות גנטית טרום-הריון (דור ישרים),"כלל מבוטחי השב""ן בקופות החולים (לפי תוכנית והקופה)","הטבת שב""ן בנושא בדיקת נשאות גנטית טרום-הריון (דור ישרים)","החזר/הטבה לבדיקת נשאות גנטית טרום-הריון (דור ישרים) בין 94 ל-1,114 ₪","זהב · PROG09 · בדיקות גנטיות בדור ישרים: השתתפות עצמית ₪250, זכאות פעם אחת בלבד; אכשרה: לא צוין. מקור: תקנון כללית מושלם זהב (פרק ה', סעיף 15).

פלטינום · PROG10 · אין מידע — מומלץ לבדוק. הנושא לא מופיע בתקנון הפלטינום; ייתכן שהכיסוי מזהב נשמר — מומלץ לברר מול כללית מושלם. מקור: תקנון כללית מושלם פלטינום.","כסף · PROG14 · אין מידע על כיסוי ייחודי לבדיקות דור ישרים בתקנון מכבי כסף — מומלץ לבדוק. מקור: תקנון מכבי כסף.

זהב · PROG15 · §28.1.3 — השתתפות עצמית מופחתת של ₪206.18 בלבד עבור חבילת בדיקות דור ישרים (בדיקות נשאות גנטית טרום-הריון), המתבצעת אצל ספק בהסכם עם מכבי. ההנחה חלה על עלות החבילה ולא תחול על תוספות תשלום (כגון האצת טיפול). ללא תקופת המתנה. מקור: תקנון מכבי זהב, §28.1.3.

שלי · PROG16 · אין מידע על כיסוי ייחודי לבדיקות דור ישרים בתקנון מכבי שלי — מומלץ לבדוק. מקור: תקנון מכבי שלי.","עדיף · PROG19 · סעיף 20 לתקנון מאוחדת עדיף — בדיקות גנטיות: מבוטח זכאי לבדיקה חד-פעמית לגילוי נשאות של מחלות (USHER I, ML4, GSD1, נימן פיק, פנקוני, בלום, Nemaline, MSUD, אטקסיה טלאנג'יאטקזיה). הבדיקות במכון בהסכם, על פי המלצת רופא גנטיקאי. השתתפות עצמית: ₪99 לבדיקה. במכוני דור ישרים — השתתפות עצמית 30% ממחיר הבדיקה, ולא יותר מ-₪173 לבדיקה. בחירה במכון שאינו בהסכם — החזר 80% עד תקרה כוללת ₪1,114 לכל הבדיקות. הזכאות פעם אחת לכל תקופת הביטוח. אכשרה: לא נדרשת. אישור מראש: המלצת רופא גנטיקאי מטעם הקופה. מקור: תקנון מאוחדת עדיף, סעיף 20.

שיא · PROG20 · מאוחדת שיא מוסיפה (סעיף 9 לתקנון שיא — בדיקות אונקוגנטיות): בדיקה חד-פעמית לגילוי גנים סרטניים (BRCA1/BRCA2 לסרטן שד, מעי גס, שחלות) שאינם בסל, השתתפות עצמית ₪308 לבדיקה, אחרי 3 חודשי אכשרה, בבית חולים ציבורי או מכון בהסכם, בהמלצת רופא מטעם הקופה. בנוסף, חלה גם הזכאות מסעיף 20 לתקנון עדיף (נשאות מחלות תורשתיות כולל דור ישרים — ₪173 מקסימום). אישור מראש: כן. מקור: תקנון מאוחדת שיא, סעיף 9; תקנון מאוחדת עדיף, סעיף 20.","כסף · PROG24 · בדיקות גנטיות לשלילת מומים מולדים (פרק י""ג): כיסוי לבדיקות גילוי מחלות גנטיות ברשימה (כולל טיי-זקס, נימן-פיק, פנקוני, בלום, אשר, ז'וברט ועוד). | בדיקה במכון הסדר: השתתפות עצמית ₪172 לבדיקה. | בדיקה במכון 'דור ישרים': שיפוי 80% עד תקרה ₪217. | בדיקה במכון שאינו הסדר: אין כיסוי. | זכאות: פעם אחת בתקופת חברות לכל בדיקה בנפרד. | תנאי: העמית אינו זכאי לבדיקה על פי חוק הבריאות. | אכשרה: ללא תקופת אכשרה. | אישור מראש: לא נדרש מפורש. | מקור: תקנון לאומית כסף, פרק י""ג.

זהב · PROG25 · בדיקות גנטיות לשלילת מומים מולדים (פרק י""ג): | בדיקה במכון הסדר: השתתפות עצמית ₪94 לבדיקה (מופחתת לעומת כסף). | בדיקה במכון 'דור ישרים': שיפוי 80% עד תקרה ₪798 (גבוה משמעותית מכסף). | בדיקה במכון שאינו הסדר: שיפוי 80% עד תקרה ₪870 (ייחודי לזהב; בתנאי ביצוע לפחות 4 בדיקות). | זכאות: פעם אחת בתקופת חברות לכל בדיקה בנפרד. | תנאי: העמית אינו זכאי לבדיקה על פי חוק הבריאות. | אכשרה: ללא תקופת אכשרה. | אישור מראש: לא נדרש מפורש. | מקור: תקנון לאומית זהב, פרק י""ג.",טעון השוואה פרטנית,
512,רפואה מונעת ובדיקות סקר,,חיסונים מיוחדים (עולי רגל/מכה),"כלל מבוטחי השב""ן בקופות החולים (לפי תוכנית והקופה)","הטבת שב""ן בנושא חיסונים מיוחדים (עולי רגל/מכה)",החזר/הטבה לחיסונים מיוחדים (עולי רגל/מכה) בין 50 ל-231 ₪,"זהב · PROG09 · חיסונים ללא השתתפות עצמית לעמיתים הנוסעים למכה בהתאם להנחיות משרד הבריאות, במרפאות הכללית; אין חיסונים לנוסעים למכה במכוני הסדר. אכשרה: לא צוין. מקור: תקנון כללית מושלם זהב (פרק ה', סעיף 35).

פלטינום · PROG10 · חיסונים לנוסעים לחו""ל (כולל מכה) במכוני הסדר בלבד; ייעוץ רפואי ₪11; השתתפות עצמית לפי החיסון: פוליו ₪7, Boostrix+Polio ₪10, טטנוס ₪18, MMR ₪19, טיפוס הבטן/אבריקס/נימנריקס/כלבת/דלקת קרום מוח/הפטריקס/צהבת B/קדחת צהובה/TICOVAC — ₪20 כל אחד; גמגלובולין ₪14; Boostrix ₪20. אכשרה: לא צוין בפרק זה. מקור: תקנון כללית מושלם פלטינום (נספח ב', סעיף 6).","כסף · PROG14 · §17 — חיסונים למטיילים בחו""ל במרפאת מטיילים בהסכם: כיסוי עלות הייעוץ והחיסונים בכפוף לתשלום השתתפות עצמית לפי נספח ד'. השתתפויות עצמיות לדוגמה (מעודכן 1.1.2026): דמי רישום/ייעוץ ₪56.86; כל חיסון כגון טטנוס ₪27.09, קדחת צהובה ₪99.83, כלבת ₪46.76, TBE ₪231.27. חיסון למכה/עולי רגל לא מוזכר בפירוט (יש לברר עם מכבי). ללא תקופת המתנה. מקור: תקנון מכבי כסף, §17 ונספח ד'.

זהב · PROG15 · §19 — חיסונים למטיילים בחו""ל במרפאת מטיילים בהסכם: כיסוי עלות הייעוץ והחיסונים בכפוף להשתתפות עצמית לפי נספח ה'. השתתפויות עצמיות (מעודכן 1.1.2026 ו-1.2.2026): דמי רישום/ייעוץ ₪55.86; טטנוס ₪27.09, קדחת צהובה ₪99.83, כלבת ₪46.76, TBE ₪231.27. חיסון למכה/עולי רגל לא מוזכר בנפרד (יש לברר). ללא תקופת המתנה. מקור: תקנון מכבי זהב, §19 ונספח ה'.

שלי · PROG16 · §19 — משופר חלופי: מבוטח מכבי שלי זכאי לחיסונים לחו""ל במרפאת מטיילים בהסכם. עלות הייעוץ הרפואי מכוסה במלואה (ללא השתתפות עצמית של המבוטח). השתתפות עצמית ₪27.09 לכל חיסון בלבד. תקופת המתנה 6 חודשים. חיסון למכה/עולי רגל לא מוזכר בנפרד — מומלץ לבדוק. מקור: תקנון מכבי שלי, §19.","עדיף · PROG19 · סעיפים 6-7 לתקנון מאוחדת עדיף — חיסונים לנוסעים לחו""ל: מבוטח זכאי לייעוץ רפואי ולחיסונים הדרושים לפני כל נסיעה לחו""ל לפי הוראות משרד הבריאות, בתשלום השתתפות עצמית במרפאות בהסכם (ראה נספח ז'). חיסונים ייעודיים לעולי רגל/נוסעים למכה (חיסון נגד מנינגוקוק, חיסוני עטיפת המוח וכדומה) — מופיעים בנספח ז' של הקופה כחיסוני נסיעות. כיסוי חיסונים ספציפיים ל""חוק הספורט"" או לעולי רגל ללא תשלום — אין מידע מפורש — מומלץ לבדוק. אכשרה: לא נדרשת. אישור מראש: לא נדרש. מקור: תקנון מאוחדת עדיף, סעיפים 6-7.

שיא · PROG20 · מאוחדת שיא חלה גם על חיסוני נסיעות כמו עדיף (נספח ח' לתקנון שיא). חיסוני נסיעות לפי הוראות משרד הבריאות (כולל חיסוני מנינגוקוק הרלוונטיים לנוסעים למכה) — בהשתתפות עצמית במרפאות בהסכם. חיסונים ספציפיים לעולי רגל ללא תשלום — אין מידע — מומלץ לבדוק. אכשרה: לא נדרשת. אישור מראש: לא נדרש. מקור: תקנון מאוחדת שיא, נספח ח'; תקנון מאוחדת עדיף, סעיפים 6-7.","כסף · PROG24 · חיסונים לנוסעים לחו""ל (פרק כ""ז): קבלת יעוץ רפואי וחיסונים במרפאת מטיילים שבהסדר. הקופה נושאת במלוא עלות היעוץ והחיסונים בכפוף להשתתפות עצמית. דמי רישום/ייעוץ: ₪35. חיסונים בהשתתפות עצמית לפי רשימה (לדוגמה: מנינגיטיס — ₪50, צהבת A — ₪50, טיפוס — ₪30, כלבת — ₪30, קדחת צהובה — ₪80 ועוד). | חיסונים ספציפיים למכה (חיסון מנינגיטיס — נדרש לעולי הרג'): מכוסים כחלק מהרשימה. | אכשרה: ללא תקופת אכשרה. | אישור מראש: לא נדרש. | מקור: תקנון לאומית כסף, פרק כ""ז.

זהב · PROG25 · חיסונים לנוסעים לחו""ל (פרק כ""ז): זהה לכסף בתנאי הכיסוי הבסיסיים. השתתפות עצמית מופחתת בחלק מהחיסונים (לדוגמה: מנינגיטיס — ₪20 לעומת ₪50 בכסף; קדחת צהובה — ₪20 לעומת ₪80 בכסף; כלבת — ₪20). דמי רישום/ייעוץ: ₪35 (זהה לכסף). | חיסוני מכה: מכוסים כחלק מהרשימה בהשתתפות עצמית מופחתת. | אכשרה: ללא תקופת אכשרה. | אישור מראש: לא נדרש. | מקור: תקנון לאומית זהב, פרק כ""ז.",טעון השוואה פרטנית,
513,רפואה מונעת ובדיקות סקר,,בדיקות Pap Smear (משטח צוואר הרחם) — החזר שנתי,"כלל מבוטחי השב""ן בקופות החולים (לפי תוכנית והקופה)","הטבת שב""ן בנושא בדיקות Pap Smear (משטח צוואר הרחם) — החזר שנתי",החזר/הטבה לבדיקות Pap Smear (משטח צוואר הרחם) — החזר שנתי עד 64 ₪,"זהב · PROG09 · מכוסה — החזר פעם בשנה קלנדרית עד ₪64; בדיקה אצל רופאי כללית במרפאות עצמאיות; ללא השתתפות עצמית מפורטת (מוחזר עד ₪64). פרק ה' סעיף 33

פלטינום · PROG10 · ככל מושלם זהב — לא נוסף כיסוי בנספח פלטינום. החזר פעם בשנה קלנדרית עד ₪64 (פרק ה' סעיף 33)","כסף · PROG14 · אין מידע — מומלץ לבדוק

זהב · PROG15 · אין מידע — מומלץ לבדוק

שלי · PROG16 · אין מידע — מומלץ לבדוק","עדיף · PROG19 · סעיף 21 — בדיקות מניעה: בדיקת משטח צוואר הרחם (PAP) לנשים שאינן זכאיות בסל הבריאות הממלכתי — מתחת גיל 34 או מעל גיל 55; השתתפות עצמית ₪43 לבדיקה; תדירות: אחת לשנתיים. תקופת המתנה 6 חודשים.

שיא · PROG20 · אין מידע — מומלץ לבדוק","כסף · PROG24 · כן — פרק כ' ס' 4: בדיקת משטח צוואר הרחם (PAP) למי שאינה זכאית לפי חוק, בהפניית רופא קופה, במכון שבהסדר. השתתפות עצמית ₪36 לבדיקה. תדירות: אחת לשנתיים. תקופת אכשרה 3 חודשים.

זהב · PROG25 · כן — פרק כ' ס' 4: בדיקת PAP לעמיתה שאינה זכאית לפי חוק, בהפניית רופא קופה, במכון שבהסדר. השתתפות עצמית ₪36 לבדיקה. תדירות: אחת לשנתיים. תקופת אכשרה 3 חודשים.",טעון השוואה פרטנית,
514,רפואה מונעת ובדיקות סקר,,"בדיקות גנטיות לגילוי נשאות מחלות תורשתיות נדירות (USHER, ML4, נימן פיק, פנקוני, בלום ועוד)","כלל מבוטחי השב""ן בקופות החולים (לפי תוכנית והקופה)","כן — פרק י""ג ס' 3.1.2: אותה רשימת מחלות. מכון הסדר: השתתפות עצמית ₪94 לבדיקה. בנוסף: מכון שאינו הסדר — שיפוי 80% מהוצאות עד תקרה ₪870 (בתנאי לפחות 4 בדיקות). מכון דור ישרים — שיפוי","החזר/הטבה לבדיקות גנטיות לגילוי נשאות מחלות תורשתיות נדירות (USHER, ML4, נימן פיק, פנקוני, בלום ועוד) בין 94 ל-870 ₪","זהב · PROG09 · אין מידע — מומלץ לבדוק

פלטינום · PROG10 · אין מידע — מומלץ לבדוק","זהב · PROG15 · סעיף 28.1.3: בדיקות נשאות גנטיות במסגרת דור ישרים – השתתפות עצמאית ₪206.18 לחבילת בדיקות הספק. בדיקת נשאות BRCA1/BRCA2 שאינן מכוסות בסל – ה..ע. ₪345.55 במרפאות הסכם (28.2)

כסף · PROG14 · אין מידע — מומלץ לבדוק

שלי · PROG16 · אין מידע לבדיקות נשאות USHER/ML4/פנקוני/בלום. BRCA1/BRCA2 נכללת במכבי זהב (בסעיף 28.2 של זהב) ומכבי שלי יורש אתה — מומלץ לבדוק","עדיף · PROG19 · סעיף 20 — בדיקות גנטיות: זכאי לבדיקות נשאות למחלות: USHER סוג I, ML4, GSD1, נימן פיק, פנקוני, בלום, מיופתיה Nemaline, MSUD, אטקסיה טלאנג׳יאטקזיה. השתתפות עצמית ₪99 לבדיקה; זכאיות חד פעמית לכל בדיקה לכל תקופת ביטוח. במוסד דור ישרים: השתתפות עצמית 30% ממחיר בדיקה, עד תקרה ₪173 לבדיקה.

שיא · PROG20 · אין מידע — מומלץ לבדוק (מאוחדת שיא מוסיף שירותים על עדיף, אין סעיף נפרד לבדיקות גנטיות נשאות בתקנון שיא)","כסף · PROG24 · כן — פרק י""ג ס' 3.1.1: בדיקות גנטיות לשלילת מומים מולדים — רשימת מחלות כוללת: נשאות אטקסיה טלנגנטקזיה, NIEMAN PICK, פנקוני A/C, בלום, אשר סינדרום (USHER), NEMALINE MYOPATHY, MSUD (סירופ מייפל), DYSFERLIN, MLC, GSD1, קונקסין, ז'וברט, ML4. מכון הסדר: השתתפות עצמית ₪172 לבדיקה. פעם אחת לתקופת הסכם לכל בדיקה בנפרד. ללא תקופת אכשרה.

זהב · PROG25 · כן — פרק י""ג ס' 3.1.2: אותה רשימת מחלות. מכון הסדר: השתתפות עצמית ₪94 לבדיקה. בנוסף: מכון שאינו הסדר — שיפוי 80% מהוצאות עד תקרה ₪870 (בתנאי לפחות 4 בדיקות). מכון דור ישרים — שיפוי 80% עד ₪798. פעם אחת לתקופת הסכם. ללא תקופת אכשרה.",לאומית זהב,
515,רפואה מונעת ובדיקות סקר,,"בדיקות גנטיות לנשאות מחלות ספציפיות (פנקוני, ML4, נימן פיק, AT, אשר, גליקוגן, בלום, JOUBERT, MSUD)","כלל מבוטחי השב""ן בקופות החולים (לפי תוכנית והקופה)","כן — פרק י""ג ס' 3.1.2: אותה רשימת מחלות. השתתפות עצמית ₪94 לבדיקה במכון הסדר. בנוסף: מכון שאינו הסדר — שיפוי 80% עד תקרה ₪870 (לפחות 4 בדיקות); מכון דור ישרים — שיפוי 80% עד ₪798. ","החזר/הטבה לבדיקות גנטיות לנשאות מחלות ספציפיות (פנקוני, ML4, נימן פיק, AT, אשר, גליקוגן, בלום, JOUBERT, MSUD) בין 80 ל-870 ₪","זהב · PROG09 · מכוסה — בדיקות גנטיות במכוני הסדר: פנקוני, ML4, נימן פיק, AT (אטקסיה טלאנגיאקטזיה), אשר 1, אשר 3, גליקוגן, בלום, JOUBERT, MSUD, NEMALINE MYOPATHY, MLC; השתתפות עצמית ₪80 לכל אחת מהבדיקות; פעם אחת בלבד. פרק ה' סעיף 15

פלטינום · PROG10 · ככל מושלם זהב — לא נוסף כיסוי בנספח פלטינום. השתתפות עצמית ₪80 לבדיקה, פעם אחת בלבד (פרק ה' סעיף 15)","כסף · PROG14 · אין מידע — מומלץ לבדוק

זהב · PROG15 · סעיף 28.1.3: בדיקות נשאות גנטיות במסגרת דור ישרים – ה..ע. ₪206.18 לחבילת בדיקות; סעיף 28.2: BRCA1/BRCA2 – ה..ע. ₪345.55

שלי · PROG16 · אין מידע — מומלץ לבדוק","עדיף · PROG19 · סעיף 20 — בדיקות גנטיות: זכאי לבדיקות נשאות למחלות: USHER סוג I, ML4, GSD1, נימן פיק, פנקוני, בלום, Nemaline, MSUD, אטקסיה טלאנג׳יאטקזיה. השתתפות עצמית ₪99 לבדיקה. הערה: הרשימה פחות מקיפה ממחלותיות זהה לכלית בסעיף 15 (כולל JOUBERT). הזכאות פורשת עלפי תקנון עדיף.

שיא · PROG20 · אין מידע — מומלץ לבדוק","כסף · PROG24 · כן — פרק י""ג ס' 3.1.1: בדיקות גנטיות לשלילת מומים מולדים, כולל: פנקוני A/C, ML4, נימן פיק (NIEMAN PICK), AT (אטקסיה טלנגנטקזיה), אשר (USHER), גליקוגן (GSD1), בלום, JOUBERT, MSUD. השתתפות עצמית ₪172 לבדיקה במכון הסדר. פעם אחת בתקופת ההסכם. ללא תקופת אכשרה.

זהב · PROG25 · כן — פרק י""ג ס' 3.1.2: אותה רשימת מחלות. השתתפות עצמית ₪94 לבדיקה במכון הסדר. בנוסף: מכון שאינו הסדר — שיפוי 80% עד תקרה ₪870 (לפחות 4 בדיקות); מכון דור ישרים — שיפוי 80% עד ₪798. פעם אחת בתקופת ההסכם. ללא תקופת אכשרה.",לאומית זהב,
516,רפואה מונעת ובדיקות סקר,,בדיקות מניעה: דם סמוי בצואה לצעירים מתחת לגיל 50,"כלל מבוטחי השב""ן בקופות החולים (לפי תוכנית והקופה)","הטבת שב""ן בנושא בדיקות מניעה: דם סמוי בצואה לצעירים מתחת לגיל 50",,"זהב · PROG09 · אין מידע — מומלץ לבדוק

פלטינום · PROG10 · אין מידע — מומלץ לבדוק","כסף · PROG14 · אין מידע — מומלץ לבדוק

זהב · PROG15 · אין מידע — מומלץ לבדוק

שלי · PROG16 · סעיף 18.2.9: בדיקת דם סמוי בצואה נכללת בחבילת בדיקת סקר תקופתית (לגיל 45+), אחת ל-3 שנים, ה..ע. ₪27.10. אין כיסוי נפרד לדם סמוי מתחת גיל 50 כמסלול עצמאי","עדיף · PROG19 · סעיף 21.1 — בדיקות מניעה: בדיקת דם סמוי בצואה למבוטח מתחת לגיל 50 שנים — מעבר לזכאות הסל; בהמלצת רופא; תדירות: פעם אחת לשנתיים קלנדריות. תקופת המתנה 6 חודשים.

שיא · PROG20 · אין מידע — מומלץ לבדוק (בדיקות מניעה אינן מוזכרות עלפי תקנון שיא)","כסף · PROG24 · כן — פרק כ' ס' 2: בדיקת דם סמוי בצואה לעמית מתחת לגיל 50, בהפניית רופא קופה, במעבדת קופה או מכון שבהסדר. השתתפות עצמית ₪38. תדירות: אחת לשנתיים. תקופת אכשרה 3 חודשים.

זהב · PROG25 · כן — פרק כ' ס' 2: בדיקת דם סמוי בצואה לעמית מתחת לגיל 50. עמית לאומית זהב פטור מהשתתפות עצמית. תדירות: אחת לשנתיים. תקופת אכשרה 3 חודשים.",טעון השוואה פרטנית,
517,רפואה מונעת ובדיקות סקר,,"בדיקת כשירות לצלילה, תעופה וצניחה","כלל מבוטחי השב""ן בקופות החולים (לפי תוכנית והקופה)","הטבת שב""ן בנושא בדיקת כשירות לצלילה, תעופה וצניחה","החזר/הטבה לבדיקת כשירות לצלילה, תעופה וצניחה בין 58 ל-111 ₪","זהב · PROG09 · אין מידע — מומלץ לבדוק

פלטינום · PROG10 · אין מידע — מומלץ לבדוק","כסף · PROG14 · סעיף 19: בדיקת כשירות לפעילות ספורטיבית כוללת ארגומטריה – החזר 50% עד ₪110.84, בדיקה ללא ארגומטריה – החזר 50% עד ₪47.70, אחת לשנה. מדובר בכשירות ספורטיבית כללית ולא נזכרים צלילה/תעופה/צניחה בנפרד

זהב · PROG15 · סעיף 21: בדיקת כשירות לפעילות ספורטיבית כוללת ארגומטריה – החזר 50% עד ₪110.84, בללא ארגומטריה – החזר 50% עד ₪47.70, אחת לשנה. מדובר בכשירות ספורטיבית כללית ולא נזכרים צלילה/תעופה/צניחה בנפרד

שלי · PROG16 · אין מידע — מומלץ לבדוק","עדיף · PROG19 · אין מידע — מומלץ לבדוק

שיא · PROG20 · אין מידע — מומלץ לבדוק","כסף · PROG24 · כן — פרק ל""ה ס' 2: בדיקת כשירות לעיסוק בצלילה, תעופה או צניחה, במכון שבהסדר. השתתפות עצמית ₪72. ללא תקופת אכשרה.

זהב · PROG25 · כן — פרק ל""ה ס' 2: בדיקת כשירות לעיסוק בצלילה, תעופה או צניחה, במכון שבהסדר. השתתפות עצמית ₪58. ללא תקופת אכשרה.",טעון השוואה פרטנית,
518,רפואה מונעת ובדיקות סקר,,"בדיקת סקר תקופתית מקיפה (45+, כל 3 שנים)","כלל מבוטחי השב""ן בקופות החולים (לפי תוכנית והקופה)","סעיף 8 — בדיקות סקר תקופיות: מבוטח מעל גיל 18 זכאי לסדרת בדיקות סקר אחת לשנתיים; השתתפות עצמית ₪343 לסדרת בדיקות במרפאות הקופה, או שיפוי 75% מהוצאה עד תקרה ₪685 במרפאות בהסכם; הסדר","החזר/הטבה לבדיקת סקר תקופתית מקיפה (45+, כל 3 שנים) בין 57 ל-891 ₪","זהב · PROG09 · מכוסה — בדיקות סקר תקופתיות במכוני הסדר (חלק א' + ב'); השתתפות עצמית ₪240 לחלק א'+ב' (בדיקות נוספות בנפרד: ממוגרפיה ₪79, גינקולוגיה ₪114, ארגומטריה ₪114, צפיפות עצם ₪57); זכאות לכל עמית מגיל 18 אחת ל-24 חודש. פרק ה' סעיף 31

פלטינום · PROG10 · ככל מושלם זהב — לא נוסף כיסוי בנספח פלטינום. בדיקות סקר תקופתיות, ה.ע. ₪240 לחלק א'+ב', אחת ל-24 חודש (פרק ה' סעיף 31)","כסף · PROG14 · אין מידע — מומלץ לבדוק

זהב · PROG15 · אין מידע — מומלץ לבדוק

שלי · PROG16 · סעיף 18: בדיקת סקר תקופתית לגיל 45+ אחת ל-3 שנים, ה..ע. ₪27.10, כוללת: בדיקת רופא, דם ושתן, לחץ דם, א.ק.ג., תפקוד ריאות/צילום חזה, ראייה, שמיעה, לחץ תוך עיני, דם סמוי בצואה. תקופת המתנה: 6 חודשים","עדיף · PROG19 · אין מידע — מומלץ לבדוק (עדיף אינו כולל סקר תקופיתי מקיף לגיל 45+)

שיא · PROG20 · סעיף 8 — בדיקות סקר תקופיות: מבוטח מעל גיל 18 זכאי לסדרת בדיקות סקר אחת לשנתיים; השתתפות עצמית ₪343 לסדרת בדיקות במרפאות הקופה, או שיפוי 75% מהוצאה עד תקרה ₪685 במרפאות בהסכם; הסדרה כוללת: בדיקת רופא, שתן, בדיקות דם, תפקודי ריאות ובדיקה ארגומטרית. ללא תקופת המתנה.","כסף · PROG24 · כן (בתנאים שונים) — פרק כ' ס' 1: בדיקת סקר תקופתית למנהלים לעמית מגיל 18+, כל שנתיים. כוללת 35 בדיקות מעבדה, א.ק.ג., ארגומטריה, תפקודי ריאות, שמיעה, ראיה, לחץ דם ועוד. השתתפות עצמית ₪652 (לעמית עם 3+ שנות חברות); ₪891 (לפחות מ-3 שנים). הערה: אין אפיון ספציפי לגיל 45+ בלבד. תקופת אכשרה 6 חודשים.

זהב · PROG25 · כן (בתנאים שונים) — פרק כ' ס' 1: בדיקת סקר תקופתית למנהלים לעמית מגיל 18+, כל שנתיים. אותה חבילת בדיקות. השתתפות עצמית ₪319 (לעמית עם 3+ שנות חברות); ₪509 (פחות מ-3 שנים). הערה: אין אפיון ספציפי לגיל 45+ בלבד. תקופת אכשרה 6 חודשים.",מאוחדת שיא,
519,רפואה מונעת ובדיקות סקר,,חבילת אימונים קבוצתיים לאורח חיים בריא (אפליקציה + מרכזי ספורט),"כלל מבוטחי השב""ן בקופות החולים (לפי תוכנית והקופה)","הטבת שב""ן בנושא חבילת אימונים קבוצתיים לאורח חיים בריא (אפליקציה + מרכזי ספורט)",החזר/הטבה לחבילת אימונים קבוצתיים לאורח חיים בריא (אפליקציה + מרכזי ספורט) עד 80 ₪,"זהב · PROG09 · מכוסה חלקית — תוכנית לקידום בריאות מבוססת תמריצים: ללא השתתפות עצמית ב-3 חודשים הראשונים, לאחר מכן ₪10 לחודש; לעמיתים מגיל 14 ומעלה. (לא חבילת אימונים קבוצתיים ייעודית כפי שמתוארת, אלא אפליקציה/תוכנית קידום בריאות). פרק ה' סעיף 51

פלטינום · PROG10 · ככל מושלם זהב — לא נוסף כיסוי בנספח פלטינום. תוכנית לקידום בריאות, ₪10 לחודש לאחר 3 חודשים ראשונים (פרק ה' סעיף 51)","כסף · PROG14 · אין מידע — מומלץ לבדוק

זהב · PROG15 · סעיף 32.1: אפליקציית upapp לחיים בריאים יותר לגיל 14+, 4 אימונים פרונטליים בחודש בעלות ₪25 לאימון. תקופת המתנה: ללא. בתוקף עד 1.6.2028

שלי · PROG16 · אין מידע — מומלץ לבדוק","עדיף · PROG19 · סעיף 34 — אורח חיים בריא: מבוטחי עדיף מגיל 14 זכאים לאפליקציית אורח חיים בריא; 4 אימונים קבוצתיים דיגיטליים בעלות ₪40 לחודש או 4 אימונים במרכזי ספורט בהסדר בעלות ₪80 לחודש. אין תקופת המתנה.

שיא · PROG20 · אין מידע — מומלץ לבדוק (שיא מוסיף סעיף 41: אימוני כושר אישיים בבית המבוטח — עד 12 אימונים לכל תקופת ביטוח, השתתפות עצמית ₪23 לאימון; למבוטחים מעל גיל 18)","כסף · PROG24 · אין מידע — מומלץ לבדוק

זהב · PROG25 · כן (חלקי) — פרק ל""ה ס' 5: תכנית דיגיטלית לקידום אורח חיים בריא לעמית לאומית זהב בן 14+, בספק שבהסדר. השתתפות עצמית ₪5 לחודש (3 חודשים ראשונים ללא השתתפות עצמית, פעם אחת). ללא כיסוי מרכזי ספורט פיזיים. ללא תקופת אכשרה.",טעון השוואה פרטנית,
520,רפואה מונעת ובדיקות סקר,,שיקום פציעות ספורט (פיזיותרפיה + חדר כושר),"כלל מבוטחי השב""ן בקופות החולים (לפי תוכנית והקופה)","הטבת שב""ן בנושא שיקום פציעות ספורט (פיזיותרפיה + חדר כושר)",החזר/הטבה לשיקום פציעות ספורט (פיזיותרפיה + חדר כושר) בין 58 ל-65 ₪,"זהב · PROG09 · אין מידע — מומלץ לבדוק

פלטינום · PROG10 · אין מידע — מומלץ לבדוק","כסף · PROG14 · אין מידע — מומלץ לבדוק

זהב · PROG15 · אין מידע — מומלץ לבדוק

שלי · PROG16 · אין מידע — מומלץ לבדוק","עדיף · PROG19 · אין מידע — מומלץ לבדוק (עדיף כולל סעיף 23 רפואת ספורט לבדיקות בלבד, לא שיקום פציעות)

שיא · PROG20 · סעיף 26 — שיקום פציעות ספורט (מתווסף על עדיף): עד 20 פגישות לשנה במכון מורשה של הקופה, בהשתתפות עצמית ₪58 לטיפול. תקופת המתנה 12 חודשים.","כסף · PROG24 · כן — פרק ל""ה ס' 3: טיפול פיזיותרפי לשיקום פציעות ספורט בשילוב פעילות בחדר כושר לחיזוק שרירים, במכון שבהסדר. השתתפות עצמית ₪65 לטיפול. עד 36 טיפולים למקרה. ללא תקופת אכשרה.

זהב · PROG25 · כן — פרק ל""ה ס' 3: טיפול פיזיותרפי לשיקום פציעות ספורט בשילוב חדר כושר, במכון שבהסדר. השתתפות עצמית ₪65 לטיפול. עד 36 טיפולים למקרה. ללא תקופת אכשרה.",טעון השוואה פרטנית,
521,רפואה מונעת ובדיקות סקר,,"בדיקות ספורטאים: אחוזי שומן, ספירומטריה, ארגומטריה, סף חומצת חלב","כלל מבוטחי השב""ן בקופות החולים (לפי תוכנית והקופה)","הטבת שב""ן בנושא בדיקות ספורטאים: אחוזי שומן, ספירומטריה, ארגומטריה, סף חומצת חלב","החזר/הטבה לבדיקות ספורטאים: אחוזי שומן, ספירומטריה, ארגומטריה, סף חומצת חלב בין 50 ל-111 ₪","זהב · PROG09 · מכוסה — סעיף 36 (פרק ה'): בדיקות לספורטאים על פי חוק הספורט במכוני הסדר בלבד; השתתפות עצמית ₪50 לבדיקה. רשימת הבדיקות הספציפיות (אחוזי שומן, ספירומטריה, ארגומטריה, סף חומצת חלב) אינה מפורטת בתקנון במפורש — רק 'בדיקות לספורטאים על פי חוק הספורט'.

פלטינום · PROG10 · ככל כללית מושלם זהב — סעיף 36 (פרק ה'): ₪50 לבדיקה במכוני הסדר; פלטינום אינו מוסיף כיסוי נוסף לנושא זה.","כסף · PROG14 · בדיקת כשירות לפעילות ספורטיבית — 50% החזר עד ₪110.84 עם בדיקה ארגומטרית, או עד ₪47.70 ללא ארגומטריה — פעם אחת בשנה; ללא תקופת המתנה (סעיף 19 מכבי כסף). ספירומטריה, אחוזי שומן וסף חומצת חלב כנפרדות — אין מידע — מומלץ לבדוק

זהב · PROG15 · בדיקת כשירות לפעילות ספורטיבית — 50% החזר עד ₪110.84 עם בדיקה ארגומטרית, או עד ₪47.70 ללא ארגומטריה — פעם אחת בשנה; ללא תקופת המתנה (סעיף 21 מכבי זהב). ספירומטריה, אחוזי שומן וסף חומצת חלב כנפרדות — אין מידע — מומלץ לבדוק

שלי · PROG16 · אין מידע — מומלץ לבדוק (לא מצוין בתקנון מכבי שלי)","עדיף · PROG19 · סעיף 23 — רפואת ספורט | ללא תקופת המתנה | השתתפות עצמית ₪45 לבדיקה | כיסוי: בדיקת אחוזי שומן, ספירומטריה, ארגומטריה, סף חומצת חלב — אצל ספקים בהסדר עם הקופה

שיא · PROG20 · כולל זכויות עדיף + כיסוי מכוח סעיף 23 של מאוחדת עדיף | השתתפות עצמית ₪45 לבדיקה | בדיקת אחוזי שומן, ספירומטריה, ארגומטריה, סף חומצת חלב | ללא תקופת המתנה","כסף · PROG24 · אין מידע — מומלץ לבדוק

זהב · PROG25 · אין מידע — מומלץ לבדוק",טעון השוואה פרטנית,
522,רפואה מונעת ובדיקות סקר,,בדיקת הומוציסטאין,"כלל מבוטחי השב""ן בקופות החולים (לפי תוכנית והקופה)","הטבת שב""ן בנושא בדיקת הומוציסטאין",,"זהב · PROG09 · אין מידע — מומלץ לבדוק

פלטינום · PROG10 · אין מידע — מומלץ לבדוק","שלי · PROG16 · אין מידע — מומלץ לבדוק

כסף · PROG14 · אין מידע — מומלץ לבדוק

זהב · PROG15 · אין מידע — מומלץ לבדוק","עדיף · PROG19 · אין מידע — מומלץ לבדוק

שיא · PROG20 · אין מידע — מומלץ לבדוק","כסף · PROG24 · פרק כ""א — בדיקת הומוציסטאין כלולה ב""בדיקות מעבדה מיוחדות""; מבוצעת במכון שבהסדר לפי המלצת רופא מומחה. ₪ לא פורט בטבלה — מומלץ לוודא השתתפות עצמית בקופה. תקופת אכשרה: 6 חודשים.

זהב · PROG25 · פרק כ""א — בדיקת הומוציסטאין כלולה ב""בדיקות מעבדה מיוחדות""; מבוצעת במכון שבהסדר לפי המלצת רופא מומחה. ₪ לא פורט בטבלה — מומלץ לוודא השתתפות עצמית בקופה. תקופת אכשרה: 6 חודשים.",טעון השוואה פרטנית,
523,רפואה מונעת ובדיקות סקר,,בדיקת CMA/שבב גנטי לנשים מתחת לגיל 32 (בדיקת מי שפיר/CVS),"כלל מבוטחי השב""ן בקופות החולים (לפי תוכנית והקופה)","סעיף 29.1 — בדיקת מי שפיר עם שבב גנטי (CMA) לנשים עד גיל 32, פעם אחת בהריון. בהסכם: השתתפות עצמית ₪937.97 לעובר (₪1,875.95 להריון מרובה). מחוץ להסכם: החזר 80% עד ₪1,650.95 לדיקור. ","החזר/הטבה לבדיקת CMA/שבב גנטי לנשים מתחת לגיל 32 (בדיקת מי שפיר/CVS) בין 469 ל-5,190 ₪","זהב · PROG09 · אין מידע — מומלץ לבדוק

פלטינום · PROG10 · אין מידע — מומלץ לבדוק","כסף · PROG14 · אין מידע — מומלץ לבדוק

זהב · PROG15 · סעיף 29.1 — בדיקת מי שפיר עם שבב גנטי (CMA) לנשים עד גיל 32, פעם אחת בהריון. בהסכם: השתתפות עצמית ₪937.97 לעובר (₪1,875.95 להריון מרובה). מחוץ להסכם: החזר 80% עד ₪1,650.95 לדיקור. ללא תקופת המתנה.

שלי · PROG16 · סעיף 12 — הנחה 50% מהשתתפות העצמית הנקובה בסעיף 29.1.א של מכבי זהב, לנשים עד גיל 32, פעם אחת בהריון (כלומר השתתפות עצמית בהסכם ₪468.99 לעובר). ללא תקופת המתנה.","עדיף · PROG19 · מכוסה — סעיף 13.1: בדיקת מי שפיר או CVS בטכנולוגיית CMA לנשים מתחת לגיל הזכאות בסל; השתתפות עצמית ₪857 לבדיקה; שיפוי חיצוני 75% עד ₪1,744; לפי המלצת רופא נשים הקופה.

שיא · PROG20 · מכוסה — סעיף 13.1 חל גם על עמיתי שיא (בתנאים זהים לעדיף); כמו כן, זכאות ל-NIPT (סעיף 17.2) כבדיקה עוברית נוספת (החזר 75% עד ₪5,190 לבדיקת NIPT).","כסף · PROG24 · אין מידע — מומלץ לבדוק

זהב · PROG25 · אין מידע — מומלץ לבדוק",מכבי זהב,
524,רפואה מונעת ובדיקות סקר,,בדיקת סיסי שיליה (CVS) לאבחון גנטי טרום-לידתי,"כלל מבוטחי השב""ן בקופות החולים (לפי תוכנית והקופה)","הטבת שב""ן בנושא בדיקת סיסי שיליה (CVS) לאבחון גנטי טרום-לידתי","החזר/הטבה לבדיקת סיסי שיליה (CVS) לאבחון גנטי טרום-לידתי בין 800 ל-1,661 ₪","זהב · PROG09 · מכוסה — פרק ה' סעיף 13.2: כיסוי בדיקת סיסי שיליה לנשים עד גיל 34; 75% עד ₪1,440 לדיקור; השתתפות עצמית ₪800; כולל שבב CMA; פעם אחת לכל היריון.

פלטינום · PROG10 · ככל מושלם זהב + פלטינום אינו מוסיף כיסוי נוסף לבדיקת CVS (לא מופיע בפרק ח' פלטינום).","כסף · PROG14 · אין מידע — מומלץ לבדוק

זהב · PROG15 · סעיף 29.2 — בדיקת CVS (דגימת סיסי שיליה) מחוץ לסל, לפי המלצת רופא, כתחליף לסעיף 29.1 (מי שפיר). החזר עד ₪1,660.88. ללא תקופת המתנה.

שלי · PROG16 · אין מידע — מומלץ לבדוק","עדיף · PROG19 · מכוסה חלקית — סעיף 13.1: CVS נכלל במסגרת בדיקת מי שפיר/CVS בטכנולוגיית CMA; השתתפות עצמית ₪857. CVS בלבד לאבחון גנטי ללא CMA — אין מידע — מומלץ לבדוק.

שיא · PROG20 · מכוסה חלקית — בתנאים זהים לעדיף (סעיף 13.1). CVS בלבד ללא CMA — אין מידע — מומלץ לבדוק.","כסף · PROG24 · אין מידע — מומלץ לבדוק

זהב · PROG25 · אין מידע — מומלץ לבדוק",כללית מושלם זהב,
525,רפואה מונעת ובדיקות סקר,,"בדיקות סקר תקופתיות מקיפות (המטולוגיה, ראייה, שמיעה, ארגומטריה, גינקולוגיה)","כלל מבוטחי השב""ן בקופות החולים (לפי תוכנית והקופה)","הטבת שב""ן בנושא בדיקות סקר תקופתיות מקיפות (המטולוגיה, ראייה, שמיעה, ארגומטריה, גינקולוגיה)","החזר/הטבה לבדיקות סקר תקופתיות מקיפות (המטולוגיה, ראייה, שמיעה, ארגומטריה, גינקולוגיה) בין 57 ל-651 ₪","זהב · PROG09 · פרק ה' סעיף 31 — בדיקות סקר לעמית מעל גיל 18; זכאות אחת ל-24 חודש; כולל: המטולוגיה+כימיה, שתן, בדיקת רופא, לחץ דם, תפקוד ריאות, ראייה, שמיעה — ₪240 ה.ע.; בנוסף אחת מ: ארגומטריה ₪114 / ממוגרפיה ₪79 / גינקולוגיה ₪114 / צפיפות עצם ₪57; במכוני הסדר בלבד; תקופת אכשרה 6 חודשים

פלטינום · PROG10 · ככל כללית מושלם זהב (PROG09) — בדיקות סקר תקופתיות לא מוזכרות בנספח פלטינום; פרק ה' סעיף 31 זהב — ₪240 ה.ע. לסל א'+ב', ₪114/₪79/₪114/₪57 לבדיקות נבחרות; זכאות אחת ל-24 חודש; אכשרה 6 חודשים","כסף · PROG14 · אין מידע — מומלץ לבדוק

זהב · PROG15 · אין מידע — מומלץ לבדוק

שלי · PROG16 · אין מידע — מומלץ לבדוק","עדיף · PROG19 · אין מידע — מומלץ לבדוק

שיא · PROG20 · אין מידע — מומלץ לבדוק","כסף · PROG24 · פרק כ' — בדיקות סקר למנהלים: אחת לשנתיים, ה.ע. ₪651; בדיקת דם סמוי אחת לשנתיים ה.ע. ₪38; PAP אחת לשנתיים ה.ע. ₪36; ממוגרפיה אחת לשנה ה.ע. ₪87; DEXA ה.ע. ₪125; קולונסקופיה וירטואלית אחת לחמש שנים ה.ע. ₪434.

זהב · PROG25 · פרק כ' — בדיקות סקר למנהלים: אחת לשנתיים, ה.ע. ₪318; בדיקת דם סמוי אחת לשנתיים — פטור מה.ע.; PAP אחת לשנתיים ה.ע. ₪36; ממוגרפיה אחת לשנה ה.ע. ₪87; DEXA ה.ע. ₪125; קולונסקופיה וירטואלית אחת לחמש שנים ה.ע. ₪290.",טעון השוואה פרטנית,
526,רפואה מונעת ובדיקות סקר,,"חיסונים לנוסעים לחו""ל — מרפאת מטיילים","כלל מבוטחי השב""ן בקופות החולים (לפי תוכנית והקופה)","הטבת שב""ן בנושא חיסונים לנוסעים לחו""ל — מרפאת מטיילים","החזר/הטבה לחיסונים לנוסעים לחו""ל — מרפאת מטיילים בין 50 ל-231 ₪","זהב · PROG09 · אין מידע — מומלץ לבדוק

פלטינום · PROG10 · אין מידע — מומלץ לבדוק","כסף · PROG14 · מכבי כסף — סעיף 17 + נספח ד': ייעוץ רפואי וחיסונים במרפאת מטיילים שבהסכם. החבר משלם השתתפות עצמית לפי נספח ד' (למשל: דלקת קרום המח ₪51.82, כלבת ₪46.76, קדחת צהובה — ראו רשימה, TBE — ראו רשימה, Nimenrix ₪79.62, צהבת A ₪39.17, טיפוס הבטן ₪34.12). ללא תקופת המתנה.

זהב · PROG15 · מכבי זהב — סעיף 19 + נספח ה': ייעוץ רפואי וחיסונים במרפאת מטיילים שבהסכם. החבר משלם השתתפות עצמית לפי נספח ה' (קדחת צהובה ₪99.83, TBE ₪231.27, כלבת ₪46.76, Nimenrix ₪79.62, צהבת A ₪49.28, טיפוס הבטן ₪34.12, דיפטריה+טטנוס+שעלת ₪39.17). ללא תקופת המתנה.

שלי · PROG16 · מכבי שלי — סעיף 19: ייעוץ רפואי וחיסונים במרפאת מטיילים שבהסכם; עלות הייעוץ הרפואי מכוסה במלואה ללא השתתפות עצמית; החיסונים — השתתפות עצמית ₪27.09 לכל חיסון. תקופת המתנה 6 חודשים.","עדיף · PROG19 · אין מידע — מומלץ לבדוק

שיא · PROG20 · אין מידע — מומלץ לבדוק","כסף · PROG24 · פרק כ""ז — חיסונים לנוסעים לחו""ל: ייעוץ רפואי וחיסונים במרפאת מטיילים שבהסדר. ה.ע. לפי חיסון: דמי רישום+ייעוץ ₪35; נימנריקס/מנקטרה ₪50; דלקת קרום המח היפנית ₪170; צהבת A ₪50; טיפוס הבטן ₪30; צהבת B ₪30; טטנוס+דיפטריה ₪30; Boostrix ₪30; MMR ₪30; MMRV ₪80; פוליו ₪30; TBE ₪190; כלבת ₪30; קדחת צהובה ₪80; אבעבועות רוח ₪60. ללא תקופת אכשרה.

זהב · PROG25 · פרק כ""ז — חיסונים לנוסעים לחו""ל: ייעוץ רפואי וחיסונים במרפאת מטיילים שבהסדר. ה.ע. לפי חיסון: דמי רישום+ייעוץ ₪35; נימנריקס/מנקטרה ₪20; דלקת קרום המח היפנית ₪20; צהבת A ₪20; טיפוס הבטן ₪20; צהבת B ₪20; טטנוס+דיפטריה ₪20; Boostrix ₪20; MMR ₪20; MMRV ₪20; פוליו ₪20; TBE ₪20; כלבת ₪20; קדחת צהובה ₪20; אבעבועות רוח ₪20. ללא תקופת אכשרה.",טעון השוואה פרטנית,
527,רפואה מונעת ובדיקות סקר,,"חיסונים לנוסעים לחו""ל — קדחת צהובה, כלבת, דלקת קרום המוח, אנצפליטיס יפנית, TBE","כלל מבוטחי השב""ן בקופות החולים (לפי תוכנית והקופה)","מכוסה — סעיף 7 תקנון מאוחדת עדיף. ללא תקופת המתנה. מבוטח זכאי לייעוץ רפואי ולקבלת חיסונים לפני נסיעה לחו""ל, במרפאות בהסכם, בתשלום ה.ע. לכל מנה (ראה נספח ז׳). רשימת חיסונים כוללת: ק","החזר/הטבה לחיסונים לנוסעים לחו""ל — קדחת צהובה, כלבת, דלקת קרום המוח, אנצפליטיס יפנית, TBE בין 52 ל-231 ₪","זהב · PROG09 · אין מידע — מומלץ לבדוק

פלטינום · PROG10 · אין מידע — מומלץ לבדוק","כסף · PROG14 · מכבי כסף — סעיף 17 + נספח ד': כלבת ₪46.76; דלקת קרום המח ₪51.82; דלקת קרום המח היפנית ₪205.98; Nimenrix (דלקת קרום המוח) ₪79.62. קדחת צהובה וTBE — ראו נספח ד' (TBE בנספח). ללא תקופת המתנה.

זהב · PROG15 · מכבי זהב — סעיף 19 + נספח ה': קדחת צהובה ₪99.83; כלבת ₪46.76; דלקת קרום המח ₪51.82; דלקת קרום המח היפנית ₪205.98; TBE ₪231.27; Nimenrix ₪79.62. ללא תקופת המתנה.

שלי · PROG16 · מכבי שלי — סעיף 19: כל החיסונים לפי נספח מכבי זהב; השתתפות עצמית ₪27.09 לחיסון; ייעוץ רפואי — ללא תשלום. תקופת המתנה 6 חודשים.","עדיף · PROG19 · מכוסה — סעיף 7 תקנון מאוחדת עדיף. ללא תקופת המתנה. מבוטח זכאי לייעוץ רפואי ולקבלת חיסונים לפני נסיעה לחו""ל, במרפאות בהסכם, בתשלום ה.ע. לכל מנה (ראה נספח ז׳). רשימת חיסונים כוללת: קדחת צהובה ₪35; כלבת (סביל) ₪30; הפטיטיס B (סביל למבוגר) ₪13; דלקת קרום המוח ₪35; טטנוס+דיפטריה ₪4; צהבת A מבוגר ₪25; צהבת A ילד ₪25; אנצפליטיס יפנית ₪59; טיפוס הבטן ₪20; פוליו ₪12; MMR ₪14; הפטריקס ₪36; טטנוס+דיפתריה+שעלת ₪21; גמא גלובין ₪12; דיפתריה/טטנוס/שעלת/פוליו ₪29; TBE ₪59. ייעוץ רפואי: ₪24. לתושבי אילת ללא מרפאה בהסכם: החזר 75% עד תקרת ₪135 לייעוץ.

שיא · PROG20 · מכוסה — נספח ח׳ תקנון מאוחדת שיא. אותה רשימת חיסונים כמו עדיף (ראה PROG19), ה.ע. זהה לכל חיסון. ייעוץ רפואי ₪24.","כסף · PROG24 · אין מידע — מומלץ לבדוק

זהב · PROG25 · אין מידע — מומלץ לבדוק",מאוחדת עדיף,
528,רפואה מונעת ובדיקות סקר,,"חיסונים לנוסעים לחו""ל — רשימה מפורטת (כלבת, דלקת מח יפנית, טיק, קדחת צהובה, MMR ועוד)","כלל מבוטחי השב""ן בקופות החולים (לפי תוכנית והקופה)","הטבת שב""ן בנושא חיסונים לנוסעים לחו""ל — רשימה מפורטת (כלבת, דלקת מח יפנית, טיק, קדחת צהובה, MMR ועוד)","החזר/הטבה לחיסונים לנוסעים לחו""ל — רשימה מפורטת (כלבת, דלקת מח יפנית, טיק, קדחת צהובה, MMR ועוד) בין 50 ל-231 ₪","זהב · PROG09 · פרק ה' סעיף 34 + נספח ד' — חיסונים לנוסעים לחו""ל במכוני הסדר בלבד; רשימת חיסונים + ה.ע.: ייעוץ רפואי ₪11; פוליו ₪7; טטנוס ₪18; טיפוס הבטן ₪20; Boostrix ₪24; Boostrix+Polio ₪10; MMR ₪19; אבריקס לילדים ₪23; אבריקס מבוגרים ₪46; נימנריקס ₪22; כלבת ₪109; דלקת מח יפנית ₪39; הפטריקס ₪23; גמגלובולין ₪14; צהבת B ₪51; קדחת צהובה ₪27; דלקת קרום המוח ₪31; TICOVAC (מבוגר) ₪50; TICOVAC JUNIOR ₪50 — ניתנים בבתי חולים ומרפאות כללית בלבד

פלטינום · PROG10 · נספח ב' פלטינום — חיסונים לנוסעים לחו""ל; כיסוי חלופי לזהב עם השתתפות עצמית אחידה ₪20 לרוב החיסונים; רשימה: פוליו ₪7; טטנוס ₪18; טיפוס הבטן ₪20; Boostrix ₪20; Boostrix+Polio ₪10; MMR ₪19; אבריקס לילדים ₪20; אבריקס מבוגרים ₪20; נימנריקס ₪20; כלבת ₪20; דלקת מח יפנית ₪20; הפטריקס ₪20; גמגלובולין ₪14; צהבת B ₪20; קדחת צהובה ₪20; דלקת קרום המוח ₪20; TICOVAC ₪20; דלקת מוח חדה למבוגרים ₪20; TICOVAC JUNIOR ₪20; דלקת מוח חדה לילדים ₪20 — כיסוי זה חלופי לכיסוי ""כללית מושלם"" זהב; ייעוץ במרפאות הסדר ללא תשלום","כסף · PROG14 · מכבי כסף — סעיף 17 + נספח ד': פוליו ₪27.09; טטנוס ₪27.09; טטנוס+דיפטריה ₪27.09; טטנוס+דיפטריה+שעלת (Boostrix) ₪39.17; MMR (אדמת חצבת חזרת) ₪27.09; MMRV ₪98.57; כלבת ₪46.76; דלקת מח יפנית ₪205.98; Hepatyrix (צהבת A+טיפוס) ₪68.23; גמגלובולין ₪39.17; Nimenrix ₪79.62; אבעבועות רוח ₪75.83. ללא תקופת המתנה.

זהב · PROG15 · מכבי זהב — סעיף 19 + נספח ה': פוליו ₪27.09; טטנוס+דיפטריה+שעלת ₪39.17; MMR ₪27.09; MMRV ₪98.57; כלבת ₪46.76; דלקת מח יפנית ₪205.98; טיפוס הבטן ₪34.12; Hepatyrix ₪68.23; גמגלובולין ₪39.17; קדחת צהובה ₪99.83; TBE ₪231.27; Nimenrix ₪79.62. ללא תקופת המתנה.

שלי · PROG16 · מכבי שלי — סעיף 19: אותה רשימת חיסונים; השתתפות עצמית ₪27.09 לחיסון; ייעוץ רפואי — ללא תשלום. תקופת המתנה 6 חודשים.","עדיף · PROG19 · אין מידע — מומלץ לבדוק

שיא · PROG20 · אין מידע — מומלץ לבדוק","כסף · PROG24 · אין מידע — מומלץ לבדוק

זהב · PROG25 · אין מידע — מומלץ לבדוק",טעון השוואה פרטנית,
529,רפואה מונעת ובדיקות סקר,,בדיקת ספורט לילד ולמבוגר (אקג/ארגומטריה),"כלל מבוטחי השב""ן בקופות החולים (לפי תוכנית והקופה)",מכבי כסף — סעיף 19: החזר 50% עד ₪110.84 לבדיקת כשירות ספורטיבית הכוללת ארגומטריה; החזר 50% עד ₪47.70 לבדיקה ללא ארגומטריה. פעם אחת בשנה בתחנות לרפואת ספורט מוכרות.,החזר/הטבה לבדיקת ספורט לילד ולמבוגר (אקג/ארגומטריה) בין 56 ל-111 ₪,"זהב · PROG09 · אין מידע — מומלץ לבדוק

פלטינום · PROG10 · אין מידע — מומלץ לבדוק","כסף · PROG14 · מכבי כסף — סעיף 19: החזר 50% עד ₪110.84 לבדיקת כשירות ספורטיבית הכוללת ארגומטריה; החזר 50% עד ₪47.70 לבדיקה ללא ארגומטריה. פעם אחת בשנה בתחנות לרפואת ספורט מוכרות.

זהב · PROG15 · אין מידע — מומלץ לבדוק

שלי · PROG16 · אין מידע — מומלץ לבדוק","עדיף · PROG19 · אין מידע — מומלץ לבדוק

שיא · PROG20 · אין מידע — מומלץ לבדוק","כסף · PROG24 · פרק ל""ה ס' 1 — בדיקת ספורט לילד (עד גיל 17; רופא + א.ק.ג.): ה.ע. ₪56 לבדיקה; בדיקת ספורט למבוגר (מעל גיל 17; רופא + ארגומטריה): ה.ע. ₪108 לבדיקה. מכון שבהסדר. ללא תקופת אכשרה.

זהב · PROG25 · פרק ל""ה ס' 1 — בדיקת ספורט לילד (עד גיל 17; רופא + א.ק.ג.): ה.ע. ₪56 לבדיקה; בדיקת ספורט למבוגר (מעל גיל 17; רופא + ארגומטריה): ה.ע. ₪108 לבדיקה. מכון שבהסדר. ללא תקופת אכשרה.",מכבי כסף,
530,רפואה מונעת ובדיקות סקר,,"טיפולים בהתפתחות הילד — מודליות ספציפיות: רכיבה טיפולית, טיפולים ביצירה והבעה, טיפולים באמצעות בעלי חיים, ספורט טיפולי, פעילות טיפולית במים","כלל מבוטחי השב""ן בקופות החולים (לפי תוכנית והקופה)","הטבת שב""ן בנושא טיפולים בהתפתחות הילד — מודליות ספציפיות: רכיבה טיפולית, טיפולים ביצירה והבעה, טיפולים באמצעות בעלי חיים, ספורט טיפולי, פעילות טיפולית במים",,"זהב · PROG09 · אין מידע — מומלץ לבדוק

פלטינום · PROG10 · אין מידע — מומלץ לבדוק","כסף · PROG14 · אין מידע — מומלץ לבדוק

זהב · PROG15 · מכבי זהב — סעיף 13.2: רכיבה טיפולית, טיפולים ביצירה והבעה, טיפולים באמצעות בעלי חיים, ספורט טיפולי, פעילות טיפולית במים (לא פיזיותרפיה). גיל 3–10 וגיל 10–12 ADHD וגיל 10–18 סומאטי/אוטיסט. הפניה: רופא משפחה/ילדים/מכון התפתחות הילד. ₪45 לטיפול. עד 30 טיפולים בשנה, עד 100 סה""כ. תקופת המתנה 6 חודשים.

שלי · PROG16 · מכבי שלי — סעיף 28: אותן מודליות לגיל 3–18 (ADHD, סומאטי, אוטיזם, זכאי להתפתחות הילד). גיל 3–10: 20 טיפולים נוספים (סה""כ 50 יחד עם מכבי זהב). גיל 10–18 ADHD: 50 טיפולים ממכבי שלי. ₪45 לטיפול. תקופת המתנה 6 חודשים.","שיא · PROG20 · אין מידע — מומלץ לבדוק

עדיף · PROG19 · אין מידע — מומלץ לבדוק","כסף · PROG24 · אין מידע — מומלץ לבדוק

זהב · PROG25 · אין מידע — מומלץ לבדוק",טעון השוואה פרטנית,
531,רפואה מונעת ובדיקות סקר,,"שימור הכושר הקוגניטיבי — תוכניות ספציפיות (BrainSpa, Remind, BrainTrain)","כלל מבוטחי השב""ן בקופות החולים (לפי תוכנית והקופה)","הטבת שב""ן בנושא שימור הכושר הקוגניטיבי — תוכניות ספציפיות (BrainSpa, Remind, BrainTrain)","החזר/הטבה לשימור הכושר הקוגניטיבי — תוכניות ספציפיות (BrainSpa, Remind, BrainTrain) בין 163 ל-1,535 ₪","זהב · PROG09 · אין מידע — מומלץ לבדוק

פלטינום · PROG10 · אין מידע — מומלץ לבדוק","כסף · PROG14 · אין מידע — מומלץ לבדוק

זהב · PROG15 · אין מידע — מומלץ לבדוק

שלי · PROG16 · מכוסה — מבוטח מגיל 45 ומעלה שאינו מאובחן כחולה דמנציה זכאי להשתתפות בסדנה אחת או רכישה חד-פעמית של תוכנה אחת בתקופת החברות, אצל ספקים בהסכם; ספקים: BrainSpa (בריינספא), BrainTrain (בריין טריין), Remind (רימיינד); השתתפות עצמית לסדנה/אימון ממוחשב: ₪162.96 לסדרת מפגשים (קבוצתי BrainSpa) / ₪460.62 לסדרה (קבוצתי BrainTrain) / ₪1,535.36 לסדנה מלאה (BrainSpa — 16 מפגשים רצופים); תוכנה לאימון אישי: BrainSpa, Remind, BrainTrain; ספק בהסכם; תקופת המתנה לא צוינה (סעיף 21).","עדיף · PROG19 · אין מידע — מומלץ לבדוק

שיא · PROG20 · אין מידע — מומלץ לבדוק","כסף · PROG24 · אין מידע — מומלץ לבדוק

זהב · PROG25 · אין מידע — מומלץ לבדוק",טעון השוואה פרטנית,
532,רפואה מונעת ובדיקות סקר,,"חיסוני 'יוזמה' (שפעת, פנוימווקס, הפטיטיס A/B) שאינם בסל","כלל מבוטחי השב""ן בקופות החולים (לפי תוכנית והקופה)","חיסון Engerix B (הפטיטיס B למבוגרים וילדים) מצוי ברשימת תרופות בהנחה של מכבי זהב (נספח ו', שורות 2579–2581); כמו כן AREXVY (נגד RSV), BEXSERO I.M (מנינגוקוק B), SHINGRIX (אבעבועות ","החזר/הטבה לחיסוני 'יוזמה' (שפעת, פנוימווקס, הפטיטיס A/B) שאינם בסל עד 80 ₪","זהב · PROG09 · אין מידע — מומלץ לבדוק

פלטינום · PROG10 · אין מידע — מומלץ לבדוק","כסף · PROG14 · חיסון צהבת B (הפטיטיס B) מצוי ברשימת תרופות/חיסונים שבנספח ד' — חיסוני מטיילים; כמו כן סעיף 16 מאפשר רכישת חיסונים ברשימת מכבי כסף בהשתתפות עצמית לפי רשימה; חיסוני יוזמה שאינם בסל הבסיסי — יש לבדוק מול רשימת תרופות/חיסונים של מכבי כסף; נספח ד': צהבת B — ₪27.09 למנה, צהבת A — ₪49.28, נימריקס — ₪79.62; תקופת המתנה 3 חודשים (סעיף 16).

זהב · PROG15 · חיסון Engerix B (הפטיטיס B למבוגרים וילדים) מצוי ברשימת תרופות בהנחה של מכבי זהב (נספח ו', שורות 2579–2581); כמו כן AREXVY (נגד RSV), BEXSERO I.M (מנינגוקוק B), SHINGRIX (אבעבועות רוח/שינגריקס) מצויים ברשימה; השתתפות עצמית לפי רשימה (בדרך כלל 50%); נספח ה' מכבי זהב: צהבת B — ₪27.09, צהבת A — ₪49.28; תקופת המתנה 3 חודשים (סעיף 18א).

שלי · PROG16 · כיסוי חיסונים למטיילים בחו""ל בלבד (סעיף 19); השתתפות עצמית ₪27.09 לכל חיסון; עלות הייעוץ הרפואי מכוסה במלואה; לגבי חיסוני יוזמה שאינם בסל (שפעת, פנאומווקס) — אין מידע — מומלץ לבדוק; תקופת המתנה 6 חודשים.","עדיף · PROG19 · מכוסה — סעיף 6 לתקנון 'מאוחדת עדיף'. מבוטח שאינו בקבוצת סיכון ומעוניין בחיסון ביוזמתו זכאי לחיסונים: (6.1.1) הפטיטיס A או B; (6.1.2) שפעת; (6.1.3) פנוימווקס. תרכיבים יסופקו בבתי מרקחת של הקופה בתשלום אגרת מינימום (השתתפות עצמית מינימלית כבסל הממלכתי). אם לא ניתן לספק בבית מרקחת הקופה — שיפוי 40% מהמחיר לצרכן. תקופת המתנה: 6 חודשים.

שיא · PROG20 · מכוסה — בהיות מבוטח 'שיא' גם מבוטח 'עדיף', חל כיסוי כמפורט ב-PROG19 (סעיף 6 לתקנון 'מאוחדת עדיף'). חיסוני יוזמה: הפטיטיס A/B, שפעת, פנוימווקס — אגרת מינימום בבתי מרקחת הקופה; שיפוי 40% אם לא זמין. תקופת המתנה: 6 חודשים (אם טרם מומשה ב-ADIF).","כסף · PROG24 · אין מידע — מומלץ לבדוק

זהב · PROG25 · אין מידע — מומלץ לבדוק",מכבי זהב,
533,רפואה מונעת ובדיקות סקר,,בדיקה גנטית דור ישרים,"כלל מבוטחי השב""ן בקופות החולים (לפי תוכנית והקופה)","תוכנית 'דור ישרים' — 30% השתתפות עצמית ממחיר הבדיקה, תקרת ה""ע ₪173 לבדיקה. (מאוחדת עדיף, סעיף 20.5)",החזר/הטבה לבדיקה גנטית דור ישרים בין 173 ל-206 ₪,"זהב · PROG09 · אין מידע — מומלץ לבדוק

פלטינום · PROG10 · אין מידע — מומלץ לבדוק","כסף · PROG14 · אין מידע — מומלץ לבדוק

זהב · PROG15 · השתתפות עצמית ₪206.18 לחבילת הבדיקות אצל ספק בהסכם (מכבי זהב סעיף 28.1.3). אינו כולל תשלומי האצה.

שלי · PROG16 · אין מידע — מומלץ לבדוק","עדיף · PROG19 · תוכנית 'דור ישרים' — 30% השתתפות עצמית ממחיר הבדיקה, תקרת ה""ע ₪173 לבדיקה. (מאוחדת עדיף, סעיף 20.5)

שיא · PROG20 · אין מידע — מומלץ לבדוק","כסף · PROG24 · אין מידע — מומלץ לבדוק

זהב · PROG25 · אין מידע — מומלץ לבדוק",מאוחדת עדיף,
534,רפואה מונעת ובדיקות סקר,,"חיסונים לנוסעים לחו""ל — תעריפי השתתפות עצמית","כלל מבוטחי השב""ן בקופות החולים (לפי תוכנית והקופה)","הטבת שב""ן בנושא חיסונים לנוסעים לחו""ל — תעריפי השתתפות עצמית","החזר/הטבה לחיסונים לנוסעים לחו""ל — תעריפי השתתפות עצמית בין 50 ל-231 ₪","זהב · PROG09 · חיסונים במרפאות הסדר בהשתתפות עצמית לפי רשימה בנספח ד׳: ייעוץ ₪11, פוליו ₪7, טטנוס ₪18, טיפוס ₪20, Boostrix ₪24, MMR ₪19, כלבת ₪109, דלקת מח יפנית ₪39, קדחת צהובה ₪27, דלקת קרום המוח ₪31 ועוד (נספח ד׳ — תקנון כללית מושלם זהב)

פלטינום · PROG10 · פלטינום: השתתפות עצמית ₪20 לחיסון (כולל קדחת צהובה, כלבת, דלקת מח, TBE ועוד); ייעוץ בחינם; רשימה מפורטת בנספח ב׳ לתקנון פלטינום (תקנון פלטינום נספח ב׳)","כסף · PROG14 · ייעוץ + חיסונים בהשתתפות עצמית לפי נספח ד'. למשל: טטנוס ₪27.09; צהבת B ₪27.09; כלבת ₪46.76; קדחת צהובה ₪99.83; TBE ₪231.27 (מכבי כסף סעיף 17).

זהב · PROG15 · דמי רישום וייעוץ: ₪55.86; קדחת צהובה ₪99.83; TBE ₪231.27; כלבת ₪46.76; דלקת מח יפנית ₪205.98; טטנוס ₪27.09 (מכבי זהב נספח ה'). ללא תקופת המתנה.

שלי · PROG16 · ייעוץ: ₪0 (ללא עלות, מכוסה במלואו). כל חיסון: ₪27.09 (מכבי שלי סעיף 19). ללא תקופת המתנה.","עדיף · PROG19 · אין מידע — מומלץ לבדוק

שיא · PROG20 · חיסונים לנוסעים לחו""ל (מרפאות מור למטיל ואחרות) — ייעוץ רפואי ₪24 ה""ע; קדחת צהובה ₪35; כלבת סביל ₪30; דלקת קרום המוח ₪35; טטנוס+דיפטריה ₪4; צהבת A (מבוגר/ילד) ₪25; אנצפליטיס יפנית ₪59; טיפוס הבטן ₪20; פוליו ₪12; MMR ₪14; הפטיטיס B ₪13; TBE ₪59. (מאוחדת שיא, נספח ח')","כסף · PROG24 · דמי רישום/ייעוץ: ₪35; דלקת קרום המח: ₪50; דלקת קרום מח יפנית: ₪170; צהבת A: ₪50; טיפוס הבטן: ₪30; צהבת B: ₪30; טטנוס+דיפטריה: ₪30; בוסטריקס: ₪30; MMR: ₪30; MMRV: ₪80; פוליו: ₪30; TBE: ₪190; כלבת: ₪30; קדחת צהובה: ₪80; אבעבועות רוח: ₪60 (לאומית כסף, פרק כ""ז)

זהב · PROG25 · דמי רישום/ייעוץ: ₪35; כל שאר החיסונים: ₪20 כל חיסון (ללא יוצאים מן הכלל) (לאומית זהב, פרק כ""ז)",טעון השוואה פרטנית,
535,רפואה מונעת ובדיקות סקר,,בדיקת BRCA לנשאות סרטן שד ושחלה,"כלל מבוטחי השב""ן בקופות החולים (לפי תוכנית והקופה)","הטבת שב""ן בנושא בדיקת BRCA לנשאות סרטן שד ושחלה",החזר/הטבה לבדיקת BRCA לנשאות סרטן שד ושחלה עד 346 ₪,"זהב · PROG09 · אין מידע — מומלץ לבדוק

פלטינום · PROG10 · אין מידע — מומלץ לבדוק","כסף · PROG14 · אין מידע — מומלץ לבדוק

זהב · PROG15 · השתתפות עצמית ₪345.55. במרפאת הסכם בלבד, לאחר ייעוץ גנטי מקדים. למקרים שאינם מכוסים בסל הבסיסי (מכבי זהב סעיף 28.2.2).

שלי · PROG16 · אין מידע — מומלץ לבדוק","עדיף · PROG19 · אין מידע — מומלץ לבדוק

שיא · PROG20 · אין מידע — מומלץ לבדוק","כסף · PROG24 · אין מידע — מומלץ לבדוק

זהב · PROG25 · אין מידע — מומלץ לבדוק",טעון השוואה פרטנית,
536,רפואה מונעת ובדיקות סקר,,בדיקות סקר תקופתיות מקיפות — השתתפות עצמית,"כלל מבוטחי השב""ן בקופות החולים (לפי תוכנית והקופה)","הטבת שב""ן בנושא בדיקות סקר תקופתיות מקיפות — השתתפות עצמית",החזר/הטבה לבדיקות סקר תקופתיות מקיפות — השתתפות עצמית בין 57 ל-891 ₪,"זהב · PROG09 · זכאות אחת ל-24 חודש; השתתפות עצמית ₪240 לחבילת הבדיקות הכוללת: ממוגרפיה (₪79), גינקולוגיה (₪114), ארגומטריה (₪114), צפיפות עצם (₪57) (פרק ה׳ סעיף 31 — תקנון כללית מושלם זהב)

פלטינום · PROG10 · אין מידע — מומלץ לבדוק","כסף · PROG14 · אין מידע — מומלץ לבדוק

זהב · PROG15 · אין מידע — מומלץ לבדוק

שלי · PROG16 · השתתפות עצמית ₪27.10. גיל 45 ומעלה. אחת ל-3 שנים צפות. כולל בדיקות המטולוגיה, ביוכימיה, שתן, ראייה, שמיעה, ארגומטריה, גינקולוגיה ועוד (מכבי שלי סעיף 18).","עדיף · PROG19 · בדיקת סקר תקופתית — בקופת חולים: ₪343 ה""ע; מחוץ לקופה: 75% החזר עד ₪685. כל שנתיים. (מאוחדת עדיף, סעיף 8)

שיא · PROG20 · בדיקת סקר תקופתית — בקופת חולים: ₪343 ה""ע; מחוץ לקופה: 75% החזר עד ₪685. כל שנתיים. (מאוחדת שיא, סעיף 8)","כסף · PROG24 · פחות מ-3 שנות חברות: ₪891; 3+ שנות חברות: ₪652 (לאומית כסף, פרק כ' סעיף 1)

זהב · PROG25 · פחות מ-3 שנות חברות: ₪509; 3+ שנות חברות: ₪319 (לאומית זהב, פרק כ' סעיף 1)",טעון השוואה פרטנית,
537,רפואה מונעת ובדיקות סקר,,ממוגרפיה — השתתפות עצמית,"כלל מבוטחי השב""ן בקופות החולים (לפי תוכנית והקופה)","הטבת שב""ן בנושא ממוגרפיה — השתתפות עצמית",החזר/הטבה לממוגרפיה — השתתפות עצמית בין 87 ל-178 ₪,"זהב · PROG09 · אין מידע — מומלץ לבדוק

פלטינום · PROG10 · אין מידע — מומלץ לבדוק","כסף · PROG14 · השתתפות עצמית ₪177.78 במתקני מכבי (מכבי כסף סעיף 18.2.1). מעבר לזכאות החוקית.

זהב · PROG15 · השתתפות עצמית ₪177.78 במתקני מכבי (מכבי זהב סעיף 20.3.1). תקופת המתנה 6 חודשים.

שלי · PROG16 · אין מידע — מומלץ לבדוק","עדיף · PROG19 · אין מידע — מומלץ לבדוק

שיא · PROG20 · אין מידע — מומלץ לבדוק","כסף · PROG24 · השתתפות עצמית ₪87, אחת לשנה (לאומית כסף, פרק כ' סעיף 6)

זהב · PROG25 · השתתפות עצמית ₪87, אחת לשנה (לאומית זהב, פרק כ' סעיף 6)",טעון השוואה פרטנית,
538,רפואה מונעת ובדיקות סקר,,בדיקת צפיפות עצם (DEXA) — השתתפות עצמית,"כלל מבוטחי השב""ן בקופות החולים (לפי תוכנית והקופה)","הטבת שב""ן בנושא בדיקת צפיפות עצם (DEXA) — השתתפות עצמית",החזר/הטבה לבדיקת צפיפות עצם (DEXA) — השתתפות עצמית בין 125 ל-242 ₪,"זהב · PROG09 · אין מידע — מומלץ לבדוק

פלטינום · PROG10 · אין מידע — מומלץ לבדוק","כסף · PROG14 · בדיקת ירך בלבד: ₪175.70. ירך + עמוד שדרה: ₪241.59 (מכבי כסף סעיף 18.2.1).

זהב · PROG15 · בדיקת ירך בלבד: ₪175.70. ירך + עמוד שדרה: ₪241.59 (מכבי זהב סעיף 20.3.1). תקופת המתנה 6 חודשים.

שלי · PROG16 · אין מידע — מומלץ לבדוק","עדיף · PROG19 · אין מידע — מומלץ לבדוק

שיא · PROG20 · אין מידע — מומלץ לבדוק","כסף · PROG24 · השתתפות עצמית ₪125 (לאומית כסף, פרק כ' סעיף 5)

זהב · PROG25 · השתתפות עצמית ₪125 (לאומית זהב, פרק כ' סעיף 5)",טעון השוואה פרטנית,
539,רפואה מונעת ובדיקות סקר,,בדיקת RAST לאלרגיה — השתתפות עצמית,"כלל מבוטחי השב""ן בקופות החולים (לפי תוכנית והקופה)","הטבת שב""ן בנושא בדיקת RAST לאלרגיה — השתתפות עצמית",החזר/הטבה לבדיקת RAST לאלרגיה — השתתפות עצמית בין 51 ל-781 ₪,"זהב · PROG09 · אין מידע — מומלץ לבדוק

פלטינום · PROG10 · אין מידע — מומלץ לבדוק","כסף · PROG14 · השתתפות עצמית ₪241.38 במתקני מכבי (מכבי כסף סעיף 18.2.2).

זהב · PROG15 · השתתפות עצמית ₪241.38 במתקני מכבי (מכבי זהב סעיף 20.3.2). תקופת המתנה 6 חודשים.

שלי · PROG16 · אין מידע — מומלץ לבדוק","עדיף · PROG19 · אין מידע — מומלץ לבדוק

שיא · PROG20 · אין מידע — מומלץ לבדוק","כסף · PROG24 · RAST מורחב 7 קבוצות: ₪702; RAST רגיל 4 קבוצות: ₪376; אלרגיה עונתית 6 אלרגנים: ₪507; כלל עונתית: ₪781; לילדים 4 אלרגנים: ₪438; קבוצה אחת: ₪94; אלרגן בודד: ₪95 (לאומית כסף, פרק כ""א)

זהב · PROG25 · RAST מורחב 7 קבוצות: ₪424; RAST רגיל 4 קבוצות: ₪232; אלרגיה עונתית 6 אלרגנים: ₪304; כלל עונתית: ₪477; לילדים 4 אלרגנים: ₪260; קבוצה אחת: ₪57; אלרגן בודד: ₪51 (לאומית זהב, פרק כ""א)",טעון השוואה פרטנית,
540,רפואה מונעת ובדיקות סקר,,בדיקת ספורט וכשירות בריאותית — תעריפים,"כלל מבוטחי השב""ן בקופות החולים (לפי תוכנית והקופה)","הטבת שב""ן בנושא בדיקת ספורט וכשירות בריאותית — תעריפים",החזר/הטבה לבדיקת ספורט וכשירות בריאותית — תעריפים בין 58 ל-111 ₪,"זהב · PROG09 · אין מידע — מומלץ לבדוק

פלטינום · PROG10 · אין מידע — מומלץ לבדוק","כסף · PROG14 · עם ארגומטריה: החזר 50% עד ₪110.84 פעם אחת לשנה. ללא ארגומטריה: 50% עד ₪47.70 (מכבי כסף סעיפים 19.2–19.3).

זהב · PROG15 · עם ארגומטריה: החזר 50% עד ₪110.84 פעם אחת לשנה. ללא ארגומטריה: 50% עד ₪47.70 (מכבי זהב סעיפים 21.2–21.3). ללא תקופת המתנה.

שלי · PROG16 · אין מידע — מומלץ לבדוק","עדיף · PROG19 · אין מידע — מומלץ לבדוק

שיא · PROG20 · אין מידע — מומלץ לבדוק","כסף · PROG24 · השתתפות עצמית ₪72 לבדיקה (לאומית כסף, פרק ל""ה סעיף 2.3.1)

זהב · PROG25 · השתתפות עצמית ₪58 לבדיקה (לאומית זהב, פרק ל""ה סעיף 2.3.2)",טעון השוואה פרטנית,
541,רפואה מונעת ובדיקות סקר,,קולונוסקופיה וירטואלית — השתתפות עצמית,"כלל מבוטחי השב""ן בקופות החולים (לפי תוכנית והקופה)","הטבת שב""ן בנושא קולונוסקופיה וירטואלית — השתתפות עצמית",החזר/הטבה לקולונוסקופיה וירטואלית — השתתפות עצמית בין 290 ל-678 ₪,"זהב · PROG09 · אין מידע — מומלץ לבדוק

פלטינום · PROG10 · אין מידע — מומלץ לבדוק","כסף · PROG14 · אין מידע — מומלץ לבדוק

זהב · PROG15 · אין מידע — מומלץ לבדוק

שלי · PROG16 · גיל 50–75. אחת ל-5 שנים. השתתפות עצמית ₪677.51 (מכבי שלי סעיף 37).","עדיף · PROG19 · אין מידע — מומלץ לבדוק

שיא · PROG20 · אין מידע — מומלץ לבדוק","כסף · PROG24 · השתתפות עצמית ₪434 (מגיל 40+, אחת ל-5 שנים) (לאומית כסף, פרק כ' סעיף 3)

זהב · PROG25 · השתתפות עצמית ₪290 (מגיל 40+, אחת ל-5 שנים) (לאומית זהב, פרק כ' סעיף 3)",טעון השוואה פרטנית,
542,רפואה מונעת ובדיקות סקר,,סיגמואידוסקופיה — השתתפות עצמית,"כלל מבוטחי השב""ן בקופות החולים (לפי תוכנית והקופה)","הטבת שב""ן בנושא סיגמואידוסקופיה — השתתפות עצמית",החזר/הטבה לסיגמואידוסקופיה — השתתפות עצמית בין 76 ל-178 ₪,"זהב · PROG09 · אין מידע — מומלץ לבדוק

פלטינום · PROG10 · אין מידע — מומלץ לבדוק","כסף · PROG14 · בדיקה ראשונה: ₪178.23. בדיקה שנתית חוזרת: ₪76.39. מעבר לבדיקות ניתנות ע""י מכבי על פי החוק (מכבי כסף סעיף 18.2.1).

זהב · PROG15 · בדיקה ראשונה: ₪178.23. בדיקה שנתית חוזרת: ₪76.38 (מכבי זהב סעיף 20.3.1). תקופת המתנה 6 חודשים.

שלי · PROG16 · אין מידע — מומלץ לבדוק","עדיף · PROG19 · אין מידע — מומלץ לבדוק

שיא · PROG20 · אין מידע — מומלץ לבדוק","כסף · PROG24 · אין מידע — מומלץ לבדוק

זהב · PROG25 · אין מידע — מומלץ לבדוק",טעון השוואה פרטנית,
543,רפואה מונעת ובדיקות סקר,,PAP smear — השתתפות עצמית,"כלל מבוטחי השב""ן בקופות החולים (לפי תוכנית והקופה)","הטבת שב""ן בנושא PAP smear — השתתפות עצמית",,"זהב · PROG09 · אין מידע — מומלץ לבדוק

פלטינום · PROG10 · אין מידע — מומלץ לבדוק","כסף · PROG14 · אין מידע — מומלץ לבדוק

זהב · PROG15 · אין מידע — מומלץ לבדוק

שלי · PROG16 · אין מידע — מומלץ לבדוק","עדיף · PROG19 · אין מידע — מומלץ לבדוק

שיא · PROG20 · אין מידע — מומלץ לבדוק","כסף · PROG24 · השתתפות עצמית ₪36, אחת לשנתיים (לאומית כסף, פרק כ' סעיף 4)

זהב · PROG25 · השתתפות עצמית ₪36, אחת לשנתיים (לאומית זהב, פרק כ' סעיף 4)",טעון השוואה פרטנית,
544,רפואה מונעת ובדיקות סקר,,דם סמוי בצואה — השתתפות עצמית,"כלל מבוטחי השב""ן בקופות החולים (לפי תוכנית והקופה)","הטבת שב""ן בנושא דם סמוי בצואה — השתתפות עצמית",,"זהב · PROG09 · אין מידע — מומלץ לבדוק

פלטינום · PROG10 · אין מידע — מומלץ לבדוק","כסף · PROG14 · אין מידע — מומלץ לבדוק

זהב · PROG15 · אין מידע — מומלץ לבדוק

שלי · PROG16 · אין מידע — מומלץ לבדוק","עדיף · PROG19 · אין מידע — מומלץ לבדוק

שיא · PROG20 · אין מידע — מומלץ לבדוק","כסף · PROG24 · השתתפות עצמית ₪38 (לאומית כסף, פרק כ' סעיף 2)

זהב · PROG25 · פטור מהשתתפות עצמית (לאומית זהב, פרק כ' סעיף 2)",טעון השוואה פרטנית,
545,רפואה מונעת ובדיקות סקר,,בדיקות קרישיות יתר (MTHFR/Factor II/V),"כלל מבוטחי השב""ן בקופות החולים (לפי תוכנית והקופה)","הטבת שב""ן בנושא בדיקות קרישיות יתר (MTHFR/Factor II/V)",החזר/הטבה לבדיקות קרישיות יתר (MTHFR/Factor II/V) בין 122 ל-146 ₪,"זהב · PROG09 · אין מידע — מומלץ לבדוק

פלטינום · PROG10 · אין מידע — מומלץ לבדוק","כסף · PROG14 · אין מידע — מומלץ לבדוק

זהב · PROG15 · אין מידע — מומלץ לבדוק

שלי · PROG16 · אין מידע — מומלץ לבדוק","עדיף · PROG19 · אין מידע — מומלץ לבדוק

שיא · PROG20 · אין מידע — מומלץ לבדוק","כסף · PROG24 · ₪146 לכל בדיקה (לאומית כסף, פרק כ""א)

זהב · PROG25 · ₪122 לכל בדיקה (לאומית זהב, פרק כ""א)",טעון השוואה פרטנית,
546,רפואה מונעת ובדיקות סקר,,בדיקות גנטיות לנשאות — מכון חיצוני,"כלל מבוטחי השב""ן בקופות החולים (לפי תוכנית והקופה)","בדיקת נשאות גנטית (USHER, ML4, נימן פיק ועוד) במכון חיצוני שבהסכם — 80% החזר מההוצאה, עד תקרה ₪1,114 לבדיקה. ניתן לבצע פעם אחת בתקופת חברות. (מאוחדת עדיף, סעיף 20.3)","החזר/הטבה לבדיקות גנטיות לנשאות — מכון חיצוני עד 1,114 ₪","זהב · PROG09 · אין מידע — מומלץ לבדוק

פלטינום · PROG10 · אין מידע — מומלץ לבדוק","כסף · PROG14 · אין מידע — מומלץ לבדוק

זהב · PROG15 · אין מידע — מומלץ לבדוק

שלי · PROG16 · אין מידע — מומלץ לבדוק","עדיף · PROG19 · בדיקת נשאות גנטית (USHER, ML4, נימן פיק ועוד) במכון חיצוני שבהסכם — 80% החזר מההוצאה, עד תקרה ₪1,114 לבדיקה. ניתן לבצע פעם אחת בתקופת חברות. (מאוחדת עדיף, סעיף 20.3)

שיא · PROG20 · אין מידע — מומלץ לבדוק","כסף · PROG24 · אין מידע — מומלץ לבדוק

זהב · PROG25 · אין מידע — מומלץ לבדוק",מאוחדת עדיף,
547,רפואה מונעת ובדיקות סקר,,בדיקת ספורט לילד ולמבוגר — תעריפי לאומית,"כלל מבוטחי השב""ן בקופות החולים (לפי תוכנית והקופה)","הטבת שב""ן בנושא בדיקת ספורט לילד ולמבוגר — תעריפי לאומית",החזר/הטבה לבדיקת ספורט לילד ולמבוגר — תעריפי לאומית בין 56 ל-108 ₪,"זהב · PROG09 · אין מידע — מומלץ לבדוק

פלטינום · PROG10 · אין מידע — מומלץ לבדוק","כסף · PROG14 · אין מידע — מומלץ לבדוק

זהב · PROG15 · אין מידע — מומלץ לבדוק

שלי · PROG16 · אין מידע — מומלץ לבדוק","עדיף · PROG19 · אין מידע — מומלץ לבדוק

שיא · PROG20 · אין מידע — מומלץ לבדוק","כסף · PROG24 · ילד (עד 17): ₪56 לבדיקה; מבוגר (17+): ₪108 לבדיקה (לאומית כסף, פרק ל""ה סעיף 1.3)

זהב · PROG25 · ילד (עד 17): ₪56 לבדיקה; מבוגר (17+): ₪108 לבדיקה (לאומית זהב, פרק ל""ה סעיף 1.3)",טעון השוואה פרטנית,
548,ראייה ואופטיקה,,אופטיקה / משקפיים / עדשות מגע,"כלל מבוטחי השב""ן בקופות החולים (לפי תוכנית והקופה)","נספח ג', סעיף 16.2 — אביזרי ראייה רפואיים (רכישה אצל ספקים בהסכם בלבד):","החזר/הטבה לאופטיקה / משקפיים / עדשות מגע בין 70 ל-10,000 ₪","זהב · PROG09 · משקפי ראייה או עדשות מגע אופטיות (לא קוסמטיות) לעמית בגילאי 8–18, בדגמים שאושרו ע""י כללית מושלם, כולל בדיקת ראייה. עד 1/1/25: הנחה של ₪600 (לא יותר ממחיר המשקפיים/עדשות). החל מ-1/1/25: עד ₪600 — השתתפות עצמית ₪40 אצל ספק הסדר; מעל ₪600 — הנחה ₪560. זכאות: פעם בשנה קלנדרית. תקופת אכשרה: 3 חודשים. בנוסף: עדשות לחולי קרטוקונוס — פעם בשנה (מעל גיל 18).

פלטינום · PROG10 · אין מידע — מומלץ לבדוק. הכיסוי לאופטיקה/משקפיים ניתן במסגרת 'מושלם זהב' (ראו עמודת כללית מושלם זהב).","כסף · PROG14 · נספח ג', סעיף 14.2 — אביזרי ראייה רפואיים (רכישה אצל ספקים בהסכם בלבד):
זכאות: רכישה אחת בשנה מבין האביזרים הבאים (במקרים שאינם בסל הבריאות):
א. עדשות למשקפיים:
  א.1 קרטוקונוס מגיל 18.
  א.2 קוצר ראייה / אסטיגמטיזם ממספר 7 ומעלה מגיל 8.
  א.3 רוחק ראייה ממספר 5 ומעלה מגיל 8 עד גיל 10.
  א.4 רוחק ראייה ממספר 7 ומעלה מעל גיל 10.
ב. עדשות מגע: אותם מקרים כבסעיף א; גם עדשות מגע לריפוי קרנית / לאחר השתלת קרנית.
ג. משקפיים טלסקופיים ומיקרוסקופיים מגיל 18 (חדות ראייה מתוקנת 6/20 או פחות בעין הטובה).
ד. משקפי ראייה (מסגרת ועדשות) גיל 8–18 שאינם נכללים בסעיף א: עד ₪600; ה""ע ₪40.
ה""ע: נקבעת לפי דגם הנבחר (מפורסם באתר מכבי).
הערה: אין כפל כיסויים עם מכבי שלי.

זהב · PROG15 · נספח ג', סעיף 16.2 — אביזרי ראייה רפואיים (רכישה אצל ספקים בהסכם בלבד):
זכאות: רכישה אחת בשנה מבין האביזרים הבאים (במקרים שאינם בסל הבריאות):
א. עדשות למשקפיים:
  א.1 קרטוקונוס מגיל 18.
  א.2 קוצר ראייה / אסטיגמטיזם ממספר 7 ומעלה מגיל 8.
  א.3 רוחק ראייה ממספר 5 ומעלה מגיל 8 עד גיל 10.
  א.4 רוחק ראייה ממספר 7 ומעלה מעל גיל 10.
ב. עדשות מגע: קרטוקונוס מגיל 18; קוצר ראייה/אסטיגמטיזם ממספר 7; רוחק ממספר 5 עד גיל 10; ממספר 7 מעל גיל 10; עדשות מגע לריפוי קרנית / לאחר השתלת קרנית.
ג. משקפיים טלסקופיים ומיקרוסקופיים מגיל 18 (חדות ≤6/20 בעין הטובה).
ד. אביזר עזר דיגיטלי אישי לביש לבעלי תעודת עוור: ה""ע ₪8,000 (ללא זיהוי תמונה); ₪10,000 (כולל זיהוי תמונה).
ה. משקפי ראייה (מסגרת ועדשות) גיל 8–18: עד ₪600; ה""ע ₪40.
ה""ע לרוב האביזרים: נקבעת לפי דגם הנבחר (מפורסם באתר מכבי).
הערה: אין כפל הטבות עם מכבי שלי — בכל תקופת זמן ניתן לממש הטבת מכבי זהב או מכבי שלי, לא שתיהן.

שלי · PROG16 · סעיף 29 — אביזרי ראייה (תוספת חדשה, מחליפה הטבת מכבי זהב):
גיל: 18 ומעלה.
החזר: 50% מהוצאה בפועל.
תקרה מצטברת: ₪1,200.95 לכלל הרכישות.
מתחדש כל 3 שנים צפות.
מחייב אישור אופטומטריסט.
אין כפל כיסויים עם מכבי זהב — חבר מכבי שלי בוחר לממש הטבה זו או הטבת נספח ג' של מכבי זהב, לא שתיהן.
תקופת אכשרה: 6 חודשים.","עדיף · PROG19 · אין מידע — מומלץ לבדוק

[הערה: תקנון ""מאוחדת עדיף"" אינו כולל סעיף מפורש לאופטיקה/משקפיים/עדשות מגע. ברשימת האביזרים הרפואיים (נספח ה') מוזכרות עדשות מגע אך ורק במקרה של מחלות בלישכה הקדמית, כחלק מאביזרים רפואיים חיוניים. אין כיסוי לרכישת משקפי ראייה שגרתיים או עדשות מגע אופטיות ברשימת הסעיפים של פרק ב'.]

שיא · PROG20 · סעיף 36 — אופטיקה לילדים, נוער ומבוגרים
תקופת המתנה: 6 חודשים מיום הצטרפות לתוכנית.

א. ילדים ונוער מגיל 8 ועד גיל 18 יהיו זכאים לרכוש פעם בשנה משקפי ראיה שמחירם עד 700 ש""ח בהשתתפות עצמית של 10%. כאשר מחיר המשקפיים עולה על 700 ש""ח, ישלם המבוטח את עלות ההפרש בתוספת של 70 ש""ח.

ב. (על פי ההקשר בטבלה — מבוגרים מעל גיל 70) מבוגרים מעל גיל 70 יהיו זכאים לרכוש פעם בשנתיים משקפיים מולטיפוקליים או ביפוקאליים שמחירם עד 1,200 ש""ח בהשתתפות עצמית של 10%. כאשר מחיר המשקפיים עולה על 1,200 ש""ח, ישלם המבוטח את עלות ההפרש בתוספת של 120 ש""ח. לחלופין, זכאות לרכוש משקפי ראייה פעם בשנתיים שמחירם עד 700 ש""ח בהשתתפות עצמית של 10%; אם מחיר עולה על 700 ש""ח — ישלם את ההפרש בתוספת 70 ש""ח.

ג. מבוטחים מעל גיל 18 ועד גיל 70 יהיו זכאים לרכוש אחת לשנתיים מספקים שבהסדר, משקפיים אופטיים או עדשות מגע אופטיות שעלותם עד 900 ש""ח בהנחה של 80%. עבור משקפיים אופטיים או עדשות מגע אופטיות שמחירם מעל 900 ש""ח תינתן הנחה של 50% ועד תקרת הנחה של 1,150 ש""ח. בגין משקפיים שעלותם גבוהה מ-2,300 ש""ח ישלם המבוטח בנוסף להשתתפות את מלוא העלות מעבר לשווי זה.

ד. ההטבות ניתנות למימוש אצל ספקים שבהסדר וכוללות בדיקת עיניים ע""י אופטומטריסט מוסמך.","כסף · PROG24 · פרק ל""ו — שירותי אופטיקה. תקופת אכשרה: ללא לשירותי ההנחות (סעיף 2.1); 3 חודשים למשקפי ראייה (סעיף 2.2). כל השירותים בחנויות רשת ""לאומית אופטיקה"" בלבד.

1. הנחות בשירותי אופטיקה (סעיף 2.1) — זהה לשני התוכניות:
   — בדיקות ראייה להתאמת משקפיים: ללא השתתפות עצמית (בכפוף לרכישת משקפיים בחנות).
   — בדיקות ראייה ממשרד הרישוי: בהשתתפות עצמית ₪30.
   — עדשות משקפיים (מדף עד מס' 6 ועד צילינדר 2): הנחה החל מ-30%.
   — עדשות משקפיים בהתאמה אישית: הנחה 15%.
   — עדשות מגע (למעט חד-פעמיות): הנחה 15%.
   — מסגרות למשקפי ראייה ושמש: הנחה 15% / 30% (לפי סוג הדגם).

2. משקפי ראייה בהשתתפות עצמית (סעיף 2.2) — מדגמים שאושרו ע""י לאומית שמחירם הכולל (מסגרת + עדשות מדף RC39 עד מס' 6 עד צילינדר 2) הינו עד ₪650 ברשת לאומית אופטיקה:
   — לילדים עד גיל 18: השתתפות עצמית ₪40. זכאות פעם בשנה.
   — למבוגרים מגיל 18 ומעלה: השתתפות עצמית ₪150. זכאות פעם בשנתיים.

זהב · PROG25 · פרק ל""ו — שירותי אופטיקה. תקופת אכשרה: ללא לשירותי ההנחות (סעיף 2.1); 3 חודשים למשקפי ראייה (סעיף 2.2). כל השירותים בחנויות רשת ""לאומית אופטיקה"" בלבד.

1. הנחות בשירותי אופטיקה (סעיף 2.1) — זהה לשני התוכניות:
   — בדיקות ראייה להתאמת משקפיים: ללא השתתפות עצמית (בכפוף לרכישת משקפיים בחנות).
   — בדיקות ראייה ממשרד הרישוי: בהשתתפות עצמית ₪30.
   — עדשות משקפיים (מדף עד מס' 6 ועד צילינדר 2): הנחה החל מ-30%.
   — עדשות משקפיים בהתאמה אישית: הנחה 15%.
   — עדשות מגע (למעט חד-פעמיות): הנחה 15%.
   — מסגרות למשקפי ראייה ושמש: הנחה 15% / 30% (לפי סוג הדגם).

2. משקפי ראייה בהשתתפות עצמית (סעיף 2.2) — מדגמים שאושרו ע""י לאומית שמחירם הכולל (מסגרת + עדשות מדף RC39 עד מס' 6 עד צילינדר 2) הינו עד ₪650 ברשת לאומית אופטיקה:
   — לילדים עד גיל 18: השתתפות עצמית ₪40. זכאות פעם בשנה.
   — למבוגרים מגיל 18 ומעלה: השתתפות עצמית ₪150. זכאות פעם בשנתיים.

הערה: סעיף 2.2 זהה בשני התוכניות. ההבדל העיקרי בין כסף לזהב בפרק זה הוא שלזהב יש בנוסף ""רשימת אביזרים רפואיים לרכישה אצל ספקי הסדר"" ו""רשימת אביזרים בהנחה לחברי לאומית זהב בלבד בבתי המרקחת של הקופה"" (פרק כ""ד).",מכבי זהב,
549,ראייה ואופטיקה,,ניתוח לייזר לעיניים,"כלל מבוטחי השב""ן בקופות החולים (לפי תוכנית והקופה)","פרק כ""ט — ניתוח לייזר לתיקון ראייה. תקופת אכשרה: 6 חודשים.","החזר/הטבה לניתוח לייזר לעיניים בין 2,236 ל-13,496 ₪","זהב · PROG09 · אין מידע — מומלץ לבדוק. ניתוח לייזר לעיניים מכוסה במסגרת 'מושלם פלטינום' (ראו עמודת כללית מושלם פלטינום).

פלטינום · PROG10 · ניתוח לייזר לתיקון קוצר ראייה: ניתוח אחד לעמית שמלאו לו 18, במכונים שבהסדר. השתתפות עצמית כמפורט באתר כללית מושלם, ולא יותר מ-₪9,007 לניתוח בשתי העיניים או ₪4,504 לניתוח בעין אחת, בכפוף לסוג הניתוח. תקופת אכשרה: 6 חודשים.","כסף · PROG14 · אין מידע — מומלץ לבדוק

זהב · PROG15 · אין מידע — מומלץ לבדוק

שלי · PROG16 · סעיף 30 — ניתוח לייזר לתיקון קוצר ראייה (חדש):
גיל: 18 ומעלה.
ה""ע: עד ₪9,902.82 לשתי העיניים (לפי סוג הניתוח והספק).
מגבלה: ניתוח אחד לכל עין לתקופת חברות.
מבוצע אצל ספקים בהסכם.
תקופת אכשרה: 6 חודשים.","עדיף · PROG19 · סעיף 27 — טיפולי לייזר לתיקון קוצר ראייה
תקופת המתנה: לא נדרשת תקופת המתנה.

סעיף 27.1 — מבוטח שמלאו לו 18 שנים יהיה זכאי לעבור ניתוח לתיקון קוצר ראייה בתנאי שהניתוח יבוצע במכון/בית חולים הקשורים עם הקופה בהסכם ובכפוף לתשלום השתתפות עצמית בגובה שבין 2,150 ועד 5,200 ש""ח לעין, או 4,300 ועד 10,400 ש""ח לשתי העיניים, בהתאם לסוג הניתוח ולמרכז הרפואי אשר נבחר על ידו מאלה הקשורים עם הקופה בהסכם.

סעיף 27.2 — רשימת הניתוחים והמרכזים הרפואיים הקשורים עם הקופה בהסכם יעמדו לרשות המבוטח בסניפי הקופה ובאתר האינטרנט של הקופה.

שיא · PROG20 · סעיף 40 — טיפולי לייזר לתיקון קוצר ראיה
תקופת המתנה: 6 חודשים מיום ההצטרפות לתכנית.
מהות השירות ביחס לזכאות על פי ""מאוחדת עדיף"": משופר חלופי.

סעיף 40.1 — מבוטח שמלאו לו 18 שנים יהיה זכאי לעבור ניתוח לתיקון קוצר ראייה בתנאי שהניתוח יבוצע במכון/בית חולים הקשורים עם הקופה בהסכם ובכפוף לתשלום השתתפות עצמית בגובה שבין 925 ועד 4,000 ש""ח לעין, או 1,850 ועד 8,000 ש""ח לשתי העיניים, בהתאם לסוג הניתוח ולמרכז הרפואי אשר נבחר על ידו מאלה הקשורים עם הקופה בהסכם.

סעיף 40.2 — רשימת הניתוחים והמרכזים הרפואיים הקשורים עם הקופה בהסכם יעמדו לרשות המבוטח בסניפי הקופה ובאתר האינטרנט של הקופה.

סעיף 40.3 — ממועד תום תקופת ההמתנה, הזכאות על פי סעיף זה תחליף את הזכאות הקיימת מכוח סעיף 27.1 לתקנון ""מאוחדת עדיף"".","כסף · PROG24 · פרק כ""ט — ניתוח לייזר לתיקון ראייה. תקופת אכשרה: 6 חודשים.

מקרה מזכה: ביצוע ניתוח באמצעות לייזר לתיקון קוצר ראייה, במכון שבהסדר.

התשלום (סעיף 2):
— עין אחת: עמית לאומית כסף יישא בהשתתפות עצמית בסכומים שבין ₪3,166 עד ₪6,748 (בהתאם לסוג הניתוח ולמכון שבהסדר).
— שתי עיניים: עמית לאומית כסף יישא בהשתתפות עצמית בסכומים שבין ₪6,334 עד ₪13,496.

תנאי זכאות: הכיסוי חד-פעמי לכל תקופת ההסכם. זכאות לניתוח אחד עבור כל אחת משתי העיניים בכל תקופת ההסכם.

הערה: ההשתתפויות העצמיות מפורטות ברשימה המתעדכנת ונתונות לשינוי. סכומים המצוינים נכונים לנובמבר 2025.

זהב · PROG25 · פרק כ""ט — ניתוח לייזר לתיקון ראייה. תקופת אכשרה: 6 חודשים.

מקרה מזכה: ביצוע ניתוח באמצעות לייזר לתיקון קוצר ראייה, במכון שבהסדר.

התשלום (סעיף 2):
— עין אחת: עמית לאומית זהב יישא בהשתתפות עצמית בסכומים שבין ₪2,236 עד ₪5,673 (בהתאם לסוג הניתוח ולמכון שבהסדר).
— שתי עיניים: עמית לאומית זהב יישא בהשתתפות עצמית בסכומים שבין ₪4,470 עד ₪11,346.

תנאי זכאות: הכיסוי חד-פעמי לכל תקופת ההסכם. זכאות לניתוח אחד עבור כל אחת משתי העיניים בכל תקופת ההסכם.

הערה: ההשתתפויות העצמיות מפורטות ברשימה המתעדכנת ונתונות לשינוי. סכומים המצוינים נכונים לנובמבר 2025.",לאומית כסף,
550,ראייה ואופטיקה,,אביזר להקראה ואביזר לזיהוי והקראה לכבדי ראייה,"כלל מבוטחי השב""ן בקופות החולים (לפי תוכנית והקופה)","נספח ג' סעיף 4 — אביזר עזר דיגיטלי לביש באמצעות מצלמה ורמקול לבעלי תעודת עוור: ללא זיהוי תמונה — השתתפות עצמית ₪8,000; כולל זיהוי תמונה — השתתפות עצמית ₪10,000 ש""ח. רכישה מספק בהסכ","החזר/הטבה לאביזר להקראה ואביזר לזיהוי והקראה לכבדי ראייה בין 7,500 ל-10,000 ₪","זהב · PROG09 · מכוסה — פרק ה' סעיף 44 + נספח א' — אביזר להקראה: השתתפות עצמית ₪8,000; אביזר לזיהוי והקראה: השתתפות עצמית ₪10,000; לעמיתים מעל גיל 18 בעלי תעודת עיוור/כבדות ראייה, עם אישור מראש מהמנהל הרפואי; פעם בשנתיים קלנדריות לאחד משני האביזרים; תקופת אכשרה 6 חודשים

פלטינום · PROG10 · ככל כללית מושלם זהב — פלטינום אינו מוסיף כיסוי מפורש לנושא זה","כסף · PROG14 · אין מידע — מומלץ לבדוק

זהב · PROG15 · נספח ג' סעיף 4 — אביזר עזר דיגיטלי לביש באמצעות מצלמה ורמקול לבעלי תעודת עוור: ללא זיהוי תמונה — השתתפות עצמית ₪8,000; כולל זיהוי תמונה — השתתפות עצמית ₪10,000 ש""ח. רכישה מספק בהסכם (נספח ג' מכבי זהב). זכאות אחת בשנה לאביזרי ראיה.

שלי · PROG16 · אין מידע — מומלץ לבדוק","עדיף · PROG19 · מכוסה — נספח ה׳ (עמ׳ 58–59 תקנון עדיף): אביזר להקראה — תקרת השתתפות הקופה ₪7,500; אביזר לזיהוי והקראה — תקרת השתתפות הקופה ₪9,500. השתתפות המבוטח 50%. זכאות אחת לשנתיים לאחד משני האביזרים. למבוטחים מעל גיל 18 בעלי תעודת עיוור/כבדות ראייה בלבד. ספק בהסכם.

שיא · PROG20 · אין מידע — מומלץ לבדוק","כסף · PROG24 · אין מידע — מומלץ לבדוק

זהב · PROG25 · אין מידע — מומלץ לבדוק",מכבי זהב,
551,ראייה ואופטיקה,,גלגל עין תותב (פרוסתזה עינית),"כלל מבוטחי השב""ן בקופות החולים (לפי תוכנית והקופה)","הטבת שב""ן בנושא גלגל עין תותב (פרוסתזה עינית)",,"זהב · PROG09 · אין מידע — מומלץ לבדוק

פלטינום · PROG10 · אין מידע — מומלץ לבדוק","שלי · PROG16 · אין מידע — מומלץ לבדוק

כסף · PROG14 · אין מידע — מומלץ לבדוק

זהב · PROG15 · אין מידע — מומלץ לבדוק","עדיף · PROG19 · מכוסה — נספח ה׳, תותבות (עמ׳ 56 תקנון עדיף): גלגל העין — תותב (למקרה שאין כיסוי ע""י משרד הבריאות) — השתתפות המבוטח 50%. כפוף לתקרה שנתית כוללת של $750 על כלל האביזרים.

שיא · PROG20 · מכוסה — נספח ה׳, תותבות (עמ׳ 47 תקנון שיא): גלגל העין (למקרה שאין כיסוי ע""י משרד הבריאות) — השתתפות המבוטח 50%, ספק בהסכם.","כסף · PROG24 · אין מידע — מומלץ לבדוק

זהב · PROG25 · אין מידע — מומלץ לבדוק",טעון השוואה פרטנית,
552,ראייה ואופטיקה,,משקפי ראיה ועדשות מגע אופטיות לכלל הציבור (18+),"כלל מבוטחי השב""ן בקופות החולים (לפי תוכנית והקופה)",מכוסה — סעיף 36ג–ד תקנון שיא (עמ׳ 34–35): מבוטחים מגיל 18 עד 70 — רכישת משקפיים אופטיים או עדשות מגע אחת לשנתיים אצל ספקים שבהסדר: עד ₪900 — הנחה 80%; מעל ₪900 — הנחה 50% עד תקרת ה,"החזר/הטבה למשקפי ראיה ועדשות מגע אופטיות לכלל הציבור (18+) בין 120 ל-2,300 ₪","זהב · PROG09 · אין מידע — מומלץ לבדוק (כללית מושלם זהב אינו כולל כיסוי למשקפי ראייה לציבור הכללי מגיל 18+; בנספח א' מופיעות רק עדשות לחולי קרטוקונוס)

פלטינום · PROG10 · אין מידע — מומלץ לבדוק (פרק ח' בפלטינום כולל משקפי ראייה/עדשות מגע אופטיות, אך הכיסוי מוגבל לגיל 8–18 בלבד — ראו נושא ""משקפי ראיה ועדשות מגע לילדים גיל 8–18"")","כסף · PROG14 · נספח ג' (תקנון מכבי כסף) — עדשות מגע/עדשות למשקפיים במקרים רפואיים ספציפיים: קרטוקונוס מגיל 18; קוצר/רוחק ראיה/אסטיגמטיזם ממספר 7 ומעלה מגיל 8; עדשות מגע לריפוי קרנית/לאחר השתלת קרנית; משקפיים טלסקופיים ומקרוסקופיים מגיל 18 (חדות ראיה 6/20 ומטה). רכישה אחת בשנה בספק בהסכם. אין כיסוי למשקפיים לכלל הציבור ב-PROG14.

זהב · PROG15 · נספח ג' (תקנון מכבי זהב) — עדשות למשקפיים/עדשות מגע במקרים רפואיים ספציפיים (קרטוקונוס, קוצר ראיה/אסטיגמטיזם ≥7, רוחק ראיה ≥5 עד גיל 10 / ≥7 מעל גיל 10, עדשות לריפוי קרנית, משקפי טלסקופ/מיקרוסקופ מגיל 18); השתתפות עצמית לפי דגם; זכאות אחת בשנה. אין כיסוי למשקפיים לכלל הציבור ב-PROG15.

שלי · PROG16 · סעיף 29 (תקנון מכבי שלי) — משקפי ראיה ועדשות מגע אופטיות לכלל הציבור מגיל 18+: כיסוי 50% מהוצאה בפועל עד תקרה מצטברת ₪1,200.95; רכישה בספקים בהסכם; אישור אופטומטריסט מורשה; מתחדש כל 3 שנים צפות; תקופת המתנה 6 חודשים.","עדיף · PROG19 · אין מידע — מומלץ לבדוק

שיא · PROG20 · מכוסה — סעיף 36ג–ד תקנון שיא (עמ׳ 34–35): מבוטחים מגיל 18 עד 70 — רכישת משקפיים אופטיים או עדשות מגע אחת לשנתיים אצל ספקים שבהסדר: עד ₪900 — הנחה 80%; מעל ₪900 — הנחה 50% עד תקרת הנחה ₪1,150 (מגבלה: מחיר מעל ₪2,300 — המבוטח ישלם את מלוא ההפרש). מבוגרים מעל 70 — משקפיים מולטיפוקאליים/ביפוקאליים עד ₪1,200 בהשתתפות עצמית 10%; מעל ₪1,200 — ישולם ההפרש ועוד ₪120.","כסף · PROG24 · אין מידע — מומלץ לבדוק

זהב · PROG25 · אין מידע — מומלץ לבדוק",מאוחדת שיא,
553,ראייה ואופטיקה,,משקפי ראיה ועדשות מגע לילדים גיל 8–18,"כלל מבוטחי השב""ן בקופות החולים (לפי תוכנית והקופה)",מכוסה — סעיף 36א תקנון שיא (עמ׳ 34): ילדים ונוער גיל 8–18 — רכישת משקפיים (עם בדיקת אופטומטריסט) פעם בשנה עד ₪700 בהשתתפות עצמית 10%; מחיר מעל ₪700 — ישולם ההפרש בתוספת ₪70. ספקים ,החזר/הטבה למשקפי ראיה ועדשות מגע לילדים גיל 8–18 בין 70 ל-700 ₪,"זהב · PROG09 · אין מידע — מומלץ לבדוק (כללית מושלם זהב אינו כולל כיסוי כללי למשקפי ראייה לילדים)

פלטינום · PROG10 · מכוסה — פרק ח' (תחולה מ-1.1.2025) — משקפי ראייה או עדשות מגע אופטיות (לא קוסמטיות) לגיל 8–17 אצל ספקי הסדר; כולל בדיקת ראייה; אם מחיר עד ₪600 — השתתפות עצמית ₪40; אם מחיר מעל ₪600 — הנחה של ₪560 (הפרש לחשבון הספק); פעם בשנה קלנדרית","כסף · PROG14 · נספח ג' (תקנון מכבי כסף) — עדשות למשקפיים: קוצר/רוחק ראיה/אסטיגמטיזם ממספר 7 ומעלה מגיל 8; השתתפות עצמית לפי דגם; זכאות אחת בשנה. אין כיסוי למשקפיים רגילים לילדים ב-PROG14.

זהב · PROG15 · נספח ג' סעיף 5 (תקנון מכבי זהב) — משקפי ראיה (מסגרת ועדשות) מגיל 8–18 (במקרים שאינם נכללים בסעיף 1א של נספח ג'): כיסוי עד ₪600 לרכישת משקפיים; השתתפות עצמית ₪40; זכאות אחת בשנה; רכישה בספק בהסכם.

שלי · PROG16 · סעיף 29 (תקנון מכבי שלי) — כיסוי משקפי ראיה/עדשות מגע מגיל 18+; ילדים 8–18 נכנסים לכיסוי רפואי בנספח ג' זהב. מכבי שלי מוסיף כיסוי לגיל 18+ בלבד.","עדיף · PROG19 · אין מידע — מומלץ לבדוק

שיא · PROG20 · מכוסה — סעיף 36א תקנון שיא (עמ׳ 34): ילדים ונוער גיל 8–18 — רכישת משקפיים (עם בדיקת אופטומטריסט) פעם בשנה עד ₪700 בהשתתפות עצמית 10%; מחיר מעל ₪700 — ישולם ההפרש בתוספת ₪70. ספקים שבהסדר.","כסף · PROG24 · אין מידע — מומלץ לבדוק

זהב · PROG25 · אין מידע — מומלץ לבדוק",מאוחדת שיא,
554,ראייה ואופטיקה,,עדשה סקלרלית לעין,"כלל מבוטחי השב""ן בקופות החולים (לפי תוכנית והקופה)","הטבת שב""ן בנושא עדשה סקלרלית לעין",,"זהב · PROG09 · אין מידע — מומלץ לבדוק

פלטינום · PROG10 · אין מידע — מומלץ לבדוק","כסף · PROG14 · נספח ג' (תקנון מכבי כסף) — עדשות מגע לריפוי קרנית/לאחר השתלת קרנית: השתתפות עצמית לפי דגם; זכאות אחת בשנה (כולל עדשות סקלרליות). לפרטים ראה רשימה באתר מכבי.

זהב · PROG15 · נספח ג' סעיף 2 (תקנון מכבי זהב) — עדשות מגע לריפוי קרנית/לאחר השתלת קרנית: השתתפות עצמית לפי דגם; זכאות אחת בשנה; רכישה בספק בהסכם.

שלי · PROG16 · אין מידע — מומלץ לבדוק","עדיף · PROG19 · מכוסה — נספח ה׳, תותבות (עמ׳ 56 תקנון עדיף): עדשת סקלרלית לעין — השתתפות המבוטח 50%. כפוף לתקרה שנתית כוללת של $750 על כלל האביזרים.

שיא · PROG20 · מכוסה — נספח ה׳, תותבות (עמ׳ 47 תקנון שיא): עדשת סקלרלית לעין — השתתפות המבוטח 50%, ספק בהסכם.","כסף · PROG24 · אין מידע — מומלץ לבדוק

זהב · PROG25 · אין מידע — מומלץ לבדוק",טעון השוואה פרטנית,
555,ראייה ואופטיקה,,עדשות מגע לחולי קרטוקונוס,"כלל מבוטחי השב""ן בקופות החולים (לפי תוכנית והקופה)","הטבת שב""ן בנושא עדשות מגע לחולי קרטוקונוס","החזר/הטבה לעדשות מגע לחולי קרטוקונוס בין 1,201 ל-1,209 ₪","זהב · PROG09 · מכוסה — נספח א' — עדשות לחולי קרטוקונוס; 75% עד ₪1,209 לכל עין; לעמיתים מעל גיל 18; פעם בשנה; תקופת אכשרה 3 חודשים

פלטינום · PROG10 · ככל כללית מושלם זהב — פלטינום אינו מוסיף כיסוי מפורש לנושא זה","כסף · PROG14 · נספח ג' סעיף 1 (תקנון מכבי כסף) — עדשות מגע/עדשות למשקפיים לקרטוקונוס מגיל 18: השתתפות עצמית לפי דגם הנבחר; זכאות אחת בשנה; רכישה בספק בהסכם.

זהב · PROG15 · נספח ג' סעיף 1 (תקנון מכבי זהב) — עדשות למשקפיים/עדשות מגע לקרטוקונוס מגיל 18: השתתפות עצמית לפי דגם; זכאות אחת בשנה; רכישה בספק בהסכם.

שלי · PROG16 · סעיף 29 (תקנון מכבי שלי) — כיסוי עדשות מגע אופטיות מגיל 18; 50% מהוצאה בפועל עד תקרה ₪1,200.95; 3 שנים צפות. הכיסוי הרפואי לקרטוקונוס מגיל 18 כלול גם ב-PROG15 (נספח ג').","עדיף · PROG19 · אין מידע — מומלץ לבדוק

שיא · PROG20 · אין מידע — מומלץ לבדוק","כסף · PROG24 · אין מידע — מומלץ לבדוק

זהב · PROG25 · אין מידע — מומלץ לבדוק",כללית מושלם זהב,
556,ראייה ואופטיקה,,עדשות מגע למחלות בלשכה הקדמית (לא קרטוקונוס),"כלל מבוטחי השב""ן בקופות החולים (לפי תוכנית והקופה)","הטבת שב""ן בנושא עדשות מגע למחלות בלשכה הקדמית (לא קרטוקונוס)",,"זהב · PROG09 · אין מידע — מומלץ לבדוק

פלטינום · PROG10 · אין מידע — מומלץ לבדוק","כסף · PROG14 · נספח ג' (תקנון מכבי כסף) — עדשות מגע לריפוי קרנית/לאחר השתלת קרנית: השתתפות עצמית לפי דגם; זכאות אחת בשנה.

זהב · PROG15 · נספח ג' סעיף 2 (תקנון מכבי זהב) — עדשות מגע לריפוי קרנית/לאחר השתלת קרנית: השתתפות עצמית לפי דגם; זכאות אחת בשנה.

שלי · PROG16 · אין מידע — מומלץ לבדוק","עדיף · PROG19 · מכוסה — נספח ה׳, אביזרים רפואיים חיוניים (עמ׳ 57 תקנון עדיף): עדשות מגע, אך ורק במקרה של מחלות בלישכה הקדמית — השתתפות המבוטח 50%, בית מרקחת פנימי.

שיא · PROG20 · מכוסה — נספח ה׳, אביזרים רפואיים חיוניים (עמ׳ 47 תקנון שיא): עדשות מגע, אך ורק במקרה של מחלות בלישכה הקדמית — השתתפות המבוטח 50%, בית מרקחת פנימי.","כסף · PROG24 · אין מידע — מומלץ לבדוק

זהב · PROG25 · אין מידע — מומלץ לבדוק",טעון השוואה פרטנית,
557,ראייה ואופטיקה,,ניתוח לייזר לתיקון קוצר ראייה — מסלול פלטינום (השתתפות עצמית מופחתת),"כלל מבוטחי השב""ן בקופות החולים (לפי תוכנית והקופה)","הטבת שב""ן בנושא ניתוח לייזר לתיקון קוצר ראייה — מסלול פלטינום (השתתפות עצמית מופחתת)","החזר/הטבה לניתוח לייזר לתיקון קוצר ראייה — מסלול פלטינום (השתתפות עצמית מופחתת) בין 4,504 ל-9,903 ₪","זהב · PROG09 · אין מידע — מומלץ לבדוק

פלטינום · PROG10 · פרק ח' סעיף 8 — ניתוח לייזר לתיקון קוצר ראייה; זכאות לניתוח אחד בלבד לכל תקופת החברות; לעמית שמלאו לו 18 שנים; במכונים שבהסדר בלבד; ה.ע. עד ₪9,007 לשתי עיניים או ₪4,504 לעין אחת (בכפוף לסוג הניתוח); פרטי מכונים ורשימת ניתוחים באתר כללית מושלם; תקופת אכשרה 6 חודשים","כסף · PROG14 · אין מידע — מומלץ לבדוק

זהב · PROG15 · אין מידע — מומלץ לבדוק

שלי · PROG16 · מכבי שלי — סעיף 30: ניתוח לייזר לתיקון קוצר ראייה אצל ספקים שבהסכם; גיל 18+; השתתפות עצמית עד ₪9,902.82 לשתי עיניים (לפי סוג ניתוח וספק). זכאות לניתוח אחד לכל עין בתקופת חברות. תקופת המתנה 6 חודשים.","עדיף · PROG19 · אין מידע — מומלץ לבדוק

שיא · PROG20 · אין מידע — מומלץ לבדוק","כסף · PROG24 · אין מידע — מומלץ לבדוק

זהב · PROG25 · אין מידע — מומלץ לבדוק",טעון השוואה פרטנית,
558,ראייה ואופטיקה,,משקפיים טלסקופיות (לבוגרים מעל 18) לכבדי ראייה,"כלל מבוטחי השב""ן בקופות החולים (לפי תוכנית והקופה)","הטבת שב""ן בנושא משקפיים טלסקופיות (לבוגרים מעל 18) לכבדי ראייה","החזר/הטבה למשקפיים טלסקופיות (לבוגרים מעל 18) לכבדי ראייה בין 8,000 ל-10,000 ₪","זהב · PROG09 · אין מידע — מומלץ לבדוק

פלטינום · PROG10 · אין מידע — מומלץ לבדוק","כסף · PROG14 · מכוסה — משקפיים טלסקופיים ומקרוסקופיים מגיל 18 לבעלי חדות ראיה מתוקנת 6/20 או פחות בעין הטובה; רכישה אצל ספקי ראייה שבהסכם; ההשתתפות העצמית נקבעת לפי דגם הנבחר (נספח ג' — אביזרי ראייה רפואיים, סעיף 14); תקופת המתנה 12 חודשים.

זהב · PROG15 · מכוסה — משקפיים טלסקופיים ומקרוסקופיים מגיל 18 לבעלי חדות ראיה מתוקנת 6/20 או פחות בעין הטובה; כולל אביזר עזר דיגיטלי לביש לבעלי תעודת עוור — ₪8,000 (ללא זיהוי תמונה) או ₪10,000 (כולל זיהוי תמונה) השתתפות עצמית; ספקים בהסכם; ההשתתפות נקבעת לפי דגם (נספח ג' מכבי זהב, סעיף 16.2); תקופת המתנה 12 חודשים.

שלי · PROG16 · אין כיסוי ספציפי לטלסקופיות בנספח הראייה של מכבי שלי — מכבי שלי מכסה משקפי ראייה רגילים (גיל 8–18) ועדשות מגע. 'כתר טלסקופי' מופיע ברשימת טיפולי שיניים בלבד (נספח שיניים). אין מידע — מומלץ לבדוק לגבי כבדי ראייה.","עדיף · PROG19 · מכוסה — נספח ה' לתקנון 'מאוחדת עדיף' (אביזרים רפואיים חיוניים). משקפיים טלסקופיות לבוגר מעל גיל 18. השתתפות עצמית: 50% ממחיר האביזר. תקרת השתתפות הקופה: $500. גורם מספק: ספק בהסכם.

שיא · PROG20 · מכוסה ומשופר — נספח ה' המשותף לתקנוני 'מאוחדת עדיף' ו'מאוחדת שיא'. משקפיים טלסקופיות לבוגר מעל גיל 18. השתתפות עצמית: 50% ממחיר האביזר. תקרת השתתפות הקופה: $750 (גבוהה מ-PROG19). גורם מספק: ספק בהסכם.","כסף · PROG24 · אין מידע — מומלץ לבדוק

זהב · PROG25 · אין מידע — מומלץ לבדוק",טעון השוואה פרטנית,
559,ראייה ואופטיקה,,פקקים לצינור הדמעות,"כלל מבוטחי השב""ן בקופות החולים (לפי תוכנית והקופה)","הטבת שב""ן בנושא פקקים לצינור הדמעות",,"זהב · PROG09 · אין מידע — מומלץ לבדוק

פלטינום · PROG10 · אין מידע — מומלץ לבדוק","כסף · PROG14 · אין מידע — מומלץ לבדוק

זהב · PROG15 · אין מידע — מומלץ לבדוק

שלי · PROG16 · אין מידע — מומלץ לבדוק","עדיף · PROG19 · מכוסה — נספח ה' לתקנון 'מאוחדת עדיף' (אביזרים רפואיים חיוניים). פקקים לצינור הדמעות מופיעים ברשימת האביזרים. השתתפות עצמית: 50% ממחיר האביזר. גורם מספק: ספק בהסכם. [הנחת 'מאוחדת עדיף' מגלמת בתוכה גם את ההנחה על פי חוק.]

שיא · PROG20 · מכוסה — נספח ה' המשותף לתקנוני 'מאוחדת עדיף' ו'מאוחדת שיא'. פקקים לצינור הדמעות ברשימת האביזרים הרפואיים החיוניים. השתתפות עצמית: 50%. גורם מספק: ספק בהסכם.","כסף · PROG24 · אין מידע — מומלץ לבדוק

זהב · PROG25 · אין מידע — מומלץ לבדוק",טעון השוואה פרטנית,
560,ראייה ואופטיקה,,ניתוח לייזר לתיקון ראייה — השתתפות עצמית,"כלל מבוטחי השב""ן בקופות החולים (לפי תוכנית והקופה)","הטבת שב""ן בנושא ניתוח לייזר לתיקון ראייה — השתתפות עצמית","החזר/הטבה לניתוח לייזר לתיקון ראייה — השתתפות עצמית בין 925 ל-13,496 ₪","זהב · PROG09 · אין מידע — מומלץ לבדוק

פלטינום · PROG10 · אין מידע — מומלץ לבדוק","כסף · PROG14 · אין מידע — מומלץ לבדוק

זהב · PROG15 · אין מידע — מומלץ לבדוק

שלי · PROG16 · השתתפות עצמית עד ₪9,902.82 לשתי העיניים (לפי סוג הניתוח והספק). גיל 18+. זכאות לניתוח אחד לכל עין לתקופת החברות (מכבי שלי סעיף 30.2). תקופת המתנה 6 חודשים.","עדיף · PROG19 · ניתוח לייזר לעיניים — ₪2,150 עד ₪5,200 ה""ע לעין (תלוי בסוג הניתוח). (מאוחדת עדיף, סעיף 40)

שיא · PROG20 · ניתוח לייזר לעיניים — ₪925 עד ₪4,000 ה""ע לעין (תלוי בסוג הניתוח). (מאוחדת שיא, סעיף 40)","כסף · PROG24 · השתתפות עצמית ₪3,166–₪6,748 לעין אחת; ₪6,334–₪13,496 לשתי עיניים; זכאות חד-פעמית לכל עין (לאומית כסף, פרק כ""ט סעיף 2.1)

זהב · PROG25 · השתתפות עצמית ₪2,236–₪5,673 לעין אחת; ₪4,470–₪11,346 לשתי עיניים; זכאות חד-פעמית לכל עין (לאומית זהב, פרק כ""ט סעיף 2.2)",טעון השוואה פרטנית,
561,ראייה ואופטיקה,,משקפי ראייה ועדשות מגע למבוגרים — תנאים,"כלל מבוטחי השב""ן בקופות החולים (לפי תוכנית והקופה)","משקפיים למבוגרים 18–70: עד ₪900 — הנחה 80%; מעל ₪900 — 50% הנחה עד תקרה ₪1,150 לסה""כ; משקפיים לילדים 8–18: מסגרת ₪700 ב-10% ה""ע; גיל 70+: עד ₪1,200 ב-10% ה""ע. (מאוחדת שיא, סעיף 36)","החזר/הטבה למשקפי ראייה ועדשות מגע למבוגרים — תנאים בין 120 ל-10,000 ₪","זהב · PROG09 · אין כיסוי מיוחד למבוגרים במסלול זהב לרכישת משקפיים שגרתיים

פלטינום · PROG10 · פלטינום: עד ₪600 — השתתפות עצמית ₪120; מעל ₪600 — הנחה של ₪480; פעם בשנתיים קלנדריות; 6 חודשי אכשרה; ברשת כללית אופטיק (eyeoptic.co.il)","כסף · PROG14 · אין מידע — מומלץ לבדוק

זהב · PROG15 · רכישה אחת לשנה אצל ספק בהסכם. משקפי ראיה לגיל 8–18 (מחוץ לסל): עד ₪600, השתתפות עצמית ₪40. קרטוקונוס: לפי דגם. עדשות מגע לריפוי קרנית / לאחר השתלה: לפי דגם. מכשיר ראייה דיגיטלי לביש לעוורים: ₪8,000–₪10,000 (מכבי זהב נספח ג').

שלי · PROG16 · 50% השתתפות עצמית מהוצאה בפועל, עד תקרה מצטברת ₪1,200.95 לכל 3 שנים. גיל 18+, לכל עדשות ראייה/מגע אופטיות, אצל ספק בהסכם (מכבי שלי סעיף 29.2). אין כפל עם מכבי זהב.","עדיף · PROG19 · אין מידע — מומלץ לבדוק

שיא · PROG20 · משקפיים למבוגרים 18–70: עד ₪900 — הנחה 80%; מעל ₪900 — 50% הנחה עד תקרה ₪1,150 לסה""כ; משקפיים לילדים 8–18: מסגרת ₪700 ב-10% ה""ע; גיל 70+: עד ₪1,200 ב-10% ה""ע. (מאוחדת שיא, סעיף 36)","כסף · PROG24 · משקפיים עד ₪650 (מסגרת + עדשות מדף): ₪150 השתתפות עצמית, זכאות פעם בשנתיים (לאומית כסף, פרק ל""ו סעיף 2.2)

זהב · PROG25 · ילדים (טרם 18): ₪40 השתתפות עצמית, זכאות פעם בשנה; מבוגרים (18+): ₪150 השתתפות עצמית, פעם בשנתיים (לאומית זהב, פרק ל""ו סעיף 2.2)",מאוחדת שיא,
562,ראייה ואופטיקה,,משקפי ראייה לילדים (גיל 8–18) — תנאים,"כלל מבוטחי השב""ן בקופות החולים (לפי תוכנית והקופה)","הטבת שב""ן בנושא משקפי ראייה לילדים (גיל 8–18) — תנאים",החזר/הטבה למשקפי ראייה לילדים (גיל 8–18) — תנאים בין 560 ל-600 ₪,"זהב · PROG09 · הנחה של ₪600 ממחיר המשקפיים או עדשות המגע, פעם בשנה קלנדרית, לגילאים 8–18 (תקנון פלטינום פרק ח׳ סעיף 5; החל מ-1/1/25: עד ₪600 — השתתפות עצמית ₪40; מעל ₪600 — הנחה של ₪560)

פלטינום · PROG10 · פלטינום: משקפי ראייה חינם לגילאים 8–18 עד ₪600, השתתפות עצמית ₪40 בלבד, פעם בשנה קלנדרית, ברשת כללית אופטיק (eyeoptic.co.il; תקנון פלטינום פרק ח׳ סעיף 5)","כסף · PROG14 · אין מידע — מומלץ לבדוק

זהב · PROG15 · אין מידע — מומלץ לבדוק

שלי · PROG16 · אין מידע — מומלץ לבדוק","עדיף · PROG19 · אין מידע — מומלץ לבדוק

שיא · PROG20 · אין מידע — מומלץ לבדוק","כסף · PROG24 · אין מידע — מומלץ לבדוק

זהב · PROG25 · אין מידע — מומלץ לבדוק",טעון השוואה פרטנית,
563,ראייה ואופטיקה,,עדשות קרטוקונוס — תעריפים,"כלל מבוטחי השב""ן בקופות החולים (לפי תוכנית והקופה)","הטבת שב""ן בנושא עדשות קרטוקונוס — תעריפים","החזר/הטבה לעדשות קרטוקונוס — תעריפים בין 733 ל-1,866 ₪","זהב · PROG09 · עד ₪1,209 לרכישת עדשות מגע לחולי קרטוקונוס (נספח א׳ — תקנון כללית מושלם זהב)

פלטינום · PROG10 · אין מידע — מומלץ לבדוק","כסף · PROG14 · אין מידע — מומלץ לבדוק

זהב · PROG15 · אין מידע — מומלץ לבדוק

שלי · PROG16 · אין מידע — מומלץ לבדוק","עדיף · PROG19 · אין מידע — מומלץ לבדוק

שיא · PROG20 · אין מידע — מומלץ לבדוק","כסף · PROG24 · החזר 80% עד ₪733 (עד 2 עדשות בשנה) (לאומית כסף, פרק כ""ד רשימה 5.2)

זהב · PROG25 · החזר 80% עד ₪1,866 (עד 2 עדשות בשנה) (לאומית זהב, פרק כ""ד רשימה 5.2)",טעון השוואה פרטנית,
564,ראייה ואופטיקה,,שירותי אופטיקה — הנחות ברשת לאומית אופטיקה,"כלל מבוטחי השב""ן בקופות החולים (לפי תוכנית והקופה)","הטבת שב""ן בנושא שירותי אופטיקה — הנחות ברשת לאומית אופטיקה",,"זהב · PROG09 · אין מידע — מומלץ לבדוק

פלטינום · PROG10 · אין מידע — מומלץ לבדוק","כסף · PROG14 · אין מידע — מומלץ לבדוק

זהב · PROG15 · אין מידע — מומלץ לבדוק

שלי · PROG16 · אין מידע — מומלץ לבדוק","עדיף · PROG19 · אין מידע — מומלץ לבדוק

שיא · PROG20 · אין מידע — מומלץ לבדוק","כסף · PROG24 · בדיקת ראייה להתאמת משקפיים: ללא השתתפות עצמית (בתנאי רכישה); בדיקה למשרד הרישוי: ₪30; עדשות מדף עד מס' 6/צילינדר 2: הנחה מינימום 30%; עדשות בהתאמה אישית: 15%; עדשות מגע: 15%; מסגרות: 15%–30% (לאומית כסף ולאומית זהב, פרק ל""ו סעיף 2.1)

זהב · PROG25 · בדיקת ראייה להתאמת משקפיים: ללא השתתפות עצמית (בתנאי רכישה); בדיקה למשרד הרישוי: ₪30; עדשות מדף עד מס' 6/צילינדר 2: הנחה מינימום 30%; עדשות בהתאמה אישית: 15%; עדשות מגע: 15%; מסגרות: 15%–30% (לאומית כסף ולאומית זהב, פרק ל""ו סעיף 2.1)",טעון השוואה פרטנית,
565,רפואת שיניים,,רפואת שיניים (משמרת/אורתודנטיה),"כלל מבוטחי השב""ן בקופות החולים (לפי תוכנית והקופה)","סעיף 10 — שיניים 'משופר חלופי' (מחליף את כיסוי מכבי זהב, אינו בנוסף):",החזר/הטבה לרפואת שיניים (משמרת/אורתודנטיה) בין 50 ל-336 ₪,"זהב · PROG09 · טיפול שיניים משמר לעמית בגילאי 18–72 במרפאות שיניים שבהסדר: השתתפות עצמית 25% מהמחירון לטיפולים משמרים, משולם ישירות למרפאת ההסדר. בדיקה אחת בשנה ללא תשלום. סילוק אבנית עד 2 מפגשים בשנה קלנדרית — מפגש ראשון השתתפות עצמית ₪20, מפגש שני ₪70. עזרה ראשונה בלילה שלא במרפאות ההסדר: החזר לעמית המתגורר מעל 45 דקות נסיעה / 30 ק""מ ממרפאת לילה בהסדר, בכפוף לאישור טלפוני מוקדם. אורתודנטיה (יישור שיניים) לילדים: השתתפות עצמית 25% מהמחירים, משולם ישירות למרפאת ההסדר. טיפולי דחיפת לשון לילדים בגילאי 10–18 לפי המלצת אורתודונט, ע""י קלינאי תקשורת.

פלטינום · PROG10 · טיפולי שיניים לפי רשימה (נספח), בכפוף למכסת טיפולים תקופתית. אינו כולל הרדמה (סדציה/כללית) או טיפולים אסתטיים. טיפולי שיניים מסוג 'משמרת' לגילאי 18–72: השתתפות עצמית ₪34 לטיפול, משולם ישירות למרפאה. טיפול חירום (עזרה ראשונה): השתתפות עצמית ₪68. יתר הטיפולים ברשימה לכלל הגילאים (מלבד הקבועים בצו): 50% מהמחירון. אורתודנטיה לעמית עד גיל 18: 40% מהמחירון. אין כפל הנחות מול 'מושלם זהב'. תקופת אכשרה: 6 חודשים למשמרת/כירורגיה/כאבי פנים/חניכיים/עזרה ראשונה; 12 חודשים לפרותטיקה-שיקום, אורתודנטיה ושתלים. רשימת מחירים מפורטת לפי קודים (משמרת, פריודונטיה, פרותטיקה, אורתודנטיה, שתלים ושיקום) זמינה במרפאות ש.ל.ה.","כסף · PROG14 · סעיף 13 — שירותי שיניים:
13.1 הסרת אבן שיניים + היגיינה: 10% הנחה, עד פעמיים בשנה. ללא תקופת המתנה.
13.2 רפואה משמרת (סתימות, טיפולי שורש, עקירות): 5% הנחה. ללא תקופת המתנה.
13.3 טיפולי חניכיים (פריודונטיה): 5% הנחה. ללא תקופת המתנה.
13.4 טיפול אורתודנטי לילדים מתחת לגיל 18: 5% הנחה. תקופת אכשרה: 24 חודשים.

זהב · PROG15 · סעיף 15 — שירותי שיניים:
15.1.1 בדיקה שנתית: ללא תשלום. ללא תקופת המתנה.
15.1.2 הסרת אבן + היגיינה: 60% הנחה, פעם בשנה. ללא תקופת המתנה.
15.1.3 רפואה משמרת (סתימות, טיפולי שורש, עקירות): 25% הנחה. ללא תקופת המתנה.
15.1.4 טיפולי חניכיים: 25% הנחה. ללא תקופת המתנה.
15.1.5 שתל מתכתי תוך-גרמי: 25% הנחה. ללא תקופת המתנה.
15.1.6 אורתודנטיה לילדים מתחת לגיל 18: 25% הנחה. תקופת אכשרה: 24 חודשים.
15.1.7 טיפול משקם (תותבות קבועות/להוצאה/תיקונים): 25% הנחה. תקופת אכשרה: 12 חודשים.
15.1.8 שיקום על גבי שתלים: 25% הנחה. תקופת אכשרה: 12 חודשים.
15.1.9 טיפול אסתטי: 25% הנחה. תקופת אכשרה: 12 חודשים.
15.1.10 הרדמה כללית גילאי 5–18: 25% הנחה. תקופת אכשרה: 12 חודשים.
15.1.11 סדציה תוך-ורידית/אורלית/נשאפת: 25% הנחה.

שלי · PROG16 · סעיף 10 — שיניים 'משופר חלופי' (מחליף את כיסוי מכבי זהב, אינו בנוסף):
בדיקה ראשונה: ללא תשלום; מבדיקה שנייה ואילך: ה""ע ₪34.
משמרת (סתימות, טיפולי שורש, עקירות): ה""ע ₪34–₪336 לטיפול לפי נספח א' לתקנון.
חניכיים, כירורגיה, שיקום, שתלים, אורתודנטיה (רופא כללי): 43% הנחה.
אורתודנטיה על ידי מומחה: 40% הנחה.
השתתפות עצמית לפי נספח א': 57% (חניכיים/שיקום), 60% (אורתודנטיה מומחה).
תקופת אכשרה: 6 חודשים לכל הטיפולים.","עדיף · PROG19 · סעיף 11 — רפואת שיניים וחניכיים
תקופת המתנה: לא נדרשת תקופת המתנה.

סעיף 11.1 — מבוטחי ""מאוחדת עדיף"" שמלאו להם 18 שנים, יהיו זכאים לשירותים כדלקמן:
סעיף 11.1.1 — בדיקת שיניים חינם אחת לשנה על ידי רופא שיניים במרפאות השיניים של הקופה. שירות זה יינתן למבוטחים שטרם מלאו להם 72 שנים.
סעיף 11.1.2 — טיפולי חירום ועזרה ראשונה בהשתתפות עצמית של 68 ש""ח, הכוללים: בדיקה וצילום השן הכואבת, סתימה זמנית, מרשם לשיכוך כאבים, עקירת שן דחופה, ניקוז מורסות משן נגועה והדבקה ארעית של כתרים שנפלו. שירות זה יינתן למבוטחים שטרם מלאו להם 72 שנים.
סעיף 11.1.3 — הסרת אבן והדרכה בהיגיינה אורלית בהנחה של 50% ולא יותר מפעמיים בשנה. שירות זה יינתן למבוטחים שטרם מלאו להם 72 שנים.
סעיף 11.1.4 — הנחה נוספת של עד 20% (מותנה בסוג הטיפול) מתעריף הקופה עבור טיפולי שיניים שמרניים: סתימות וטיפולי שורש, עקירות רגילות ועקירות כירורגיות. שירות זה יינתן למבוטחים שטרם מלאו להם 72 שנים.
סעיף 11.1.5 — הנחה נוספת של עד 20% (מותנה בסוג הטיפול) מתעריף הקופה עבור: גרידת חניכיים, ניתוחי חניכיים והארכות כותרת, יישור שיניים ופרוטטיקה (כתרים וגשרים — לא כולל הוצאות המעבדה), בתנאי שהטיפול מתבצע במרפאות השיניים של הקופה.
למען הסר ספק, טיפולי שיניים משקמים למבוטחים אשר מלאו להם 80 שנים הנכללים במסגרת סל הבריאות הממלכתי, לא ינתנו במסגרת התכנית ""מאוחדת עדיף"".
סעיף 11.1.6 — אספקת תרופות על חשבון הקופה הקשורות לטיפול בשיניים בכפוף לתנאי האספקה כמפורט בנספח ד' 2.
סעיף 11.2 — מבוטח שלא הגיע לטיפול ולא ביטל תור לפחות 24 שעות מראש, יחויב עד השתתפות מרבית של 50 ש""ח.

שיא · PROG20 · סעיף 34 — טיפולי שיניים לילדים, נוער ומבוגרים

סעיף 34.1 — טיפולי שיניים לילדים ונוער:
תקופת המתנה: אורתודונטיה (יישור שיניים) — 6 חודשים מיום ההצטרפות לתוכנית.
מבוטח עד גיל 18 יהיה זכאי לטיפולי שיניים אורתודונטיים שאינם באמצעות קשתיות שקופות בהשתתפות עצמית בגובה 40% ממחיר החבר.

סעיף 34.2 — טיפולי שיניים למבוגרים (מגיל 18):
תקופת המתנה:
• ""טיפולי רפואה מונעת"" — 3 חודשים מיום ההצטרפות.
• סתימות, טיפולי שורש ועקירות שיניים — 6 חודשים מיום ההצטרפות.
• טיפולים מורכבים, כולל שיקום, כירורגיה, פריודנטיה ואורתודנטיה — 12 חודשים מיום ההצטרפות.

מבוטח ""מאוחדת שיא"" יהא זכאי להנחות על מחיר החבר במרפאות השיניים של הקופה ובמרפאות הסדר:
סעיף 34.2.1 — הסרת אבן והדרכה בהיגיינה אורלית פעם אחת בשנה קלנדרית בהשתתפות עצמית של 15 ש""ח (כולל עד 2 צילומי נשך בשנה קלנדרית ללא תשלום). טיפול פלואור במסגרת טיפולי שיננית בהשתתפות עצמית 50% ממחיר החבר. שירות זה יינתן למבוטחים מגיל 18 עד 72 שנים.
סעיף 34.2.2 — סתימות, עקירות רגילות וטיפולי שורש — השתתפות עצמית 34 ש""ח לטיפול. עקירות כירורגיות — השתתפות עצמית 68 ש""ח. שירות זה יינתן למבוטחים מגיל 18 עד 72 שנים.
סעיף 34.2.3 — טיפולים מורכבים, כולל שיקום, כירורגיה ופריודנטיה — השתתפות עצמית 50% ממחיר החבר.
סעיף 34.2.4 — אורתודונטיה — השתתפות עצמית 40% ממחיר החבר.
סעיף 34.2.5 — יישור שיניים באמצעות קשתיות שקופות — השתתפות עצמית של 50%.
סעיף 34.3 — זכאות המבוטח מותנית בכך שהטיפולים אושרו מראש ע""י הסמכות המאשרת במאוחדת. רשימת הטיפולים והתעריפים מפורטת בנספח ז' לתקנון.
סעיף 34.5 — טיפולי שיניים למבוטחים אשר מלאו להם 72 שנים והנכללים במסגרת סל הבריאות הממלכתי לא יינתנו במסגרת התוכנית ""מאוחדת שיא"".","כסף · PROG24 · פרק ל""ח — טיפולי שיניים. תקופת אכשרה: ללא לרוב הטיפולים. 6 חודשים לטיפולים עפ""י סעיפים 3.1.2 ו-3.2.2 (אינם רלוונטיים לכסף — הנחות אלו שייכות לזהב).
כל הטיפולים במכוני הסדר בלבד.
אינה כוללת: טיפולי שיניים משמרים לילדים שטרם מלאו להם 18 שנים, ולמי שמלאו לו 72 שנים. טיפולי שיניים משקמים למי שמלאו 80 שנים.

1. טיפולי שיניים כלליים (סעיף 3.1):
   — עמית לאומית כסף זכאי להנחה בשיעור 10% ממחירון לאומית.

2. אורתודנטיה לילדים (סעיף 3.2):
   — עמית לאומית כסף זכאי להנחה בשיעור 15% ממחירי המכון לטיפול אורתודנטיה לילדים.

3. ביקורת חצי שנתית + צילומי נשך (סעיף 3.3):
   — עמית (גילאי 18–71): ביקורת חצי שנתית כולל עד שני צילומי נשך — פעמיים בשנה בחינם.

4. תוכנית טיפולים (סעיף 3.4):
   — עמית (גילאי 18–71): עריכת תוכנית טיפולים — חינם, אחת לשנה.

5. ניקוי שיניים להסרת אבנית (סעיף 3.5):
   — עמית לאומית כסף (גילאי 18–71): הנחה של 50% ממחירון לאומית. הזכאות פעם אחת בשנה.

זהב · PROG25 · פרק ל""ח — טיפולי שיניים. תקופת אכשרה: 6 חודשים לטיפולים עפ""י סעיפים 3.1.2 ו-3.2.2 (הנחות המיוחדות לזהב). ללא תקופת אכשרה לשאר הטיפולים.
*מי שהיה עמית לאומית זהב ביום 31.01.2020 — פטור מאכשרה לסעיף 3.1.2. מי שהיה עמית זהב ביום 30.11.2020 — פטור מאכשרה לסעיף 3.2.2.
כל הטיפולים במכוני הסדר בלבד.
אינה כוללת: טיפולי שיניים משמרים לילדים שטרם מלאו להם 18 שנים, ולמי שמלאו לו 72 שנים. טיפולי שיניים משקמים למי שמלאו 80 שנים.

1. טיפולי שיניים כלליים (סעיף 3.1.2):
   — עמית לאומית זהב זכאי להנחה של 25% לכל הפחות ממחירון לאומית עבור כל סוג טיפול.

2. אורתודנטיה לילדים (סעיף 3.2.2):
   — עמית לאומית זהב זכאי להנחה של 59% ממחירון לאומית לטיפול אורתודנטי לילדים (רמה א'–רמה ו'), ו-35% הנחה עבור שאר טיפולי אורתודנטיה לילדים.

3. ביקורת חצי שנתית + צילומי נשך (סעיף 3.3):
   — עמית (גילאי 18–71): ביקורת חצי שנתית כולל עד שני צילומי נשך — פעמיים בשנה בחינם.

4. תוכנית טיפולים (סעיף 3.4):
   — עמית (גילאי 18–71): עריכת תוכנית טיפולים — חינם, אחת לשנה.

5. ניקוי שיניים להסרת אבנית (סעיף 3.5.2):
   — עמית לאומית זהב (גילאי 18–71): השתתפות עצמית ₪51 לניקוי שיניים. הזכאות מדי 6 חודשים (פעמיים בשנה).",מכבי שלי,
566,רפואת שיניים,,שתלים דנטליים ושיקום על שתלים,"כלל מבוטחי השב""ן בקופות החולים (לפי תוכנית והקופה)","הטבת שב""ן בנושא שתלים דנטליים ושיקום על שתלים",החזר/הטבה לשתלים דנטליים ושיקום על שתלים בין 51 ל-68 ₪,"זהב · PROG09 · אין מידע — מומלץ לבדוק. שתלים דנטליים ושיקום על שתלים אינם מוזכרים בתקנון כללית מושלם זהב. פרק ה' סעיף 27 כולל כיסוי לטיפולי שיניים משמרים בלבד (בדיקות, סתימות, ניקוי, עקירות, טיפולי שורש וכד'). מקור: תקנון כללית מושלם זהב.

פלטינום · PROG10 · פרק א' (שיניים), סעיף 4 ונספח רשימת טיפולים — שתלים ושיקום על גבי שתלים. מכסה: עד 5 שתלים ללסת, בכל 5 שנים. תקופת אכשרה: 12 חודשים. ביקורת חצי שנתית לשיקום ע""ג שתלים: ללא תשלום (קוד 8003). טיפולים הכלולים: שתל (8010), כתרים על שתלים (8011–8014, 8018), מבנות לשתלים (8015–8017, 8019), תותבות על שתלים — 2/3/4 שתלים עם מחברים כדוריים/לוקייטורים/בר (8024–8037), תותבות היברידיות FIXED DETACHABLE (8051–8052), הרמת סינוס פתוחה (8060, פעם אחת לכל סינוס), הרמת סינוס סגורה (8061, פעמיים בשנה), רגנרציה מודרכת של העצם במהלך השתלה (8070, פעמיים בשנה). אישור מראש: חלק מהטיפולים דורשים אישור רופא/רופא ראשי לפי הנספח. השתתפות עצמית: 50% ממחיר המחירון (לפי סעיף 3.2 לפרק א'), ולגבי טיפולי משמרת — ₪34 לטיפול. הגבלה: הזכאות אינה כוללת עלות הרדמה (סדציה/הרדמה כללית) וטיפולי שיניים למטרות אסתטיות. מקור: תקנון כללית מושלם פלטינום.","כסף · PROG14 · הנחות בלבד ממחירון שיניים בבתי המרקחת שבהסכם. השתלת שתל מתכתי תוך-גרמי: הנחה 5% על פי רשימה. לא נמצא כיסוי מיוחד לשתלים מעבר להנחה. תקופת המתנה: ללא (סעיפי משמרת/שורש); תקופת המתנה 24 חודשים לאורתודנטיה. מקור: תקנון מכבי כסף, סעיפים 13.1–13.9

זהב · PROG15 · הנחות ממחירון שיניים בבתי המרקחת שבהסכם: השתלת שתל מתכתי תוך-גרמי — הנחה 25% על פי רשימה. שיקום ע""ג שתלים (קבוע או נשלף) — הנחה 25% על פי רשימה. ייעוץ בתחום השתלות ורגנרציה — ניתן (סעיף 1424). תקופת המתנה: ללא לסעיפי משמרת/שורש; 12 חודשים לאורתודנטיה. מקור: תקנון מכבי זהב, סעיפים 15.1.5, 15.1.8

שלי · PROG16 · הנחות ממחירון שיניים בבתי המרקחת שבהסכם: שתלים ושיקום על גבי שתלים — הנחה כוללת 43% ממחירון (סעיף 10.2.3.4). קיים גם ייעוץ בתחום השתלות (בכלל תחומי הרפואה). רשימת הטיפולים בנספח א'. תקופת המתנה: 6 חודשים לשתלים ושיקום. מקור: תקנון מכבי שלי, סעיפים 10.1.6, 10.2.3.4, 10.6","עדיף · PROG19 · אין כיסוי לשתלים דנטליים בתקנון מאוחדת עדיף. רפואת שיניים (סעיף 11) מכסה: בדיקת שיניים חינם אחת לשנה (עד גיל 72), טיפולי חירום ₪68, הסרת אבן 50% הנחה עד פעמיים לשנה, הנחה של עד 20% על סתימות, טיפולי שורש, עקירות, ניתוחי חניכיים, יישור שיניים, כתרים וגשרים (לא כולל הוצאות מעבדה). שתלים, כתרים על שתלים, הרמת סינוס ורגנרציה מודרכת — אינם מוזכרים. מומלץ לבדוק. מקור: תקנון מאוחדת עדיף 2026, סעיף 11.

שיא · PROG20 · מאוחדת שיא (סעיף 34 — טיפולי שיניים לילדים, נוער ומבוגרים) מרחיב את כיסוי השיניים: טיפולים מורכבים כולל שיקום, כירורגיה ופריודנטיה — 50% ממחיר החבר, 12 חודשי המתנה. רשימת הטיפולים המפורטת בנספח ז' כוללת מגוון רחב. עם זאת, שתלים דנטליים ספציפיים (implants), הרמת סינוס ורגנרציה מודרכת — אינם מוזכרים מפורשות בתקנון. נדרש אישור מראש. מומלץ לבדוק את נספח ז' לרשימה מלאה. מקור: תקנון מאוחדת שיא 2026, סעיף 34, נספח ז'.","כסף · PROG24 · אין מידע — מומלץ לבדוק. פרק ל""ח (טיפולי שיניים) מעניק לעמיתי לאומית כסף הנחה של 10% ממחירון לאומית על טיפולי שיניים כלליים, ו-15% על אורתודנטיה לילדים. אין כיסוי ספציפי לשתלים דנטליים, כתרים על שתלים, תותבות על שתלים, הרמת סינוס או רגנרציה מודרכת. מקור: תקנון לאומית כסף.

זהב · PROG25 · אין מידע — מומלץ לבדוק. פרק ל""ח (טיפולי שיניים) מעניק לעמיתי לאומית זהב הנחה של 25% לכל הפחות ממחירון לאומית על טיפולי שיניים כלליים, 59% על אורתודנטיה לילדים (רמה א'-ו'), וניקוי שיניים בהשתתפות עצמית ₪51 (פעמיים בשנה). אין כיסוי ספציפי לשתלים דנטליים, כתרים על שתלים, תותבות על שתלים, הרמת סינוס או רגנרציה מודרכת. מקור: תקנון לאומית זהב.",טעון השוואה פרטנית,
567,רפואת שיניים,,אורתודנטיה לילדים — הנחה 59% (PROG25 בלבד),"כלל מבוטחי השב""ן בקופות החולים (לפי תוכנית והקופה)","הטבת שב""ן בנושא אורתודנטיה לילדים — הנחה 59% (PROG25 בלבד)",,"זהב · PROG09 · מכוסה — כיסוי 25% מהמחירים לטיפול אורתודנטי לילדים במרפאות השיניים שבהסדר. פרק ה' סעיף 28

פלטינום · PROG10 · ככל מושלם זהב + הרחבה: בפלטינום כיסוי 40% ממחיר המחירון לאורתודנטיה לעמית שטרם מלאו לו 18 (מק""ט 4920, 4930, 5050, 5086, 5087); שאר טיפולי שיניים: 50% ממחיר המחירון. פרק א' סעיף 3.2; נספח רשימת טיפולים","כסף · PROG14 · סעיף 13.4: אורתודנטיה לילדים עד גיל 18 – הנחה 5% בלבד. תקופת המתנה: 24 חודשים

זהב · PROG15 · סעיף 15.1.6: אורתודנטיה לילדים עד גיל 18 – הנחה 25% עלפי רשימה

שלי · PROG16 · סעיף 10.2.3.5: אורתודונטיה (ללא טיפול מומחה) – הנחה 43%; סעיף 10.3: אורתודנטיה מומחה – הנחה 40%. כולל את כל הגילאים","עדיף · PROG19 · אין מידע — מומלץ לבדוק

שיא · PROG20 · סעיף 34.1 (שיא): טיפולי שיניים לילדים ונוער עד גיל 18 — אורתודונטיה (ללא קשתיות שקופות) בהשתתפות עצמית 40% ממחיר החבר; יישור שיניים בקשתיות שקופות (Aligners) בהשתתפות עצמית 50%. תקופת המתנה 6 חודשים.","כסף · PROG24 · חלקי — פרק ל""ח ס' 3.2.1: הנחה 15% ממחירון לאומית לאורתודנטיה לילדים (כל הרמות). אינו כולל הנחה של 59%.

זהב · PROG25 · כן — פרק ל""ח ס' 3.2.2: הנחה 59% ממחירון לאומית לאורתודנטיה לילדים (רמה א'-ו'), ו-35% לשאר הטיפולים עפ""י מחירון לאומית. תקופת אכשרה 6 חודשים.",טעון השוואה פרטנית,
568,רפואת שיניים,,ביקורת חצי שנתית + צילומי נשך שיניים,"כלל מבוטחי השב""ן בקופות החולים (לפי תוכנית והקופה)","סעיף 11.1.3 (עדיף): הסרת אבן והדרכת היגיינה בהנחה 50%, עד פעמיים בשנה בלבד. לא נזכרת בדיקה חצי שנתית סדירה או צילומי נשך בחינם.",,"זהב · PROG09 · אין מידע — מומלץ לבדוק (לא מוזכר במפורש בתקנון זהב)

פלטינום · PROG10 · מכוסה בפלטינום — בדיקה חצי שנתית ומיפוי: טיפול מכוסה ברשימה; אחת לכל 6 חודשים (מק""ט 1100). פרק א' — נספח רשימת טיפולים","כסף · PROG14 · סעיף 13: בדיקה שנתית בשיניים אינה מוזכרת בסעיף 13. צילומי נשך אינם מוזכרים בנפרד. אין מידע — מומלץ לבדוק

זהב · PROG15 · סעיף 15.1.1: בדיקה שנתית בשיניים בחינם (ללא צילומים). צילומי נשך כלולים בסעיפי טיפול (הנחה 25%). ביקור חצי שנתי לא נזכר בנפרד

שלי · PROG16 · סעיף 10.1.1: בדיקה שנתית בחינם (מתכנית מכבי זהב) כוללת צילומי שיניים בה..ע. ₪21 לצילום. צילומי נשך/פריאפיקלי כדין טיפול (10.2.2). ביקור חצי שנתי לא נזכר בנפרד","עדיף · PROG19 · סעיף 11.1.3 (עדיף): הסרת אבן והדרכת היגיינה בהנחה 50%, עד פעמיים בשנה בלבד. לא נזכרת בדיקה חצי שנתית סדירה או צילומי נשך בחינם.

שיא · PROG20 · סעיף 34.2.1 (שיא): הסרת אבן והדרכת היגיינה פעם אחת בשנה קלנדרית, השתתפות עצמית ₪15 לטיפול (+ עד 2 צילומי נשך בשנה קלנדרית בחינם); למבוטחים 18-72.","כסף · PROG24 · כן — פרק ל""ח ס' 3.3.1: עמית בן 18–72 זכאי לביקורת חצי שנתית + עד 2 צילומי נשך, פעמיים בשנה, בחינם. ללא תקופת אכשרה לשירות זה.

זהב · PROG25 · כן — פרק ל""ח ס' 3.3.1: עמית בן 18–72 זכאי לביקורת חצי שנתית + עד 2 צילומי נשך, פעמיים בשנה, בחינם. ללא תקופת אכשרה לשירות זה.",מאוחדת עדיף,
569,רפואת שיניים,,הרדמה כללית וסדציה לטיפולי שיניים בילדים ובני נוער,"כלל מבוטחי השב""ן בקופות החולים (לפי תוכנית והקופה)",סעיף 10.1.8 + 10.2.3.6: הרדמות לגילאי 5-18 וסדציות – הנחה 43% (15.1.11 מזהב). גז צחוק (נייטרוס) כלול בנספח א' עלפי רשימה,,"זהב · PROG09 · אין מידע — מומלץ לבדוק

פלטינום · PROG10 · לא מכוסה — בנספח פלטינום מצוין במפורש כי עלות ההרדמה (סדציה או הרדמה כללית) אינה כלולה בזכאות לטיפולי שיניים. פרק א' סעיף 2.2","כסף · PROG14 · אין מידע — מומלץ לבדוק

זהב · PROG15 · סעיף 15.1.10: הרדמה כללית לגילאי 5-18 – הנחה 25% עלפי רשימה. סעיף 15.1.11: סדציה תוךורידית, סדציה אורלית, סדציה נשאפת N2O – הנחה 25% עלפי רשימה

שלי · PROG16 · סעיף 10.1.8 + 10.2.3.6: הרדמות לגילאי 5-18 וסדציות – הנחה 43% (15.1.11 מזהב). גז צחוק (נייטרוס) כלול בנספח א' עלפי רשימה","עדיף · PROG19 · אין מידע — מומלץ לבדוק (עדיף מספק טיפולי שיניים למבוטחים 18-72 עם הנחות, ללא הרדמה ספציפית לילדים)

שיא · PROG20 · אין מידע — מומלץ לבדוק (שיא כולל טיפולי שיניים לילדים/נוער עם הנחות, אך לא הרדמה כללית/סדציה ספציפית לטיפולי שיניים מפורשת)","כסף · PROG24 · אין מידע — מומלץ לבדוק

זהב · PROG25 · אין מידע — מומלץ לבדוק",מכבי שלי,
570,רפואת שיניים,,השתלת שתל מתכתי תוך-גרמי (שיניים),"כלל מבוטחי השב""ן בקופות החולים (לפי תוכנית והקופה)","סעיף 10.1.6 + 10.2.3.4: שתלים ושיקום עלגבי שתלים – הנחה 43% ממחירון. כולל עצם, ממברנה, הרמת סינוס ושירותי לוואי",,"זהב · PROG09 · אין מידע — מומלץ לבדוק

פלטינום · PROG10 · מכוסה בפלטינום — שתלים ושיקום על-גבי שתלים; לא יותר מ-5 שתלים ללסת, בכל 5 שנים; תקופת אכשרה 12 חודשים (מק""ט 8010 ועוד). פרק א' — נספח רשימת טיפולים","כסף · PROG14 · אין מידע — מומלץ לבדוק

זהב · PROG15 · סעיף 15.1.5: השתלת שתל מתכתי תוך גרמי – הנחה 25% עלפי רשימה. סעיף 15.1.8: שיקום עלגבי שתלים – הנחה 25%

שלי · PROG16 · סעיף 10.1.6 + 10.2.3.4: שתלים ושיקום עלגבי שתלים – הנחה 43% ממחירון. כולל עצם, ממברנה, הרמת סינוס ושירותי לוואי","עדיף · PROG19 · אין מידע — מומלץ לבדוק (עדיף אינו אנוש שתלי שיניים פרטניים)

שיא · PROG20 · אין מידע — מומלץ לבדוק (שיא כולל נספח שיניים מפורט אך לא נצאו שתלי שיניים פרטניים)","כסף · PROG24 · אין מידע — מומלץ לבדוק

זהב · PROG25 · אין מידע — מומלץ לבדוק",מכבי שלי,
571,רפואת שיניים,,טיפולי אורתודנטיה למבוגרים (יישור שיניים),"כלל מבוטחי השב""ן בקופות החולים (לפי תוכנית והקופה)",סעיף 34.2.4 (שיא): אורתודונטיה למבוגרים (18+) — השתתפות עצמית 40% ממחיר החבר; יישור שיניים בקשתיות שקופות 50%. תקופת המתנה 12 חודשים לטיפולים מורכבים.,,"זהב · PROG09 · אין מידע — מומלץ לבדוק (זהב מכסה ילדים בלבד לפי סעיף 28)

פלטינום · PROG10 · מכוסה בפלטינום — טיפול חלקי למבוגר בלסת אחת או בשתי לסתות: פעם אחת; טיפול אורתו מבוגר מורחב – שתי לסתות: פעם אחת; תקופת אכשרה 12 חודשים (מק""ט 4930, 5050). פרק א' — נספח רשימת טיפולים","כסף · PROG14 · סעיף 13.4: אורתודנטיה לילדים בלבד (עד גיל 18) – הנחה 5%. אין כיסוי לאורתודנטיה למבוגרים במכבי כסף

זהב · PROG15 · סעיף 15.1.6: אורתודנטיה לילדים עד 18 בלבד – הנחה 25%. אין כיסוי לאורתודנטיה למבוגרים במכבי זהב

שלי · PROG16 · סעיפים 10.2.3.5 + 10.3: אורתודונטיה כללי – 43%, אורתודנטיה מומחה – 40%. כולל מבוגרים וילדים","עדיף · PROG19 · סעיף 11.1.5 (עדיף): הנחה עד 20% מתעריף הקופה על יישור שיניים (אורתודנטיה) במרפאות השיניים של הקופה. למבוטחים 18-72.

שיא · PROG20 · סעיף 34.2.4 (שיא): אורתודונטיה למבוגרים (18+) — השתתפות עצמית 40% ממחיר החבר; יישור שיניים בקשתיות שקופות 50%. תקופת המתנה 12 חודשים לטיפולים מורכבים.","כסף · PROG24 · אין מידע — מומלץ לבדוק

זהב · PROG25 · אין מידע — מומלץ לבדוק",מאוחדת שיא,
572,רפואת שיניים,,"ייעוץ מרפאות שיניים — בדיקה שנתית, טיפולי חירום, הסרת אבן","כלל מבוטחי השב""ן בקופות החולים (לפי תוכנית והקופה)",סעיף 15.1.1: בדיקה שנתית בחינם. סעיפיף 15.1.2: הסרת אבן והדרכת היגיאנה אוראלית – הנחה 60% פעם אחת בשנה. טיפולי חירום כלולים בסעיפי רפואה משמרת (15.1.3) בהנחה 25%,"החזר/הטבה לייעוץ מרפאות שיניים — בדיקה שנתית, טיפולי חירום, הסרת אבן בין 51 ל-70 ₪","זהב · PROG09 · מכוסה — שירותי שיניים משמרים: בדיקה שנתית אחת ללא תשלום; סילוק אבנית עד 2 מפגשים בשנה (מפגש ראשון ₪20, מפגש שני ₪70 השתתפות עצמית); לעמיתים גיל 18–72. פרק ה' סעיף 27

פלטינום · PROG10 · ככל מושלם זהב — לא נוסף כיסוי בנספח פלטינום. בדיקה שנתית חינם, סילוק אבנית 2 מפגשים בשנה (₪20 / ₪70 ה.ע.), גיל 18–72 (פרק ה' סעיף 27)","כסף · PROG14 · סעיף 13.1: הסרת אבן והדרכת היגיאנה אוראלית – הנחה 10% פעמיים בשנה לכל היותר. בדיקה שנתית בשיניים: אינה מוזכרת. טיפולי חירום: אין מידע נפרד

זהב · PROG15 · סעיף 15.1.1: בדיקה שנתית בחינם. סעיפיף 15.1.2: הסרת אבן והדרכת היגיאנה אוראלית – הנחה 60% פעם אחת בשנה. טיפולי חירום כלולים בסעיפי רפואה משמרת (15.1.3) בהנחה 25%

שלי · PROG16 · סעיפים 10.1.1 + 10.2.3.1: בדיקה שנתית בחינם (10.1.1), הסרת אבן כלולה בחניכיים בהנחה 43% (10.2.3.1); טיפולי חירום בכירורגיה (10.2.3.2) בהנחה 43%","עדיף · PROG19 · סעיף 11 — רפואת שיניים וחניכיים: בדיקת שיניים בחינם אחת לשנה; טיפולי חירום ועזרה ראשונה בהשתתפות עצמית ₪68; הסרת אבן והדרכת היגיינה 50% הנחה, עד פעמיים בשנה. למבוטחים 18-72.

שיא · PROG20 · סעיף 34.2.1 (שיא): חלופי לזכאות עדיף סעיף 11.1.3 — הסרת אבן פעם אחת בשנה קלנדרית בהשתתפות עצמית ₪15 (+ עד 2 צילומי נשך בחינם). בדיקת שיניים שנתית בחינם; טיפולי חירום בסעיף 34.2.2 — השתתפות עצמית ₪34 לטיפול.","כסף · PROG24 · חלקי — פרק ל""ח ס' 3.5.1: ניקוי שיניים (הסרת אבנית) — הנחה 50% ממחירון לאומית, פעם אחת בשנה. ס' 3.3.1: ביקורת חצי שנתית בחינם לגילאי 18–72. ס' 3.4.1: תוכנית טיפולים חינם אחת לשנה. ס' 3.1.1: טיפולי שיניים כלליים — הנחה 10%. אין כיסוי ספציפי לטיפולי חירום.

זהב · PROG25 · חלקי — פרק ל""ח ס' 3.5.2: ניקוי שיניים (הסרת אבנית) — השתתפות עצמית ₪51, מדי 6 חודשים. ס' 3.3.1: ביקורת חצי שנתית בחינם. ס' 3.4.1: תוכנית טיפולים חינם. ס' 3.1.2: טיפולי שיניים כלליים — הנחה 25% לפחות. אין כיסוי ספציפי לטיפולי חירום.",מכבי זהב,
573,רפואת שיניים,,ניקוי שיניים מאבנית,"כלל מבוטחי השב""ן בקופות החולים (לפי תוכנית והקופה)","סעיף 15.1.2: הסרת אבן והדרכת היגיאנה אוראלית – הנחה 60% עלפי רשימה, פעם אחת בשנה",החזר/הטבה לניקוי שיניים מאבנית בין 51 ל-70 ₪,"זהב · PROG09 · מכוסה — סילוק אבנית עד 2 מפגשים טיפוליים בשנה קלנדרית; מפגש ראשון ₪20 השתתפות עצמית, מפגש שני ₪70; לעמיתים גיל 18–72. פרק ה' סעיף 27

פלטינום · PROG10 · ככל מושלם זהב — לא נוסף כיסוי בנספח פלטינום. סילוק אבנית 2 מפגשים בשנה, ₪20/₪70 ה.ע., גיל 18–72 (פרק ה' סעיף 27)","כסף · PROG14 · סעיף 13.1: הסרת אבן והדרכת היגיאנה אוראלית – הנחה 10%, לא יותר מפעמיים בשנה עלפי רשימה

זהב · PROG15 · סעיף 15.1.2: הסרת אבן והדרכת היגיאנה אוראלית – הנחה 60% עלפי רשימה, פעם אחת בשנה

שלי · PROG16 · סעיף 10.1.3 + 10.2.3.1: הסרת אבן כלולה בפריודונטיה – הנחה 43% עלפי רשימה (ללא הגבלת תדירות מפורשת)","עדיף · PROG19 · סעיף 11.1.3 (עדיף): הסרת אבן והדרכת היגיינה בהנחה 50% מתעריף הקופה, עד פעמיים בשנה; למבוטחים 18-72.

שיא · PROG20 · סעיף 34.2.1 (שיא): חלופי לעדיף סעיף 11.1.3 — הסרת אבן והדרכת היגיינה פעם אחת בשנה קלנדרית בהשתתפות עצמית ₪15; למבוטחים 18-72.","כסף · PROG24 · כן — פרק ל""ח ס' 3.5.1: ניקוי שיניים (הסרת אבנית) לעמית בן 18–72, הנחה 50% ממחירון לאומית. תדירות: פעם אחת בשנה. ללא תקופת אכשרה לשירות זה.

זהב · PROG25 · כן — פרק ל""ח ס' 3.5.2: ניקוי שיניים (הסרת אבנית) לעמית בן 18–72, השתתפות עצמית ₪51 לטיפול. תדירות: מדי 6 חודשים. ללא תקופת אכשרה לשירות זה.",מכבי זהב,
574,רפואת שיניים,,"פרותטיקה — כתרים, גשרים ותותבות שיניים","כלל מבוטחי השב""ן בקופות החולים (לפי תוכנית והקופה)",סעיף 34.2.3 (שיא): טיפולים מורכבים כולל שיקום הפה בהשתתפות עצמית 50% ממחיר החבר. בדיקות אונקולוגיות: בנספח ז' לתקנון שיא. תקופת המתנה 12 חודשים.,,"זהב · PROG09 · אין מידע — מומלץ לבדוק (לא מוזכר בתקנון זהב)

פלטינום · PROG10 · מכוסה בפלטינום — כתרים, גשרים, תותבות, ריפודים, מבנים, הדבקות ועוד; חלק מהטיפולים: אחת ל-5 שנים (ללסת); תקופת אכשרה 12 חודשים (מק""ט 2000, 2214, 2613, 2614, 3000–3043, 3070, 4025 ועוד). פרק א' — נספח רשימת טיפולים","כסף · PROG14 · אין מידע — מומלץ לבדוק

זהב · PROG15 · סעיף 15.1.7: טיפול משקם – תותבות קבועות, תותבות להוצאה, תיקונים בשרף – הנחה 25%. סעיפיף 15.1.8: שיקום עלגבי שתלים – הנחה 25%

שלי · PROG16 · סעיפים 10.1.5 + 10.2.3.3: שיקום (כתרים, גשרים, תותבות) – הנחה 43%; סעיפים 10.1.6 + 10.2.3.4: שיקום עלגבי שתלים – הנחה 43%","עדיף · PROG19 · סעיף 11.1.5 (עדיף): הנחה עד 20% מתעריף הקופה על פרוטטיקה (כתרים וגשרים) במרפאות הקופה (without lab costs); למבוטחים 18-72.

שיא · PROG20 · סעיף 34.2.3 (שיא): טיפולים מורכבים כולל שיקום הפה בהשתתפות עצמית 50% ממחיר החבר. בדיקות אונקולוגיות: בנספח ז' לתקנון שיא. תקופת המתנה 12 חודשים.","כסף · PROG24 · אין מידע — מומלץ לבדוק

זהב · PROG25 · אין מידע — מומלץ לבדוק",מאוחדת שיא,
575,רפואת שיניים,,הרמת סינוס ורגנרציה מודרכת של עצם לשתלים דנטליים,"כלל מבוטחי השב""ן בקופות החולים (לפי תוכנית והקופה)","נספח ז' — שיניים (מאוחדת שיא) | תקופת המתנה 12 חודשים | השתתפות עצמית 50% ממחיר חבר מאוחדת | כיסויים: הרמת סנוס סגורה (2-3מ""מ; 3-5מ""מ), הרמת סנוס פתוחה; ביצוע רגנרציה (אוגמנטציה לר",,"זהב · PROG09 · אין מידע — מומלץ לבדוק

פלטינום · PROG10 · מכוסה — פרק 7, נספח רשימת טיפולים (שתלים ושיקום): הרמת סינוס פתוחה (מק""ט 8060) — פעם אחת לכל סינוס, תקופת אכשרה 12 חודשים (לא כולל מחיר העצם והממברנה); הרמת סינוס סגורה לכל שתל (מק""ט 8061) — פעמיים בשנה, 12 חודשים; קצירת עצם אוטוגנית (מק""ט 8062) — פעמיים בשנה, 12 חודשים (בנוסף לקוד 8060/8061); רגנרציה מודרכת של העצם במהלך השתלה (מק""ט 8070) — פעמיים בשנה, 12 חודשים.","כסף · PROG14 · אין מידע — מומלץ לבדוק (שתל מתכתי מוזכר בסעיף 13, אך הרמת סינוס ורגנרציה מודרכת אינן מפורטות במכבי כסף)

זהב · PROG15 · אין מידע — מומלץ לבדוק (שתל מתכתי מוזכר בסעיף 15.1.5 ושיקום ע""ג שתלים בסעיף 15.1.8; הרמת סינוס ורגנרציה מודרכת כנפרדות — לא מפורטות)

שלי · PROG16 · אין מידע — מומלץ לבדוק (שתלים ושיקום ע""ג שתלים מוזכרים בסעיף 10; הרמת סינוס ורגנרציה מודרכת כנפרדות — לא מפורטות)","עדיף · PROG19 · אין מידע — מומלץ לבדוק

שיא · PROG20 · נספח ז' — שיניים (מאוחדת שיא) | תקופת המתנה 12 חודשים | השתתפות עצמית 50% ממחיר חבר מאוחדת | כיסויים: הרמת סנוס סגורה (2-3מ""מ; 3-5מ""מ), הרמת סנוס פתוחה; ביצוע רגנרציה (אוגמנטציה לרבע פה כולל קציר עצם); שחזור עצם לאחר השתלה/עקירה — כולם 50% השתתפות עצמית ו-12 חודשי המתנה","כסף · PROG24 · אין מידע — מומלץ לבדוק

זהב · PROG25 · אין מידע — מומלץ לבדוק",מאוחדת שיא,
576,רפואת שיניים,,טיפול אסתטי שיניים,"כלל מבוטחי השב""ן בקופות החולים (לפי תוכנית והקופה)",נספח ז' — שיניים (מאוחדת שיא) | ציפוי שן אסתטי (חומר מוקשה באור) — השתתפות עצמית 20% ממחיר חבר; תקופת המתנה 6 חודשים | כתר אסתטי — השתתפות עצמית 50% ממחיר חבר; תקופת המתנה 12 חודשי,,"זהב · PROG09 · לא מכוסה — פרק 1 (טיפולי שיניים), סעיף 2.3 ונספח רשימת טיפולים: הזכאות אינה כוללת טיפולי שיניים למטרות אסתטיות (ציפויים, הלבנה ודומיהם). בנוסף, הנספח מציין מפורשות: 'הזכאות לסתימות מרוכבות (לבנות) ולכתרים אינה כוללת טיפולים למטרות אסתטיות'.

פלטינום · PROG10 · לא מכוסה — כמו כללית מושלם זהב; טיפולי שיניים אסתטיים מוחרגים מפורשות. פרק ט' (חבילה תומכת לחולי סרטן) כולל 'החזר עבור רכישת שירותי רפואה משלימה שלא במרפאות הסדר' אך זה אינו רלוונטי לאסתטיקת שיניים.","זהב · PROG15 · הנחה של 25% על טיפול אסתטי שיניים (ציפויים, הלבנה ועוד) ממחירון; תקופת המתנה 12 חודשים (סעיף 15.1.9 מכבי זהב)

כסף · PROG14 · אין כיסוי מפורש לטיפולים אסתטיים (ציפויים, הלבנה) — מוחרגים בסעיף 5.3; סעיף 13 כולל 10% הנחה על רפואה משמרת בלבד (מכבי כסף)

שלי · PROG16 · הנחה של 43% על שיקום שיניים כללי; טיפולים למטרות אסתטיות מוחרגים מפורשות (נספח א' סעיף חריג מכבי שלי) — אין כיסוי לציפויים/הלבנה","עדיף · PROG19 · סעיף 11 — רפואת שיניים וחניכיים | ללא תקופת המתנה | הנחה עד 20% מתעריף הקופה בטיפולי שיניים שמרניים ושיקום (סתימות, שורש, כתרים, גשרים) | ציפוי שן, הלבנה ושאר טיפולים אסתטיים ייעודיים — אין אזכור מפורש בתקנון עדיף; מומלץ לבדוק ישירות מול הקופה

שיא · PROG20 · נספח ז' — שיניים (מאוחדת שיא) | ציפוי שן אסתטי (חומר מוקשה באור) — השתתפות עצמית 20% ממחיר חבר; תקופת המתנה 6 חודשים | כתר אסתטי — השתתפות עצמית 50% ממחיר חבר; תקופת המתנה 12 חודשים | כפוף לאישור מראש","כסף · PROG24 · אין מידע — מומלץ לבדוק

זהב · PROG25 · אין מידע — מומלץ לבדוק",מאוחדת שיא,
577,רפואת שיניים,,"החלמה לאחר ניתוח מורכב (מוח, בטן, השתלה)","כלל מבוטחי השב""ן בקופות החולים (לפי תוכנית והקופה)","הטבת שב""ן בנושא החלמה לאחר ניתוח מורכב (מוח, בטן, השתלה)","החזר/הטבה להחלמה לאחר ניתוח מורכב (מוח, בטן, השתלה) בין 259 ל-615 ₪","זהב · PROG09 · אין מידע — מומלץ לבדוק

פלטינום · PROG10 · אין מידע — מומלץ לבדוק","כסף · PROG14 · מכבי כסף — סעיף 7: החזר הוצאות הבראה לאחר אשפוז ₪304.51 ללילה, עד 21 ימי הבראה בשנה, לאחר 8 לילות אשפוז. תקופת המתנה 3 חודשים.

זהב · PROG15 · מכבי זהב — סעיף 7: החזר ₪609.02 ללילה, עד 21 ימי הבראה בשנה, לאחר 8 לילות אשפוז. תוספת ₪40.20 למלווה קטין. תקופת המתנה 3 חודשים.

שלי · PROG16 · מכבי שלי — סעיף 35: מבוטח גיל 65+, אשפוז 4–7 לילות — החזר 50% עד ₪304.51 ללילה, עד 10 לילות הבראה בשנה. (אשפוז 8+ לילות — לפי תקנון מכבי זהב). תקופת המתנה 6 חודשים.","עדיף · PROG19 · מכוסה — סעיף 8 תקנון מאוחדת עדיף. מבוטח שעבר ניתוח מוח, ניתוח בטן, השתלת איברים או ניתוח אחר (למעט קוסמטיים ומיילדות) המחייב אשפוז למעלה מ-5 ימים רצופים — זכאי לשיפוי מלוא ההוצאה עד תקרה ₪259 ליום, לתקופה שלא תעלה על 7 ימים רצופים. לאחר אוטם חריף בשריר הלב: 7 ימי החלמה במוסד שיקום לחולי לב; ה.ע. ₪343 ליום מעבר לסל. תקופת המתנה: 3 חודשים. דרוש אישור מוקדם של הסמכות המאשרת.

שיא · PROG20 · מכוסה — סעיף 19 תקנון מאוחדת שיא (משופר חלופי). מבוטח שעבר ניתוח מוח, ניתוח בטן, השתלת לב או ניתוח אחר (למעט קוסמטיים ומיילדות) המחייב אשפוז למעלה מ-5 ימים רצופים — זכאי לשיפוי מלוא ההוצאה עד תקרה ₪557 ליום, לתקופה שלא תעלה על 7 ימים רצופים. לאחר אוטם חריף בשריר הלב: 12 ימי החלמה במוסד שיקום לחולי לב; ה.ע. ₪343 ליום מעבר לסל. תקופת המתנה: 3 חודשים. זכאות שיא מחליפה את זכאות עדיף.","כסף · PROG24 · פרק ג' — הבראה לאחר ניתוח: תנאי זכאות — אשפוז 7 ימים לפחות לאחר הניתוח. הקופה מחזירה 80% עד ₪391 ליום, עד 7 ימים. תקופת אכשרה 3 חודשים.

זהב · PROG25 · פרק ג' — הבראה לאחר ניתוח: תנאי זכאות — אשפוז 7 ימים לפחות. הקופה מחזירה 80% עד ₪615 ליום, עד 25 ימים. תקופת אכשרה 3 חודשים.",טעון השוואה פרטנית,
578,רפואת שיניים,,"השתלת כליה בחו""ל — מסלול נפרד","כלל מבוטחי השב""ן בקופות החולים (לפי תוכנית והקופה)","מכבי זהב — סעיף 9: כיסוי נפרד לכליה — עד $70,000 (ש""ח לפי שער יציג ביום תשלום); ההחזר לא יעלה על 50% מתשלומי החבר למנתח ולבית החולים. מותנה בהמתנה בלתי סבירה בארץ ואישור מוקדם. תקו",,"זהב · PROG09 · אין מידע — מומלץ לבדוק

פלטינום · PROG10 · אין מידע — מומלץ לבדוק","כסף · PROG14 · מכבי כסף — סעיף 8.1: כיסוי השתלת איברים (כבד, לב, ריאות) עד $300,000 מעבר לסל; להצלת חיים שאינם ניתנים בארץ — עד $100,000/$85,000. אין מסלול נפרד לכליה; כליה נכנסת בכיסוי הכללי. תקופת המתנה 24 חודשים.

זהב · PROG15 · מכבי זהב — סעיף 9: כיסוי נפרד לכליה — עד $70,000 (ש""ח לפי שער יציג ביום תשלום); ההחזר לא יעלה על 50% מתשלומי החבר למנתח ולבית החולים. מותנה בהמתנה בלתי סבירה בארץ ואישור מוקדם. תקופת המתנה 24 חודשים.

שלי · PROG16 · אין מידע — מומלץ לבדוק","עדיף · PROG19 · אין מידע — מומלץ לבדוק

שיא · PROG20 · אין מידע — מומלץ לבדוק","כסף · PROG24 · פרק ו' ס' 2.2 + 3.2 — השתלת כליה בחו""ל: כולל סכום הבסיס (סל הבריאות), תקרה כוללת $40,000. אישור מראש + אישור רופא מומחה מטעם הקופה נדרשים. תקופת אכשרה 18 חודשים.

זהב · PROG25 · פרק ו' ס' 2.2 + 3.2 — השתלת כליה בחו""ל: כולל סכום הבסיס (סל הבריאות), תקרה כוללת $70,000. אישור מראש + אישור רופא מומחה מטעם הקופה נדרשים. תקופת אכשרה 18 חודשים.",מכבי זהב,
579,רפואת שיניים,,"טיפולי חניכיים (פריודונטיה) — גרידה, הקצעת שורשים, ניתוחי חניכיים","כלל מבוטחי השב""ן בקופות החולים (לפי תוכנית והקופה)","מכבי זהב — סעיף 15.1.4: גרידת חניכיים, הקצעת שורשים, הארכת כותרת, ניתוחי חניכיים — הנחה של 25% על פי רשימת תעריפים במרפאות שיניים שבהסכם.",,"זהב · PROG09 · אין מידע — מומלץ לבדוק

פלטינום · PROG10 · נספח פלטינום — רשימת טיפולים, סעיף 14 — טיפולי פריודונטיה; תקופת אכשרה 6 חודשים; הקצעת שורשים/גרידת חניכיים לרבע פה (מק""ט 1730) — 4 בשנה; הקצעת שורשים/גרידת חניכיים לשישית פה (מק""ט 1731) — 4 בשנה; ניתוח כריתת חניכיים עד רבע פה (מק""ט 1740) — 4 כל 3 שנים; ניתוח חניכיים רבע פה (מק""ט 1750) — 4 כל 3 שנים; ניתוח חניכיים עד 1/6 פה (מק""ט 1752) — 6 כל 3 שנים; תוספת לייזר (מק""ט 1754); מגרד ואוסף עצם (מק""ט 1789) — 2 בשנה; קיבוע שיניים בחומר מרוכב (מק""ט 1799) — אחת ללסת/שנה; הזלפת אליזול עד רבע פה — 4 בשנה (מק""ט 1721/1722); צילומי סטטוס (מק""ט 1207) לפי הפניית כללית סמייל","כסף · PROG14 · אין מידע — מומלץ לבדוק

זהב · PROG15 · מכבי זהב — סעיף 15.1.4: גרידת חניכיים, הקצעת שורשים, הארכת כותרת, ניתוחי חניכיים — הנחה של 25% על פי רשימת תעריפים במרפאות שיניים שבהסכם.

שלי · PROG16 · אין מידע — מומלץ לבדוק","עדיף · PROG19 · אין מידע — מומלץ לבדוק

שיא · PROG20 · אין מידע — מומלץ לבדוק","כסף · PROG24 · אין מידע — מומלץ לבדוק

זהב · PROG25 · אין מידע — מומלץ לבדוק",מכבי זהב,
580,רפואת שיניים,,"ניתוחי עיניים בבית חולים פרטי (קטרקט, גלאוקומה, ויטרקטומי, השתלת קרנית)","כלל מבוטחי השב""ן בקופות החולים (לפי תוכנית והקופה)",מכבי שלי — סעיף 34: הנחה עד 50% מהשתתפות עצמית של מכבי זהב; לא תפחת מ-₪300. תקופת המתנה 6 חודשים.,"החזר/הטבה לניתוחי עיניים בבית חולים פרטי (קטרקט, גלאוקומה, ויטרקטומי, השתלת קרנית) עד 300 ₪","זהב · PROG09 · אין מידע — מומלץ לבדוק

פלטינום · PROG10 · אין מידע — מומלץ לבדוק","כסף · PROG14 · מכבי כסף — סעיף 6: ניתוחי עיניים הכלולים בסל ברשימת ניתוחים שבהסכם. השתתפות עצמית לפי רשימה (לא תפחת מ-₪300). תקופת המתנה 12 חודשים.

זהב · PROG15 · מכבי זהב — סעיף 6: ניתוחי עיניים (קטרקט, גלאוקומה, ויטרקטומי, השתלת קרנית) ברשימת ניתוחים שבהסכם — השתתפות עצמית לפי רשימה. תקופת המתנה 12 חודשים.

שלי · PROG16 · מכבי שלי — סעיף 34: הנחה עד 50% מהשתתפות עצמית של מכבי זהב; לא תפחת מ-₪300. תקופת המתנה 6 חודשים.","עדיף · PROG19 · מכוסה — נספח ב׳ (עיניים) תקנון מאוחדת עדיף. ניתוחים מאושרים: ירוד (קטרקט) הרדמה מקומית/כללית; אירידקטומי לגלאוקומה; טרבולקטומי; פוסטריור ויטרקטומי; החלפת נוזל העין (VITRECTOMY); השתלת קרנית; השתלת קרנית + אקסטרקט קטרקט + עדשה; אסטיגמטיזם (RELAXING INCISIONS); טיפול לייזר (YAG/POST CAPSULOTOMY); לייזר לתשבורת (LASIC/אקסיימר — רק בנוכחות אנאיזומטרופיה משמעותית); ניתוחים בעפעפיים לתיקון פטוזיס. כיסוי מלא בהסכם בניכוי ה.ע. תקופת המתנה: 12 חודשים.

שיא · PROG20 · מכוסה — נספח ב׳ (עיניים) תקנון מאוחדת שיא. אותם ניתוחים כמו עדיף. ה.ע. כמו שיא (ראה ניתוחי לב PROG20). תקופת המתנה: 12 חודשים.","כסף · PROG24 · אין מידע — מומלץ לבדוק

זהב · PROG25 · אין מידע — מומלץ לבדוק",מכבי שלי,
581,רפואת שיניים,,"ניתוחים גדולים וטיפולים מיוחדים בחו""ל שאינם השתלות","כלל מבוטחי השב""ן בקופות החולים (לפי תוכנית והקופה)","מכבי זהב — סעיף 10: ניתוחים גדולים/טיפולים מיוחדים בחו""ל (למעט השתלות) — תקרה $150,000. תנאי: לא ניתן לביצוע בישראל; ו/או זמן המתנה גורם להחמרה; ו/או מיעוט מומחיות. כולל הטסה (עד $","החזר/הטבה לניתוחים גדולים וטיפולים מיוחדים בחו""ל שאינם השתלות עד 18,271 ₪","זהב · PROG09 · אין מידע — מומלץ לבדוק

פלטינום · PROG10 · אין מידע — מומלץ לבדוק","כסף · PROG14 · מכבי כסף — סעיף 8.1.2: במקרה שלא אושר לפי חוק — עד $85,000 אם הטיפול אינו ניתן לביצוע בישראל ועומד בתנאים מצטברים (מניעת נכות 75%+, אובדן חוש שמיעה/ראייה, ניתוחים מיוחדים). תקופת המתנה 24 חודשים.

זהב · PROG15 · מכבי זהב — סעיף 10: ניתוחים גדולים/טיפולים מיוחדים בחו""ל (למעט השתלות) — תקרה $150,000. תנאי: לא ניתן לביצוע בישראל; ו/או זמן המתנה גורם להחמרה; ו/או מיעוט מומחיות. כולל הטסה (עד $20,000), לינה (עד $180/יום, תקרה $45,000), שכ""ר רופאים, ביה""ח. שתל — החזר 83% עד ₪18,271.35 בשנה. תקופת המתנה 24 חודשים.

שלי · PROG16 · אין מידע — מומלץ לבדוק","עדיף · PROG19 · אין מידע — מומלץ לבדוק

שיא · PROG20 · אין מידע — מומלץ לבדוק","כסף · PROG24 · פרק ו' ס' 2.3 + 3.3 — טיפול מיוחד בחו""ל שאושר ע""פ החוק (סרטן, הצלת חיים, מניעת נכות >75%, הצלת שמיעה/ראיה): תקרה $100,000 מעבר לסכום הבסיס. פרק ו' ס' 2.4 + 3.4 — טיפול מיוחד שלא אושר ע""פ החוק: תקרה $25,000. נדרש אישור קופה מראש. תקופת אכשרה 12 חודשים (2.3) / 18 חודשים (2.4).

זהב · PROG25 · פרק ו' ס' 2.3 + 3.3 — טיפול מיוחד בחו""ל שאושר ע""פ החוק (סרטן, הצלת חיים, מניעת נכות >75%, הצלת שמיעה/ראיה): תקרה $150,000 מעבר לסכום הבסיס. פרק ו' ס' 2.4 + 3.4 — טיפול מיוחד שלא אושר ע""פ החוק: תקרה $50,000. נדרש אישור קופה מראש. תקופת אכשרה 12 חודשים (2.3) / 18 חודשים (2.4).",מכבי זהב,
582,רפואת שיניים,,תרופות ייעודיות לטיפול בשיניים (סל עדיף — נספח ד2),"כלל מבוטחי השב""ן בקופות החולים (לפי תוכנית והקופה)","הטבת שב""ן בנושא תרופות ייעודיות לטיפול בשיניים (סל עדיף — נספח ד2)",,"זהב · PROG09 · אין מידע — מומלץ לבדוק

פלטינום · PROG10 · אין מידע — מומלץ לבדוק","כסף · PROG14 · אין כיסוי ספציפי לתרופות ייעודיות לטיפול בשיניים (כגון אנטיביוטיקה, משכי כאב) בנפרד מהסל הבסיסי במסמך מכבי כסף. ריפוי שיניים מופיע בסעיף 13; תרופות במסגרת רשימת מכבי כסף מכוסות לפי סעיף 16 — יש לבדוק אם תרופות שיניים נכללות ברשימה.

זהב · PROG15 · אין כיסוי ספציפי לתרופות ייעודיות לטיפול בשיניים (כגון אנטיביוטיקה, משכי כאב) בנפרד מהסל הבסיסי במסמך מכבי זהב. ריפוי שיניים מופיע בסעיף 15; תרופות במסגרת נספח ו' (רשימת תרופות בהנחה) — יש לבדוק אם תרופות שיניים נכללות.

שלי · PROG16 · אין מידע — מומלץ לבדוק","עדיף · PROG19 · מכוסה — סעיף 11.1.6 + נספח ד'2 לתקנון 'מאוחדת עדיף'. אספקת תרופות על חשבון הקופה הקשורות לטיפול בשיניים (אנטיביוטיקה, משכי כאב וכד') בכפוף לרשימת נספח ד'2. הנחות: 85% ממחיר לצרכן לתרופות ברשימה הראשונה (כולל DURACEF SUSP, AUGMENTIN, GARGOL ועוד); 50% לתרופות ברשימה השנייה. תקופת המתנה לנספח ד'1: 12 חודשים; לנספח ד'2: 3 חודשים.

שיא · PROG20 · מכוסה — בהיות מבוטח 'שיא' גם מבוטח 'עדיף', חל כיסוי סעיף 11.1.6 + נספח ד'2 של 'מאוחדת עדיף'. בנוסף, נספח ד' ל'מאוחדת שיא' מכיל רשימת תרופות בהנחה זהה (85% ו-50% ממחיר לצרכן) לרבות תרופות הקשורות לשיניים. תקופת המתנה: 3 חודשים לנספח ד'2.","כסף · PROG24 · אין מידע — מומלץ לבדוק

זהב · PROG25 · אין מידע — מומלץ לבדוק",טעון השוואה פרטנית,
583,רפואת שיניים,,טיפולי שיניים — הנחות ותעריפים כלליים,"כלל מבוטחי השב""ן בקופות החולים (לפי תוכנית והקופה)","הטבת שב""ן בנושא טיפולי שיניים — הנחות ותעריפים כלליים",,"זהב · PROG09 · הנחה 25% מהמחירון לטיפולי שיניים משמרים (גילאים 18–72), השתתפות עצמית ₪34 לטיפול (פרק ה׳ סעיף 27 — תקנון כללית מושלם זהב)

פלטינום · PROG10 · פלטינום: טיפולי שיניים משמרים בהנחה 50% ממחירון (₪34 השתתפות עצמית); טיפולים מורכבים/פרותטים — 50% מהמחירון; אורתודנטיה עד גיל 18: 60% הנחה; מגיל 18 ואילך: 50% הנחה; ילדים גיל 12–18: טיפולי שיניים משמרים חינם (תקנון פלטינום פרק א׳ סעיף 3; ארנפלד ביטוח)","כסף · PROG14 · הסרת אבנית: הנחה 10%, עד פעמיים/שנה. משמרת (סתימות, שורש): 5%. פריודונטיה: 5%. אורתודנטיה לילדים עד 18: 5%, המתנה 24 חודשים (מכבי כסף סעיף 13).

זהב · PROG15 · בדיקה שנתית: ללא תשלום. הסרת אבנית: 60% הנחה, פעם/שנה. משמרת (סתימות, שורש, עקירות): 25%. פריודונטיה: 25%. שתלים: 25%. אורתודנטיה לילדים עד 18: 25%, המתנה 24 חודשים. שיקום (תותבות, גשרים, כתרים): 25%. שיקום על שתלים: 25%. אסתטי: 25%. הרדמה כללית גיל 5–18: 25%. סדציה IV/אורלית/גז: 25% (מכבי זהב סעיף 15.1).

שלי · PROG16 · פריודונטיה, כירורגיה, שיקום, שתלים, אורתודנטיה, הרדמה, צילומים: הנחה 43% (57% השתתפות עצמית). אורתודנטיה ע""י מומחה: 40% (מכבי שלי סעיף 10). השתתפות עצמית לפי נספח שיניים.","עדיף · PROG19 · אין מידע — מומלץ לבדוק

שיא · PROG20 · אין מידע — מומלץ לבדוק","כסף · PROG24 · הנחה 10% ממחירון לאומית לכל טיפול (לאומית כסף, פרק ל""ח סעיף 3.1.1)

זהב · PROG25 · הנחה 25% לפחות ממחירון לאומית לכל טיפול (לאומית זהב, פרק ל""ח סעיף 3.1.2)",טעון השוואה פרטנית,
584,רפואת שיניים,,ניקוי אבנית שיניים — תעריפים,"כלל מבוטחי השב""ן בקופות החולים (לפי תוכנית והקופה)","הטבת שב""ן בנושא ניקוי אבנית שיניים — תעריפים",החזר/הטבה לניקוי אבנית שיניים — תעריפים בין 51 ל-68 ₪,"זהב · PROG09 · אין מידע — מומלץ לבדוק

פלטינום · PROG10 · אין מידע — מומלץ לבדוק","זהב · PROG15 · אין מידע — מומלץ לבדוק

שלי · PROG16 · אין מידע — מומלץ לבדוק

כסף · PROG14 · אין מידע — מומלץ לבדוק","עדיף · PROG19 · הסרת אבן — 50% הנחה, עד 2 פעמים בשנה; טיפולי חירום ₪68 ה""ע; בדיקה שנתית — ללא תשלום (עד גיל 72). (מאוחדת עדיף, סעיף 11)

שיא · PROG20 · הסרת אבן — ₪15 ה""ע; סתימות ₪34 ה""ע; טיפולים מורכבים 50% ה""ע; אורתודנטיה 40% ה""ע; יישור בקשתיות שקופות 50% ה""ע. תקופת המתנה 12 חודשים (מורכבים). (מאוחדת שיא, סעיף 34 ונספח ז)","כסף · PROG24 · הנחה 50% ממחירון לאומית, זכאות פעם בשנה; גילאי 18–72 (לאומית כסף, פרק ל""ח סעיף 3.5.1)

זהב · PROG25 · השתתפות עצמית ₪51 לניקוי, מדי 6 חודשים; גילאי 18–72 (לאומית זהב, פרק ל""ח סעיף 3.5.2)",טעון השוואה פרטנית,
585,רפואת שיניים,,אורתודנטיה לילדים — הנחות,"כלל מבוטחי השב""ן בקופות החולים (לפי תוכנית והקופה)","הטבת שב""ן בנושא אורתודנטיה לילדים — הנחות",,"זהב · PROG09 · הנחה 25% מהמחירון לטיפולי אורתודנטיה לגיל מתחת ל-18 (פרק ה׳ סעיף 28 — תקנון כללית מושלם זהב)

פלטינום · PROG10 · פלטינום: הנחה 60% מהמחירון לגיל עד 18; הנחה 50% מגיל 18 ואילך (תקנון פלטינום פרק א׳ סעיף 3.2; chaimvchessed.com)","כסף · PROG14 · אין מידע — מומלץ לבדוק

זהב · PROG15 · אין מידע — מומלץ לבדוק

שלי · PROG16 · אין מידע — מומלץ לבדוק","עדיף · PROG19 · אין מידע — מומלץ לבדוק

שיא · PROG20 · אין מידע — מומלץ לבדוק","כסף · PROG24 · הנחה 15% ממחירון לאומית (לאומית כסף, פרק ל""ח סעיף 3.2.1)

זהב · PROG25 · הנחה 59% ממחירון לאומית לטיפולי רמה א'–ו'; הנחה 35% לשאר טיפולי אורתודנטיה לילדים (לאומית זהב, פרק ל""ח סעיף 3.2.2)",כללית מושלם פלטינום,
586,רפואת שיניים,,יישור שיניים בקשתיות שקופות (Clear Aligners),"כלל מבוטחי השב""ן בקופות החולים (לפי תוכנית והקופה)","יישור שיניים בקשתיות שקופות (Clear Aligners) — 50% השתתפות עצמית ממחיר חבר מאוחדת. תקופת המתנה 12 חודשים. (מאוחדת שיא, נספח ז — טיפולים מורכבים)",,"זהב · PROG09 · אין מידע — מומלץ לבדוק

פלטינום · PROG10 · אין מידע — מומלץ לבדוק","כסף · PROG14 · אין מידע — מומלץ לבדוק

זהב · PROG15 · אין מידע — מומלץ לבדוק

שלי · PROG16 · אין מידע — מומלץ לבדוק","עדיף · PROG19 · אין מידע — מומלץ לבדוק

שיא · PROG20 · יישור שיניים בקשתיות שקופות (Clear Aligners) — 50% השתתפות עצמית ממחיר חבר מאוחדת. תקופת המתנה 12 חודשים. (מאוחדת שיא, נספח ז — טיפולים מורכבים)","כסף · PROG24 · אין מידע — מומלץ לבדוק

זהב · PROG25 · אין מידע — מומלץ לבדוק",מאוחדת שיא,
587,רפואת שיניים,,ביקורת שנתית ובדיקת שיניים,"כלל מבוטחי השב""ן בקופות החולים (לפי תוכנית והקופה)","הטבת שב""ן בנושא ביקורת שנתית ובדיקת שיניים",,"זהב · PROG09 · אין מידע — מומלץ לבדוק

פלטינום · PROG10 · אין מידע — מומלץ לבדוק","כסף · PROG14 · אין מידע — מומלץ לבדוק

זהב · PROG15 · אין מידע — מומלץ לבדוק

שלי · PROG16 · אין מידע — מומלץ לבדוק","עדיף · PROG19 · אין מידע — מומלץ לבדוק

שיא · PROG20 · אין מידע — מומלץ לבדוק","כסף · PROG24 · ביקורת חצי שנתית + 2 צילומי נשך, פעמיים בשנה, ללא תשלום; גילאי 18–72 (לאומית כסף, פרק ל""ח סעיף 3.3.1)

זהב · PROG25 · ביקורת חצי שנתית + 2 צילומי נשך, פעמיים בשנה, ללא תשלום; גילאי 18–72 (לאומית זהב, פרק ל""ח סעיף 3.3.1)",טעון השוואה פרטנית,
588,רפואת שיניים,,טיפולי שיניים לילדים 15–18 — ללא תשלום,"כלל מבוטחי השב""ן בקופות החולים (לפי תוכנית והקופה)","הטבת שב""ן בנושא טיפולי שיניים לילדים 15–18 — ללא תשלום",,"זהב · PROG09 · אין מידע — מומלץ לבדוק

פלטינום · PROG10 · אין מידע — מומלץ לבדוק","כסף · PROG14 · אין מידע — מומלץ לבדוק

זהב · PROG15 · אין מידע — מומלץ לבדוק

שלי · PROG16 · אין מידע — מומלץ לבדוק","עדיף · PROG19 · אין מידע — מומלץ לבדוק

שיא · PROG20 · טיפולי שיניים שמרניים לילדים גיל 15–18 — ללא השתתפות עצמית (חינם). תקופת המתנה 12 חודשים. (מאוחדת שיא, סעיף 34 ונספח ז')","כסף · PROG24 · אין מידע — מומלץ לבדוק

זהב · PROG25 · אין מידע — מומלץ לבדוק",טעון השוואה פרטנית,
589,"הריון, לידה ופריון",,בדיקות גנטיות,"כלל מבוטחי השב""ן בקופות החולים (לפי תוכנית והקופה)",בדיקות אונקוגנטיות תקופת המתנה: 3 חודשים.,"החזר/הטבה לבדיקות גנטיות בין 94 ל-5,190 ₪","זהב · PROG09 · בדיקה גנטית בדיקה גנטית: השתתפות בהוצאות בדיקה גנטית.
שיעור: 75%, 20% | סכום: 208 ש""ח, 250 ש""ח, 2,000 ש""ח, 790 ש""ח | המתנה: 3 חודשים

פלטינום · PROG10 · הזכאות קיימת בתוכנית ""מושלם זהב"".","כסף · PROG14 · לא כלול במסלול זה

זהב · PROG15 · במסגרת ""דור ישרים"" - החבר יהיה זכאי להשתתפות 'מכבי זהב' בעלותה של חבילת הבדיקות המבוצעת על-ידי הספק, בכפוף לתשלום השתתפות עצמית בגובה 206.18 ש""ח .
סכום: 206.18 ש""ח

שלי · PROG16 · הזכאות קיימת בתוכנית ""מכבי זהב"".","עדיף · PROG19 · תקופת המתנה: לא נדרשת תקופת המתנה בדיקות גנטיות מבוטח יהיה זכאי לבצע באופן חד פעמי בדיקה אחת או יותר לגילוי נשאות של מחלות מתוך הרשימה שלהלן, ובלבד שהוא אינו זכאי לבדיקות אלה מכוח…
שיעור: 80%, 30% | סכום: 99 ש""ח, 1,114 ש""ח, 173 ש""ח | המתנה: לא נדרשת תקופת המתנה בדיקות

שיא · PROG20 · בדיקות אונקוגנטיות תקופת המתנה: 3 חודשים.
שיעור: 75% | סכום: 308 ש""ח, 5,190 ש""ח | המתנה: 3 חודשים","כסף · PROG24 · בדיקות גנטיות לשלילת מומים מולדים הגדרות ""מחלות גנטיות"" - רשימת המחלות המפורטות להלן: נשאות אטקסיה טלנגנטקזיה NIEMAN PICK פנקוני FANCONI A פנקוני FANCONI C מוטציית בלום BLOOM אשר…
שיעור: 80% | סכום: 172 ש""ח, 217 ש""ח, 319 ש""ח, 363 ש""ח | המתנה: לא נדרשת תקופת המתנה תשומת ל

זהב · PROG25 · בדיקות גנטיות לשלילת מומים מולדים הגדרות ""מחלות גנטיות"" - רשימת המחלות המפורטות להלן: נשאות אטקסיה טלנגנטקזיה NIEMAN PICK פנקוני FANCONI A פנקוני FANCONI C מוטציית בלום BLOOM אשר…
שיעור: 80% | סכום: 94 ש""ח, 870 ש""ח, 798 ש""ח, 319 ש""ח | המתנה: לא נדרשת תקופת המתנה תשומת ל",מאוחדת שיא,
590,"הריון, לידה ופריון",,תרומת ביצית,"כלל מבוטחי השב""ן בקופות החולים (לפי תוכנית והקופה)",תרומת ביצית א.,"החזר/הטבה לתרומת ביצית בין 11,487 ל-24,852 ₪","זהב · PROG09 · לא כלול במסלול זה

פלטינום · PROG10 · תרומת ביצית במדינת חוץ מקרה מזכה מקרה מזכה הנו השגת תרומת ביצית במדינת חוץ לצורך ביצוע הפריה חוץ גופית עבור ילד ראשון ושני במדינת חוץ, לרבות בדיקת התורמת, הכנתה השגת הביצית…
שיעור: 75% | סכום: 11,962 ש""ח","כסף · PROG14 · לא כלול במסלול זה

זהב · PROG15 · תרומת ביצית א.
שיעור: 75% | סכום: 12,426 ש""ח, 24,852 ש""ח

שלי · PROG16 · הזכאות קיימת בתוכנית ""מכבי זהב"".","עדיף · PROG19 · טיפולים בהפרעות פריון, באמצעות תרומת ביצית, המתבצעים בחו""ל מבוטחות אשר להן אין יותר מילד אחד, תהיינה זכאיות לשיפוי עד תקרה של 11,487 ש""ח , בגין טיפול הדורש תרומת ביצית, במסגרת…
סכום: 11,487 ש""ח

שיא · PROG20 · טיפולים בהפרעות פריון, באמצעות תרומת ביצית, המתבצעים בחו""ל מבוטחות אשר להן אין יותר מילד אחד, תהיינה זכאיות לשיפוי עד תקרה של 14,349 ש""ח , בגין טיפול הדורש תרומת ביצית, במסגרת…
סכום: 14,349 ש""ח","כסף · PROG24 · השגת תרומת ביצית המקרה המזכה השגת תרומת ביצית בחו""ל, לצורך ביצוע הפריה חוץ גופית בישראל או בחו""ל, לרבות בדיקת התורמת, הכנתה, השגת הביצית והחזרתה לנתרמת.
שיעור: 80% | סכום: 14,100 ש""ח

זהב · PROG25 · השגת תרומת ביצית המקרה המזכה השגת תרומת ביצית בחו""ל, לצורך ביצוע הפריה חוץ גופית בישראל או בחו""ל, לרבות בדיקת התורמת, הכנתה, השגת הביצית והחזרתה לנתרמת.
שיעור: 80% | סכום: 14,100 ש""ח",מכבי זהב,
591,"הריון, לידה ופריון",,פוריות והפריה חוץ-גופית (IVF),"כלל מבוטחי השב""ן בקופות החולים (לפי תוכנית והקופה)",סעיף 16 — אבחון וטיפול בהפרעות בפריון אצל הגבר ואצל האישה,"החזר/הטבה לפוריות והפריה חוץ-גופית (IVF) בין 125 ל-149,822 ₪","זהב · PROG09 · הפריה חוץ גופית (IVF): סכום השווה ל-75% מההוצאה בפועל עבור טיפול הפריה חוץ גופית שבוצע על פי הפניית רופא מומחה במחלקה לטיפול לקויי פריון, בבית חולים פרטי בישראל, עד סכום מירבי ₪7,200. בכפוף לכללים הרפואיים של משרד הבריאות לסל הבסיסי. ילד ראשון ושני: עד 5 טיפולים לשנה קלנדרית (בבי""ח פרטי). ילד שלישי ואילך: עד 6 טיפולים לכל ילד (בבי""ח פרטי או ציבורי). סדנת תמיכה למטופלות IVF ובן זוגן: השתתפות עצמית ₪10 למפגש במכוני הסדר; החזר 50% מההוצאה בפועל עד ₪610 לסדנה. תקופת אכשרה: 12 חודשים.

פלטינום · PROG10 · אין מידע — מומלץ לבדוק. בתקנון פלטינום מופיע חריג מפורש: 'טיפול מכל סוג שהוא הקשור לפוריות' אינו מכוסה בפרקי הניתוחים. הכיסוי לפוריות/IVF ניתן במסגרת 'מושלם זהב' (ראו עמודת כללית מושלם זהב).","כסף · PROG14 · סעיף 10 — הפריה חוץ-גופית (IVF).
זכאות: ילד ראשון ושני בלבד.
בית חולים בהסכם: השתתפות עצמית ₪955.24 לניסיון (שלבים א'+ב'), ₪280.47 לניסיון (שלב ג').
בית חולים שאינו בהסכם: החזר עד ₪8,282.69 לניסיון (שלבים א'+ב'), עד ₪2,558.37 לניסיון (שלב ג'); חלק החברה לא יפחת מ-₪955.24 / ₪280.47 לניסיון.
תקופת אכשרה: 24 חודשים.

זהב · PROG15 · סעיף 12 — הפריה חוץ-גופית (IVF).
ילד ראשון ושני:
  • בית חולים בהסכם: ה""ע ₪955.24 לניסיון (שלבים א'+ב'), ₪280.47 (שלב ג').
  • בית חולים שאינו בהסכם: עד ₪8,282.69 (א'+ב'), עד ₪2,558.37 (ג'); חלק החברה לא יפחת מ-₪955.24 / ₪280.47.
ילד שלישי ואילך (עד 7 טיפולים):
  • בהסכם: ה""ע ₪1,966.32 (א'+ב'), ₪562.34 (ג').
  • שלא בהסכם: עד ₪8,282.69 (א'+ב'), חלק החברה לא יפחת מ-₪1,966.97; עד ₪2,588.37 (ג'), חלק החברה לא יפחת מ-₪562.34.
משגיחה (סעיף 12.5): ₪143.82 ליום, עד 3 ימים לניסיון.
תרומת ביצית (סעיף 12.6): 75% מההוצאה בפועל עד ₪14,312.04 לתרומה; תקרה כוללת ₪28,624.08 לתקופת חברות.
תקופת אכשרה: 24 חודשים.

שלי · PROG16 · סעיף 14 — שימור פוריות לנשים מסיבות שאינן רפואיות (תוספת על מכבי זהב, חדש).
גיל זכאות: 31–38, טיפול מתחיל לפני גיל 39.
היקף: עד 3 שאיבות, או עד 25 ביציות (המוקדם מביניהם).
ה""ע: ₪3,500 למחזור טיפולים. המחזור כולל הכנה, שאיבה ושימור 5 שנים; אינו כולל טיפול תרופתי לשלב א' (הניתן לפי פרק התרופות בתקנון מכבי זהב).
תקופת אכשרה: 12 חודשים.
הערה: כיסוי IVF עצמו — לפי תנאי מכבי זהב (סעיף 12) המתווסף.","עדיף · PROG19 · סעיף 2 — אבחון וטיפול בהפרעות בפריון אצל הגבר ואצל האישה
תקופת המתנה: 24 חודשים מיום ההצטרפות לתוכנית.

סעיף 2.2.1 — מבוטחי התוכנית, שהינם זוג נשוי או משפחה חד-הורית, אשר נמצאו ע""י הגורם המקצועי בקופה כזכאים לקבלת טיפולי הפריה מכוח חוק ביטוח בריאות ממלכתי, יהיו זכאים לקבל טיפולים אלה במסגרת בי""ח פרטי, הקשור עם הקופה בהסכם. הזכאות מותנית בהשתתפות עצמית בגובה של 15% מעלות הטיפול ועד לתקרת השתתפות עצמית בסך של 2,741 ש""ח לכל ניסיון.

סעיף 2.2.2 — המבוטח/ת זכאי/ת לקבל טיפולים שמרניים ו/או כירורגיים בבי""ח פרטי, רק עד לתקרה של 10 ניסיונות להפריה חוץ-גופית (I.V.F) לכל ילד, במטרה להביא לעולם עד שני ילדים.

סעיף 2.2.3 — מבוטחי ""מאוחדת עדיף"" שהינם בני זוג או משפחה חד הורית להם יש כבר שני ילדים בריאים, זכאים להשתתפות כספית של התוכנית בגובה 50% מהעלות של כל טיפול/ניסיון I.V.F שמטרתו הולדת ילד נוסף, כל אלה במסגרת 10 ניסיונות לכל ילד.

סעיף 2.2.4 — אישורים כאמור יינתנו עד לתקרה בגובה 102,803 ש""ח לכל ניסיונות ההפריה שאושרו.

סעיף 2.3.1.2 — חלפה תקופת ההמתנה (24 חודשים).
סעיף 2.3.1.5 — למבוטחת הזכאית מכוח סעיף 2.2.3, טרם מלאו 45 שנה כשמדובר בטיפול עם חומר גנטי עצמוני או מתרומת זרע, או טרם מלאו לה 54 שנה כשמדובר בתרומת ביציות.

סעיף 2.4.2 — בדיקות וטיפולים יסופקו לעמיתי ""מאוחדת עדיף"" גם במסגרת בתי חולים פרטיים, בהשתתפות עצמית של המבוטח שלא תעלה על 15% מעלותם.

סעיף 2.4.3 — בדיקות וטיפולים למטרת הבאת ילד שלישי ואילך, יסופקו לעמיתי ""מאוחדת עדיף"" בלבד, במסגרת של עד 10 ניסיונות לכל ילד, בהשתתפות עצמית של המבוטח שלא תעלה על 50% מהעלות.

סעיף 2.5.2 — תרופות שאינן כלולות בפנקס התרופות תסופקנה ב""השתתפות עצמית"" של עד 50% ממחירן לצרכן, ובלבד שתרופות אלה כלולות בנספח ד' 2 לתקנון.
סעיף 2.5.3 — תרופות ל-I.V.F (משלב א') להולדת ילד שלישי ואילך תסופקנה ב""השתתפות עצמית"" של 50% ממחירן לצרכן.

סעיף 2.6.1 — טבלת זכאות I.V.F:
• חברי קופה שאינם מבוטחים ב""מאוחדת עדיף"": בבי""ח ציבורי — על פי קביעת הגורם המקצועי, ללא השתתפות עצמית; בבי""ח פרטי — אינם זכאים להשתתפות הקופה.
• מבוטחי ""מאוחדת עדיף"" (עד 2 ילדים): בבי""ח ציבורי — אין השתתפות עצמית; בבי""ח פרטי — עד 15% מהעלות לכל ניסיון.
• מבוטחי ""מאוחדת עדיף"" (ילד שלישי ואילך): 50% מהעלות לכל ניסיון בכל מסגרת.

סעיף 2.6.3 — הקופה תממן ""הפריה חוץ-גופית"" המתבצעת אך ורק ""במחלקה מוכרת"" של בתי החולים בגבולות מדינת ישראל איתם קשורה הקופה בהסכם.

סעיף 2.7.2 — כלל חברי הקופה זכאים לכיסוי כספי מלא בגין הקפאת ביציות מופרות לשנה אחת בלבד. מבוטחות ""מאוחדת עדיף"" זכאיות לתקופה נוספת של שנתיים בהשתתפות עצמית של 50% מ""העלות העצמית"".

סעיף 2.7.3 — מבוטח שהינו חולה אונקולוגי או סובל מבעיית פוריות, יהיה זכאי על חשבון התוכנית לשמירת זרע לתקופה של חמש שנים במסגרת ספקי שירות ציבוריים הקשורים עם הקופה בהסכם.

סעיף 2.8.1 — מבוטחות ב""מאוחדת עדיף"" אשר להן אין יותר מילד אחד, תהיינה זכאיות לשיפוי עד תקרה של 11,994 ש""ח בגין טיפול הדורש תרומת ביצית בחו""ל.
סעיף 2.8.3 — הסיוע יאושר בהיקף של עד שני מחזורי הפריה בתרומת ביצית למבוטחת.

שיא · PROG20 · סעיף 16 — אבחון וטיפול בהפרעות בפריון אצל הגבר ואצל האישה
תקופת המתנה: 24 חודשים מיום ההצטרפות לתוכנית.

סעיף 16.2.1 — מבוטחי התוכנית, שהינם זוג נשוי או משפחה חד-הורית, אשר נמצאו ע""י הגורם המקצועי בקופה כזכאים לקבלת טיפולי הפריה מכוח חוק ביטוח בריאות ממלכתי, יהיו זכאים לקבל טיפולים אלה במסגרת בי""ח פרטי. הזכאות מותנית בהשתתפות עצמית בגובה של 15% מעלות הטיפול ועד לתקרת השתתפות עצמית בסך של 2,397 ש""ח לכל ניסיון.

סעיף 16.2.2 — המבוטח/ת זכאי/ת לקבל טיפולים שמרניים ו/או כירורגיים בבי""ח פרטי, רק עד לתקרה של 10 ניסיונות להפריה חוץ-גופית (I.V.F) לכל ילד, במטרה להביא לעולם עד שני ילדים.

סעיף 16.2.3 — מבוטחי ""מאוחדת שיא"" שהינם בני זוג או משפחה חד הורית להם יש כבר שני ילדים בריאים, זכאים להשתתפות כספית של התוכנית בגובה שלא יפחת מ-85% מהעלות של כל טיפול/ניסיון I.V.F שמטרתו הולדת ילד נוסף (כלומר השתתפות עצמית עד 15%), כל אלה במסגרת 10 ניסיונות לכל ילד.

סעיף 16.2.4 — אישורים כאמור יינתנו עד לתקרה בגובה 149,822 ש""ח לכל ניסיונות ההפריה שאושרו.

סעיף 16.3.1.2 — חלפה תקופת ההמתנה (24 חודשים).
סעיף 16.3.1.5 — למבוטחת הזכאית מכוח סעיף 16.2.3, טרם מלאו 45 שנה כשמדובר בטיפול עם חומר גנטי עצמוני או מתרומת זרע, או טרם מלאו לה 54 שנה כשמדובר בתרומת ביציות.

סעיף 16.4.3 — בדיקות וטיפולים למטרת הבאת ילד שלישי ואילך יסופקו לעמיתי ""מאוחדת שיא"" בלבד, במסגרת של עד 10 ניסיונות לכל ילד, בהשתתפות עצמית של המבוטח שלא תעלה על 15% מהעלות.

סעיף 16.5.2 — תרופות שאינן כלולות בפנקס התרופות תסופקנה ב""השתתפות עצמית"" של עד 15% ממחירן לצרכן.
סעיף 16.5.3 — תרופות ל-I.V.F (משלב א') להולדת ילד שלישי ואילך תסופקנה ב""השתתפות עצמית"" של 15% ממחירן לצרכן.

סעיף 16.6.1 — טבלת זכאות I.V.F:
• חברי קופה שאינם מבוטחים ב""מאוחדת עדיף"": על פי קביעת הגורם המקצועי, בבי""ח ציבורי ללא השתתפות עצמית; בבי""ח פרטי — אינם זכאים להשתתפות הקופה.
• מבוטחי ""מאוחדת עדיף"" (עד 2 ילדים): בבי""ח ציבורי — אין השתתפות עצמית; בבי""ח פרטי — עד 15% מהעלות לכל ניסיון.
• מבוטחי ""מאוחדת שיא"" (ילד שלישי ואילך): בכל מסגרת — עד 15% מהעלות לכל ניסיון.

סעיף 16.7.2 — כלל חברי הקופה זכאים לכיסוי כספי מלא בגין הקפאת ביציות מופרות לשנה אחת בלבד. מבוטחות ""מאוחדת שיא"" זכאיות לתקופה נוספת של שנתיים בהשתתפות עצמית של 15% מ""העלות העצמית"".

סעיף 16.7.3 — מבוטח שהינו חולה אונקולוגי או סובל מבעיית פוריות, יהיה זכאי על חשבון התוכנית לשמירת זרע לתקופה של חמש שנים במסגרת ספקי שירות ציבוריים הקשורים עם הקופה בהסכם.

סעיף 16.8.1 — מבוטחות ב""מאוחדת שיא"" אשר להן אין יותר מילד אחד, תהיינה זכאיות לשיפוי עד תקרה של 14,982 ש""ח בגין טיפול הדורש תרומת ביצית בחו""ל.
סעיף 16.8.3 — הסיוע יאושר בהיקף של עד שני מחזורי הפריה בתרומת ביצית למבוטחת.

סעיף 16.9 — שימור פריון לנשים מטעמים שאינם רפואיים:
סעיף 16.9.1 — מבוטחת אשר מלאו לה 30 שנים אך טרם מלאו לה 41 שנים, בעלת ותק של 12 חודשים בביטוח, תהא זכאית לשימור ביציות במכון שבהסדר (ובלבד שאינה זכאית לשימור ביציות במסגרת סל הבריאות). הזכאות הינה עד 6 שאיבות ו/או עד להשגת 30 ביציות (לפי המוקדם).
סעיף 16.9.2 — מבוטחת תשלם השתתפות עצמית בסך של 3,500 ש""ח למחזור טיפולים. ""מחזור טיפולים"" כולל הכנה לשאיבה, שאיבת הביציות ושימור למשך 5 שנים.
סעיף 16.9.3 — התרופות הנדרשות לשימור הפריון תסופקנה ב""השתתפות עצמית"" של עד 50% מהמחיר המרבי לצרכן.

סעיף 38 — מימון משגיחת פריון על טיפולים במכונים שבהסדר:
מבוטח/ת הנמצא/ת בתהליך של הפריה חוץ גופית זכאי/ת להחזר למימון עלות השגחה על טיפול ההפריה. ההחזר יינתן עבור שירותי השגחה הניתנים באמצעות מכונים שבהסדר, עד 3 ימים לכל ניסיון טיפול פריון. גובה ההחזר יעמוד על 125 ש""ח ליום. תקופת המתנה: 3 חודשים.","כסף · PROG24 · פרק י""ב — השתתפות בהוצאות הפריה חוץ גופית. תקופת אכשרה: 12 חודשים.

1. טיפולי הפריה חוץ גופית (IVF) לצורך לידת שני ילדים ראשונים (סעיף 2.1):
   — שלב א' (טיפול הורמונלי): 6 ניסיונות טיפוליים; השתתפות עצמית ₪395 לכל ניסיון.
   — שלב ב' (שאיבת ביציות והפרייה): 6 ניסיונות טיפוליים; השתתפות עצמית ₪702 לכל ניסיון.

2. טיפולי הפריה לצורך לידת ילד שלישי ואילך (סעיף 2.2):
   — שלב א': 4 ניסיונות טיפוליים; השתתפות עצמית ₪531 לכל ניסיון.
   — שלב ב': 4 ניסיונות טיפוליים; השתתפות עצמית ₪1,125 לכל ניסיון.

3. החזרת עוברים מוקפאים:
   — לצורך ילדים ראשונים ושניים (סעיף 3.1): 6 ניסיונות; השתתפות עצמית ₪524 לטיפול.
   — לצורך ילד שלישי ואילך (סעיף 3.2): 4 ניסיונות; השתתפות עצמית ₪702 לטיפול.

4. שאיבת זרע (סעיף 4): השתתפות עצמית ₪2,258 לכל ניסיון טיפולי.

5. השגת תרומת ביצית (סעיף 5): החזר 80% עד תקרה ₪14,100 להשגת ביצית. הכיסוי עד שתי תרומות בכל תקופת ההסכם.

6. טיפול מיון תאי זרע (סעיף 6): השתתפות עצמית ₪2,284 לטיפול. עד שני טיפולים בשנה.

השתתפויות עצמיות צמודות למחירון הממשלתי לשירותי בריאות.

זהב · PROG25 · פרק י""ב — השתתפות בהוצאות הפריה חוץ גופית. תקופת אכשרה: 12 חודשים.

1. טיפולי הפריה חוץ גופית (IVF) לצורך לידת שני ילדים ראשונים (סעיף 2.1):
   — שלב א' (טיפול הורמונלי): 12 ניסיונות טיפוליים; השתתפות עצמית ₪395 לכל ניסיון.
   — שלב ב' (שאיבת ביציות והפרייה): 12 ניסיונות טיפוליים; השתתפות עצמית ₪698 לכל ניסיון.

2. טיפולי הפריה לצורך לידת ילד שלישי ואילך (סעיף 2.2):
   — שלב א': 7 ניסיונות טיפוליים; השתתפות עצמית ₪531 לכל ניסיון.
   — שלב ב': 7 ניסיונות טיפוליים; השתתפות עצמית ₪1,125 לכל ניסיון.

3. החזרת עוברים מוקפאים:
   — לצורך ילדים ראשונים ושניים (סעיף 3.1): 12 ניסיונות; השתתפות עצמית ₪524 לטיפול.
   — לצורך ילד שלישי ואילך (סעיף 3.2): 7 ניסיונות; השתתפות עצמית ₪698 לטיפול.

4. שאיבת זרע (סעיף 4): השתתפות עצמית ₪1,432 לכל ניסיון טיפולי.

5. השגת תרומת ביצית (סעיף 5): החזר 80% עד תקרה ₪14,100 להשגת ביצית. הכיסוי עד שתי תרומות בכל תקופת ההסכם.

6. טיפול מיון תאי זרע (סעיף 6): השתתפות עצמית ₪1,427 לטיפול. עד שני טיפולים בשנה.

השתתפויות עצמיות צמודות למחירון הממשלתי לשירותי בריאות.",מאוחדת שיא,
592,"הריון, לידה ופריון",,הריון ולידה ומעקב הריון,"כלל מבוטחי השב""ן בקופות החולים (לפי תוכנית והקופה)","פרק י""ד — מוניטור ביתי לאישה ההרה. תקופת אכשרה: 3 חודשים.","החזר/הטבה להריון ולידה ומעקב הריון בין 50 ל-9,460 ₪","זהב · PROG09 · סקירת מערכות: 75%/50% מההוצאה בפועל עד ₪616, או במכון הסדר בהשתתפות עצמית ₪114 לכל עובר (פעם אחת לכל היריון, מעבר לסל). בדיקת מי שפיר או סיסי שיליה (דיקור) במכון הסדר: השתתפות עצמית ₪800 לכל דיקור (פעם אחת לכל היריון). שבב ציטוגנטי CMA וחלבון עוברי: כלול (כולל ייעוץ). בדיקה גנטית: 75% מההוצאה בפועל במרפאה מוכרת שלא במכון הסדר, כשאינה ממומנת ע""י הסל. ייעוץ הנקה: החזר ₪56 למפגש (עד 5 מפגשים) שלא בהסדר; בהסדר השתתפות עצמית ₪150 לפגישה ראשונה ו-₪50 לשנייה. סדנאות הריון ולידה: השתתפות עצמית ₪10 למפגש. קורס הכנה ללידה: השתתפות עצמית ₪200. הבראה ליולדת (מהילד הרביעי / 3 ילדים+): 75% מההוצאה עד ₪300 ליום, עד 3 ימים, תוך חודש מהלידה. מכשיר אולטרסאונד ביתי לעמיתה הרה: אחד לתקופת הריון.

פלטינום · PROG10 · תוספת מעל 'מושלם זהב': ביצוע סקירת מערכות לנשים בהיריון במכוני בדיקות — 50% מההשתתפות העצמית המשולמת ב'מושלם זהב' (השתתפות עצמית ₪57 במקום ₪114 לסקירת מערכות), פעם אחת לכל היריון, כולל הייעוץ. מעבר לכך חלים תנאי 'מושלם זהב' (ראו עמודה זו). אין בפרק פלטינום פירוט נוסף על לידה/אשפוז לידה/מענקי לידה.","כסף · PROG14 · סעיף 5.4 — הוראות כלליות: שמירת היריון, סיבוכי היריון ולידה אינם נכללים ברוב הכיסויים של מכבי כסף.
סעיף 18.1 — מוניטור עוברי באמצעות הטלפון: ה""ע ₪73.14 לשבוע.
לא נמצאה חבילת היריון ולידה ייעודית בתקנון מכבי כסף.

זהב · PROG15 · סעיף 29 — בדיקות היריון פרטיות (ללא תקופת המתנה):
29.1 בדיקת מי שפיר — CMA (צ'יפ גנטי): לאישה עד גיל 32 שאינה זכאית בסל הבסיסי:
  א. בית חולים בהסכם עם רופא בהסכם: ה""ע ₪937.97 לעובר; עד ₪1,875.95 בהריון מרובה עוברים.
  ב. שלא במסגרת 29.1א: החזר 80% מהוצאה בפועל עד תקרה ₪1,650.95.
29.2 בדיקת סיסי שיליה (כשאין זכאות בסל): החזר מרבי ₪1,660.88 (כתחליף לבדיקת מי שפיר; כולל ייעוץ).
29.3 סקירת מערכות — שתי סקירות להריון (מוקדמת ומאוחרת מורחבת):
  29.3.1 ספק בהסכם: ה""ע ₪157.54 לסקירה מוקדמת.
  29.3.2 ספק שאינו בהסכם: החזר 50% מהוצאה בפועל עד תקרה ₪388.17 לסקירה מוקדמת.
סעיף 28.1.3 — בדיקות גנטיות במסגרת 'דור ישרים': ה""ע ₪206.18 לחבילת הבדיקות.
סעיף 28.2 — בדיקת נשאות BRCA1/BRCA2 (שלא בסל): ה""ע ₪345.55; במרפאות הסכם בלבד אחרי ייעוץ גנטי; ללא תקופת המתנה.
סעיף 30 — הבראה לאחר לידה: לידת ילד רביעי ואילך: 75% מהוצאה עד ₪437.62 ללילה, עד 3 לילות; יום נוסף על כל לידה החל מחמישית. תקופת אכשרה: 3 חודשים.
הערה: חבילת היריון ולידה כוללת (הכיסוי הגדול) מצויה בתקנון מכבי שלי (סעיף 11).

שלי · PROG16 · סעיף 11 — חבילת היריון ולידה (תוספת על מכבי זהב):
החזר 75% מהוצאה בפועל, עד ₪2,358.97 לכל היריון (מצטבר), עד 4 הריונות לתקופת חברות. הריון מרובה עוברים: עד ₪4,717.95 להריון, תקרה כוללת ₪9,435.90.
שירותים הנכללים בתקרה:
  • ייעוץ מומחה: עד ₪824.82.
  • דולה: עד ₪1,767.47 לכל היריון.
  • ייעוץ שינה תינוק / אחות / תזונאית: עד ₪471.32.
  • הבראה לאחר לידה: 3 ימים עבור ילד 1–3; 3 ימים נוספים מעבר לזכאות מכבי זהב עבור ילד 4+; עד ₪471.32 ללילה.
תקופת אכשרה: 6 חודשים.
סעיף 12 — בדיקת CMA (צ'יפ גנטי) לאישה עד גיל 32: 50% הנחה על ה""ע הקבועה בסעיף 29.1א בתקנון מכבי זהב (₪937.97). תקופת אכשרה: 6 חודשים.","עדיף · PROG19 · סעיף 9 — מעקב לנשים בהיריון בסיכון גבוה
תקופת המתנה: 6 חודשים מיום ההצטרפות לתוכנית.
סעיף 9.1 — מבוטחת אשר נמצאת בהיריון בחודשים מתקדמים ולדעת הרופא המטפל נמצאת בסיכון גבוה, זכאית לאספקת מוניטור ביתי לצורך מעקב אחר הריונה.
סעיף 9.2 — משך הזמן לחיבורה של המבוטחת למוניטור ייקבע על ידי גורם מקצועי מטעם הקופה, לתקופה שלא תעלה על שלושה חודשים.
סעיף 9.3 — על המבוטחת חלה חובת השתתפות עצמית בגובה 77 ש""ח לחודש.

סעיף 13 — גילוי מוקדם של מומים מולדים אצל העובר
תקופת המתנה: 3 חודשים מיום ההצטרפות לתוכנית.
סעיף 13.1.1 — נשים הרות המבוטחות ב""מאוחדת עדיף"" שבעת כניסתן להיריון היה גילן נמוך מגיל הזכאות במסגרת סל הבריאות, תהיינה זכאיות לבצע בדיקת מי שפיר (אמניוצנטזיס) או בדיקת סיסי שיליה בטכנולוגיית CMA, אחת משתי בדיקות אלו בלבד, על חשבון הקרן במכונים הקשורים עם הקופה בהסכם, אפילו חסרות נסיבות המהוות גורמי סיכון.
סעיף 13.1.2 — בדיקות אלה מתבצעות בהשתתפות עצמית של 857 ש""ח לבדיקה. מבוטחת שהופנתה לביצוע הבדיקה במכון חיצוני תהא זכאית לשיפוי בגובה 75% מהעלות ועד תקרה של 1,744 ש""ח.

סעיף 13.2.1 — מבוטחת החברה ב""מאוחדת עדיף"" זכאית, על פי בקשתה, לסקירת מערכות מורחבת במקום הסקירה הבסיסית, במהלך השליש השני להיריון (שבוע 20-25), פעם אחת בכל היריון, במרפאות ובמכונים הקשורים עם הקופה בהסכם, בהשתתפות עצמית של 171 ש""ח לבדיקה, ובתנאי שקיימת המלצה מרופא נשים של הקופה.
סעיף 13.2.2 — מבוטחת זכאית לעבור סקירת מערכות מוקדמת במכוני הקופה, במהלך הטרימסטר הראשון להיריון, בהשתתפות עצמית של 171 ש""ח בלבד.

סעיף 15 — הבראה ליולדת
תקופת המתנה: 3 חודשים מיום ההצטרפות לתוכנית.
סעיף 15.1 — יולדת זכאית לצאת להבראה לאחר לידה במוסד המיועד לכך החל מלידת הילד הרביעי, בתנאי שהיציאה להבראה הייתה לפני תום חודשיים ממועד שחרור היולדת/הילוד מבית החולים.
סעיף 15.2 — היולדת תהיה זכאית לשיפוי בשיעור של 75% מההוצאה בפועל עבור כל יום הבראה מלא, עד לתקרת החזר בגובה 400 ש""ח ליום.
סעיף 15.3 — מספר הימים: בלידת הילד הרביעי — עד 3 ימים; לאחר לידת הילד החמישי — עד 4 ימים; לאחר לידת הילד השישי — עד 5 ימים, וכן הלאה.

שיא · PROG20 · סעיף 17 — גילוי מוקדם של מומים מולדים אצל העובר
תקופת המתנה: לא נדרשת תקופת המתנה (בדיקות גנטיות לגילוי מומים: שנה).
מהות השירות ביחס לזכאות על פי ""מאוחדת עדיף"": מתווסף.
סעיף 17.1 — מבוטחת החברה ב""מאוחדת שיא"" זכאית על פי בחירתה לסקירת מערכות מוקדמת מעבר לזכאות על פי הסל. הסקירה תינתן פעם אחת בכל היריון במרפאות ובמכונים הקשורים עם הקופה בהסכם, בהשתתפות עצמית של 171 ש""ח לבדיקה.
סעיף 17.2.1 — מבוטחת תהא זכאית לביצוע בדיקה אחת לגילוי מומים מולדים (טריזומיות) בכל היריון באמצעות בחינת החומר הגנטי של העובר — בדיקת NIPT של דם האם. הבדיקה תהיה בהחזר של 75% מעלות הבדיקה ועד לתקרה של 5,190 ש""ח.

סעיף 18 — דם חבל הטבור
תקופת המתנה: 6 חודשים מיום ההצטרפות לתוכנית.
מהות השירות ביחס לזכאות על פי ""מאוחדת עדיף"": מתווסף.
הקופה תשתתף בהוצאות של לקיחה, אחזקה ושימור דם חבל הטבור ליולדת המבוטחת ב""מאוחדת שיא"", באמצעות ספק אשר קשור עם הקופה בהסכם. השתתפות המבוטח לא תעלה על 50% מהתעריף הרגיל של נותן השירות ועד תקרה כוללת של 3,310 ש""ח לכל תקופת הביטוח, ובלבד שזו לא תעלה על 15 שנה.

סעיף 28 — שקיפות עורפית
תקופת המתנה: לא נדרשת תקופת המתנה.
מהות השירות ביחס לזכאות על פי ""מאוחדת עדיף"": מתווסף.
מבוטחת ""מאוחדת שיא"" שהינה בהיריון זכאית בין השבועות 11-14 להריונה לעבור בדיקת שקיפות עורפית במכון פרטי שלא קשור בהסכם עם הקופה ולקבל החזר כספי בשיעור של 75% מההוצאה ועד 643 ש""ח.

סעיף 30 — סל היריון ולידה
תקופת המתנה: 6 חודשים מיום ההצטרפות לתוכנית.
מהות השירות ביחס לזכאות על פי ""מאוחדת עדיף"": מתווסף.
סעיף 30.1 — מקרה מזכה: מבוטחת בתוכנית ""מאוחדת שיא"", בהיריון או עד 6 חודשים לאחר לידה, הזקוקה לקבלת ייעוץ, ביצוע בדיקה ו/או טיפול רפואי בקשר עם הריונה ו/או הלידה הצפויה, אשר אינם נכללים בסל הבריאות הבסיסי ו/או בתכנית מאוחדת עדיף ו/או מאוחדת שיא.
סעיף 30.2 — הסכום המרבי הינו בשיעור של 75% מסך ההוצאה שהוציאה המבוטחת בפועל עד לתקרה מצטברת של 2,365 ש""ח לכל היריון, ועד 4 הריונות בלבד לכל תקופת החברות (גם אם לא רציפה). בהיריון מרובה עוברים — עד תקרה מצטברת של 4,730 ש""ח להיריון זה, ובלבד שסך ההחזרים לא יעלה על 9,460 ש""ח לכל תקופת החברות.
סעיף 30.2.1 — יעוץ אצל רופא מומחה יועץ — תקרת החזר של עד 872 ש""ח.
סעיף 30.2.2 — בכל הקשור ללידה ועד ל-6 חודשים שלאחריה:
• דולה/תומכת לידה — תקרת החזר של עד 1,868 ש""ח לכל היריון.
• ייעוץ שינה לתינוק, אחות פרטית בבית היולדת, ייעוץ אישי בבית היולדת לפעילות גופנית ו/או לתזונה נכונה — תקרת החזר של עד 498 ש""ח לכל ייעוץ.
• הבראה לאחר לידה עבור לידת ילד ראשון-שלישי: עד 3 ימי הבראה עד תקרת החזר של 498 ש""ח ליום, או בהשתתפות עצמית של 200 ש""ח ליום בבית הבראה שבהסדר.
• הבראה עבור ילד רביעי ואילך: שלושה ימי הבראה נוספים מעבר לזכאות הקיימת, עד תקרת החזר של 498 ש""ח ליום או בהשתתפות עצמית של 200 ש""ח ליום.
סעיף 30.3 — חבילת היריון ולידה לא תכלול: טיפול הקשור לפוריות; ייעוץ/בדיקה/טיפול שאינם קונבנציונליים (הומאופתיה, רפואה משלימה, תרופות אלטרנטיביות).

סעיף 39 — ייעוץ הנקה
תקופת המתנה: 6 חודשים.
מהות השירות ביחס לזכאות על פי מאוחדת עדיף: משופר חלופי.
סעיף 39.1 — מבוטחת תהא זכאית לייעוץ בהיקף של שתי פגישות בכל תקופת היריון ולידה שבאה בעקבותיו, בהשתתפות עצמית בגובה 187 ש""ח לפגישה הראשונה ו-87 ש""ח לפגישה השנייה, ישירות ליועצת הנקה מוסמכת שבהסכם.
סעיף 39.2 — בישובים בהם אין שירות בהסכם — החזר בגובה 75% מההוצאה ועד תקרת החזר בסך 245 ש""ח לפגישה הראשונה ו-98 ש""ח לפגישה השנייה.","כסף · PROG24 · פרק י""ד — מוניטור ביתי לאישה ההרה. תקופת אכשרה: 3 חודשים.
מעקב באמצעות מוניטור ביתי בשבועות 24–38 להריון, במכון שבהסדר בלבד. השתתפות עצמית: ₪65 לחודש (עמיתת לאומית כסף).

פרק ט""ו — בדיקות לנשים בהריון ולידה. תקופת אכשרה: ללא (סעיפים 1–6); 6 חודשים לסעיף 7 (חבילת הריון ולידה).

1. סקירת מערכות העובר (סעיף 1):
   — זכאות לסקירת מערכות אחת בכל הריון (מוקדמת בשבועות 13–17 או מאוחרת בשבועות 19–24).
   — סקירה מוקדמת במכון הסדר: השתתפות עצמית ₪579.
   — סקירה מוקדמת שלא במכון הסדר: החזר 80% עד ₪434.
   — סקירה מאוחרת במכון הסדר (לאחר מיצוי סל): השתתפות עצמית ₪550.
   — סקירה מאוחרת שלא במכון הסדר: החזר 80% עד ₪507.

2. בדיקת מי שפיר (סעיף 2) — בדיקת CMA/צ'יפ גנטי לאישה עד גיל 32 שאינה זכאית לבדיקה בסל:
   — במכון שבהסדר (רופא מטעם המכון): השתתפות עצמית ₪717 לבדיקה לכל עובר.
   — במכון שבהסדר (רופא פרטי מטעם העמיתה): השתתפות עצמית ₪431 לכל עובר (עלות הרופא אינה מכוסה).
   — שלא במכון הסדר: החזר 80% עד ₪1,433.
   — זכאות חד-פעמית לכל הריון.

3. בדיקת סיסי שיליה (סעיף 3) — עד השבוע ה-12 להריון:
   — במכון שבהסדר: השתתפות עצמית ₪724.
   — שלא במכון הסדר: החזר 80% עד ₪869.

4. בדיקת שקיפות עורפית (סעיף 4):
   — שלא במכון הסדר: החזר 80% עד ₪143.

5. קורס הכנה ללידה (סעיף 5):
   — החזר 80% עד ₪288. הכיסוי חד-פעמי לכל תקופת ההסכם.

6. ייעוץ הנקה ע""י יועצת IBCLC (סעיף 6):
   — החזר 80% עד ₪129 למפגש. עד שני מפגשים לכל תקופת ההסכם.

פרק ט""ז — הבראה ליולדת. תקופת אכשרה: 3 חודשים.
זכאות לעמיתת לאומית כסף החל מלידת הילד השלישי ואילך.
החזר 80% עד ₪310 ליום. עד 3 ימים לאחר לידה טבעית, עד 5 ימים לאחר ניתוח קיסרי.

זהב · PROG25 · פרק י""ד — מוניטור ביתי לאישה ההרה. תקופת אכשרה: 3 חודשים.
מעקב באמצעות מוניטור ביתי בשבועות 24–38 להריון, במכון שבהסדר בלבד. השתתפות עצמית: ₪65 לחודש (עמיתת לאומית זהב).

פרק ט""ו — בדיקות לנשים בהריון ולידה. תקופת אכשרה: ללא (סעיפים 1–6); 6 חודשים לסעיף 7 (חבילת הריון ולידה).

1. סקירת מערכות העובר (סעיף 1):
   — זכאות לשתי סקירות מערכות בכל הריון: אחת מוקדמת (שבועות 13–17) ואחת מאוחרת (שבועות 19–24).
   — סקירה מוקדמת במכון הסדר: השתתפות עצמית ₪117.
   — סקירה מוקדמת שלא במכון הסדר: החזר 80% עד ₪651.
   — סקירה מאוחרת במכון הסדר: השתתפות עצמית ₪288.
   — סקירה מאוחרת שלא במכון הסדר: החזר 80% עד ₪869.

2. בדיקת מי שפיר (סעיף 2) — בדיקת CMA/צ'יפ גנטי לאישה עד גיל 32 שאינה זכאית לבדיקה בסל:
   — במכון שבהסדר (רופא מטעם המכון): השתתפות עצמית ₪455 לבדיקה לכל עובר.
   — במכון שבהסדר (רופא פרטי מטעם העמיתה): השתתפות עצמית ₪340 לכל עובר (עלות הרופא אינה מכוסה).
   — שלא במכון הסדר: החזר 80% עד ₪2,780.
   — זכאות חד-פעמית לכל הריון.

3. בדיקת סיסי שיליה (סעיף 3) — עד השבוע ה-12 להריון:
   — במכון שבהסדר: השתתפות עצמית ₪434.
   — שלא במכון הסדר: החזר 80% עד ₪1,737.

4. בדיקת שקיפות עורפית (סעיף 4):
   — שלא במכון הסדר: החזר 80% עד ₪434.

5. קורס הכנה ללידה (סעיף 5):
   — החזר 80% עד ₪360. הכיסוי חד-פעמי לכל תקופת ההסכם.

6. ייעוץ הנקה ע""י יועצת IBCLC (סעיף 6):
   — החזר 80% עד ₪193 למפגש. עד שני מפגשים לכל תקופת ההסכם.

7. חבילת הריון ולידה (סעיף 7) — לעמיתות לאומית זהב בלבד:
   — החזר 75% עד תקרה מצטברת של ₪2,348 לכל הריון, עד 4 הריונות בלבד לכל תקופת ההסכם.
   — סך כל ההחזרים לא יעלה על ₪9,448 לכל תקופת ההסכם.
   — כוללת: דולה/תומכת לידה, שימור דם טבורי, ייעוץ שינה לתינוק, ייעוץ תזונה/פעילות גופנית בבית היולדת, אחות פרטית בבית היולדת, ועוד.
   — תקרות ספציפיות: קורס הכנה ללידה — עד ₪500; ייעוץ רופא מומחה — עד ₪816 לייעוץ; דולה — עד ₪1,750 להריון; ייעוץ שינה/אחות/תזונה — עד ₪466 לייעוץ; הבראה ליולדת — עד ₪465 ליום.
   — תקופת אכשרה לחבילה: 6 חודשים.

פרק ט""ז — הבראה ליולדת. תקופת אכשרה: 3 חודשים.
זכאות לעמיתת לאומית זהב החל מלידת הילד הראשון ואילך.
החזר 80% עד ₪427 ליום. עד 3 ימים לאחר לידה טבעית, עד 5 ימים לאחר ניתוח קיסרי. עבור לידת כל ילד נוסף מעבר לרביעי — יום הבראה נוסף (עד 31.12.2025).",לאומית זהב,
593,"הריון, לידה ופריון",,הבראה ליולדת / שירותים לאם,"כלל מבוטחי השב""ן בקופות החולים (לפי תוכנית והקופה)","פרק ט""ז — הבראה ליולדת. תקופת אכשרה: 3 חודשים.","החזר/הטבה להבראה ליולדת / שירותים לאם בין 50 ל-9,460 ₪","זהב · PROG09 · יועצת הנקה ₪56/מפגש (עד 5) שלא בהסדר; בהסדר השת""ע ₪150 מפגש ראשון/₪50 שני. הבראה ליולדת 75% עד ₪300/יום, 3 ימים, החל מהילד ה-3/4+, תוך חודש מלידה. סדנאות הריון ₪10, קורס הכנה ללידה ₪200. מקור: תקנון מושלם זהב.

פלטינום · PROG10 · לא מופיע בפלטינום — חל הכיסוי של מושלם זהב. מקור: תקנון פלטינום.","כסף · PROG14 · אין מידע — מומלץ לבדוק. תקנון ""מכבי כסף"" אינו כולל סעיף ייעודי להבראה ליולדת, דולה, ייעוץ הנקה בבית, או שירותי אם נוספים מעבר לאמור בסעיפי הסל הבסיסי. סעיף 5.4 קובע במפורש כי שמירת היריון, סיבוכי היריון ו/או לידה ותוצאותיהם מוחרגים מרוב הזכויות. הבראה לאחר אשפוז (סעיף 7.1) ניתנת רק לאחר אשפוז של 8 לילות רצופים לפחות (תקרה: ₪304.51 ללילה, עד 21 יום/שנה), אך אין הבראה ייעודית ליולדת בנפרד.

זהב · PROG15 · סעיף 30 — הבראה לאחר לידה: חברה לאחר לידת ילד רביעי תהיה זכאית להחזר בגין הוצאות דמי הבראה של עד 3 לילות הבראה בסכום של 75% מההוצאה ועד לתקרה של ₪437.62 ללילה, וליום הבראה נוסף על לידת כל ילד נוסף החל מהלידה החמישית. תנאים: (א) החברה שהתה את כל ימי ההבראה ברציפות בבית הבראה או בבית מלון הרשומים ע""י משרד התיירות; (ב) טרם חלפה תקופה של חודשיים ממועד הלידה. תקופת המתנה: 3 חודשים (סעיף 30.2). נספח ב' — אביזרים ליולדת (סעיף 12 לנספח): אביזרים הניתנים לרכישה אצל ספקים שבהסכם בהשתתפות עצמית: א. משאבת הנקה חשמלית (₪327.6–529.12); ב. משאבת הנקה ידנית (₪127.11–201.52); ג. אמצעים לחיזוק רצפת אגן (₪317.26–740.97); ד. אלקטרודות לרצפת אגן (₪105.41–190.15); ה. קונכיות (₪69.24); ו. משקל ליולדת (₪42.37–52.71); ז. אביזרים למשאבת הנקה (₪37.2–52.71); ח. אמצעי עזר להנקה (₪15.5–37.2). תדירות: אחת לשנה.

שלי · PROG16 · פרק ב': הריון, לידה והורות — סעיף (11) חבילת היריון ולידה (מתווסף על ""מכבי זהב""): מקרה מזכה (11.1): אישה בהיריון או עד 6 חודשים לאחר לידה, שהינה עמיתה ב""מכבי שלי"" ואינה מכוסה בסל הבסיסי ו/או ב""מכבי זהב"". גובה הכיסוי (11.2): 75% מסך ההוצאה, תקרה מצטברת של ₪2,358.97 לכל היריון, עד 4 הריונות לכל תקופת החברות; בהיריון מרובה עוברים — עד ₪4,717.95, ובסך הכל עד ₪9,435.90 לכל תקופת החברות. ייעוץ אצל רופא מומחה — תקרה של ₪824.82 (11.3). משאבות הנקה ב""מכביפארם"" — הנחה של 10% מההשתתפות העצמית לחברי ""מכבי זהב"" (11.4). הכיסוי לאחר לידה ועד 6 חודשים כולל (11.5): (11.5.1) דולה/תומכת לידה — תקרת החזר עד ₪1,767.47 לכל היריון; (11.5.2) ייעוץ שינה לתינוק, אחות פרטית בבית היולדת, ייעוץ אישי בבית היולדת לפעילות גופנית ו/או לתזונה נכונה ליולדת ע""י תזונאית מוסמכת — עד תקרת החזר של ₪471.32 לכל ייעוץ. הבראה לאחר לידה תוך חודשיים מהלידה (11.6): (11.6.1) עבור ילד ראשון ועד ילד שלישי — שלושה ימי הבראה; (11.6.2) עבור ילד רביעי ואילך — שלושה ימי הבראה נוספים מעבר לזכאות הקיימת ב""מכבי זהב""; (11.6.3) תקרת החזר להבראה לאחר לידה — עד ₪471.32 ללילה. תקופת המתנה: 6 חודשים (11.9). סעיף (16) ביקור יועצת הנקה בבית (חדש ב""מכבי שלי""): זכאות לעד 2 ביקורי בית של יועצת הנקה בכל לידה. גובה כיסוי (16.2): השתתפות עצמית — ₪175.74 לביקור ראשון, ₪94.22 לביקור המשך; ביישובים ללא שירות בית — החזר 70% עד ₪253.86 לביקור ראשון ו-₪71.73 לביקור שני. תקופת המתנה: 6 חודשים (16.4).","עדיף · PROG19 · סעיף 15 — הבראה ליולדת. תקופת ההמתנה: 3 חודשים מיום ההצטרפות לתוכנית. 15.1 יולדת זכאית לצאת להבראה לאחר לידה במוסד המיועד לכך החל מלידת הילד הרביעי. זכאות זו תהא בתוקף בתנאי שהיציאה להבראה הייתה לפני תום חודשיים ממועד שחרור היולדת/הילוד (המאוחר מבין השניים) מבית החולים. 15.2 היולדת תהיה זכאית לשיפוי בשיעור של 75% מההוצאה בפועל עבור כל יום הבראה מלא, עד לתקרת החזר בגובה ₪400 ליום. 15.3 מס' ימי ההבראה: לידת ילד רביעי — עד 3 ימים; לידת ילד חמישי — עד 4 ימים; לידת ילד שישי — עד 5 ימים, וכן הלאה. הכל תמורת המצאת תעודת השחרור מבית היולדות וקבלות מקוריות המעידות על הסכומים ששולמו לבית ההבראה או המלונית. | סעיף 32 — ייעוץ הנקה. תקופת המתנה: 6 חודשים מיום ההצטרפות לתוכנית. מבוטחת תהא זכאית לשיפוי בגובה 75% מההוצאה ועד תקרת החזר בסך 123 ש""ח לפגישה ראשונה ו-74 ש""ח לפגישה השנייה, עד 2 פגישות בכל תקופת החברות במאוחדת. ההחזר ישולם כנגד הצגת קבלה עבור השירות שניתן ע""י יועצ/ת הנקה מוסמכת בלבד. החזר זה לא יינתן בגין שירותי מדריכת הנקה שרכשה המבוטחת.

שיא · PROG20 · סעיף 30 — סל היריון ולידה. תקופת המתנה: 6 חודשים מיום ההצטרפות לתוכנית. מהות השירות ביחס לזכאות על פי 'מאוחדת עדיף': מתווסף. 30.1 מקרה מזכה: מבוטחת בתוכנית 'מאוחדת שיא', בהיריון או עד 6 חודשים לאחר לידה, הזקוקה לייעוץ/בדיקה/טיפול רפואי בקשר עם הריונה ו/או הלידה הצפויה, אשר אינם נכללים בסל הבריאות הבסיסי ו/או בתכנית מאוחדת עדיף ו/או מאוחדת שיא. הזכאות לחבילת היריון ולידה הינה למבוטחת בלבד ולא תינתן לבן הזוג ו/או לילוד. 30.2 הסכום המרבי: 75% מסך ההוצאה בפועל עד לתקרה מצטברת של 2,365 ש""ח לכל היריון, ועד 4 הריונות בלבד לכל תקופת החברות. בהיריון מרובה עוברים — 75% מסך ההוצאה עד לתקרה מצטברת של ₪4,730 להיריון זה, ובלבד שסך ההחזרים לא יעלה על 9,460 ש""ח לכל תקופת החברות. 30.2.1 ייעוץ אצל רופא מומחה יועץ — תקרת החזר של עד 872 ש""ח. 30.2.2 בכל הקשור ללידה ועד ל-6 חודשים שלאחריה: • דולה/תומכת לידה — תקרת החזר של עד 1,868 ש""ח לכל היריון. • ייעוץ שינה לתינוק, אחות פרטית בבית היולדת, ייעוץ אישי בבית היולדת לפעילות גופנית ו/או לתזונה נכונה ליולדת ע""י תזונאית מוסמכת — תקרת החזר של עד 498 ש""ח לכל ייעוץ. • הבראה לאחר לידה עבור לידת ילד ראשון-שלישי: עד 3 ימי הבראה עד תקרת החזר של ₪498 ליום, או בהשתתפות עצמית של ₪200 ליום בבית הבראה שבהסדר. בעת מימוש הזכאות במסגרת ההסדר יקוזז סכום של ₪300 ליום מתקרת חבילת ההיריון. • עבור ילד רביעי ואילך — שלושה ימי הבראה נוספים מעבר לזכאות הקיימת בנפרד בתכנית עדיף, עד תקרת החזר של 498 ש""ח ליום, או בהשתתפות עצמית של ₪200 ליום בבית הבראה שבהסדר; בעת מימוש הזכאות במסגרת ההסדר יקוזז סכום של ₪300 ליום מתקרת חבילת ההיריון. 30.3 חבילת היריון ולידה לא תכלול: טיפול הקשור לפוריות; ייעוץ/בדיקה/טיפול שאינם קונבנציונליים; ייעוץ הנקה שניתן ע""י יועץ בהסדר. | סעיף 39 — ייעוץ הנקה (כלול גם בשיא, זכאות מכוח מאוחדת עדיף, סעיף 32 בתקנון עדיף).","זהב · PROG25 · פרק ט""ז — הבראה ליולדת. תקופת אכשרה: 3 חודשים.

מקרה מזכה: הבראה של יולדת עמיתת 'לאומית זהב' לאחר לידת הילד הראשון וכל ילד נוסף (מלידה ראשונה, בניגוד ל'לאומית כסף' שמתחיל מהשלישי). ההבראה בבית מלון או בית הבראה הרשומים במשרד התיירות. מימוש בתוך חודשיים מיום השחרור מבית החולים.

תשלום: הקופה תשפה 80% מההוצאות הממשיות עד תקרה של 427 ש""ח ליום. התקופה המירבית: 3 ימים לאחר לידה טבעית, 5 ימים לאחר ניתוח קיסרי. עבור לידת כל ילד נוסף מעבר לילד הרביעי יתווסף יום הבראה נוסף.

*השירות עבור לידת כל ילד נוסף מעבר לילד הרביעי הינו עד ליום 31.12.2025.

מפרק ט""ו (בדיקות לנשים בהריון ולידה) — שירותים נוספים לאם 'לאומית זהב':
- קורס הכנה ללידה: החזר 80% עד 360 ש""ח (חד פעמי לכל תקופת הסכם). ללא תקופת אכשרה.
- ייעוץ הנקה ע""י יועצת IBCLC: החזר 80% עד 193 ש""ח. עד פעמיים לכל תקופת הסכם. ללא תקופת אכשרה.
- חבילת הריון ולידה (סעיף 7, לעמיתי 'לאומית זהב' בלבד): כיסוי ל: דולה/תומכת לידה (עד 1,750 ש""ח לכל הריון), ייעוץ שינה לתינוק, אחות פרטית בבית היולדת, ייעוץ פעילות גופנית/תזונה ע""י תזונאית (עד 466 ש""ח לכל ייעוץ), קורס הכנה ללידה (עד 500 ש""ח), הבראה ליולדת (עד 465 ש""ח ליום). החזר 75% מההוצאה עד תקרה מצטברת של 2,348 ש""ח לכל הריון ועד 4 הריונות לכל תקופת ההסכם. תקרה מצטברת לכל תקופת ההסכם: 9,448 ש""ח. תקופת אכשרה לחבילה: 6 חודשים.

כסף · PROG24 · פרק ט""ז — הבראה ליולדת. תקופת אכשרה: 3 חודשים.

מקרה מזכה: הבראה של יולדת עמיתת 'לאומית כסף' לאחר לידת הילד השלישי וכל ילד נוסף בלבד (לאחר לידת הילד הראשון והשני — אין כיסוי). ההבראה בבית מלון או בית הבראה הרשומים במשרד התיירות. מימוש בתוך חודשיים מיום השחרור מבית החולים.

תשלום: הקופה תשפה 80% מההוצאות הממשיות עד תקרה של 310 ש""ח ליום. התקופה המירבית: 3 ימים לאחר לידה טבעית, 5 ימים לאחר ניתוח קיסרי.

*השירות עבור לידת כל ילד נוסף מעבר לילד הרביעי הינו עד ליום 31.12.2025.

מפרק ט""ו (בדיקות לנשים בהריון ולידה) — שירותים נוספים לאם 'לאומית כסף':
- קורס הכנה ללידה: החזר 80% עד 288 ש""ח (חד פעמי לכל תקופת הסכם). ללא תקופת אכשרה.
- ייעוץ הנקה ע""י יועצת IBCLC: החזר 80% עד 129 ש""ח. עד פעמיים לכל תקופת הסכם. ללא תקופת אכשרה.
- חבילת הריון ולידה: אין כיסוי לעמיתי 'לאומית כסף' (קיים ב'לאומית זהב' בלבד).",לאומית זהב,
594,"הריון, לידה ופריון",,גילוי מומים בעובר (סקירות),"כלל מבוטחי השב""ן בקופות החולים (לפי תוכנית והקופה)",סעיף 17 — גילוי מוקדם של מומים מולדים אצל העובר. תקופת המתנה: לא נדרשת תקופת המתנה; בדיקות גנטיות לגילוי מומים: שנה. מהות השירות ביחס לזכאות על פי 'מאוחדת עדיף': מתווסף. 17.1 סקירת,"החזר/הטבה לגילוי מומים בעובר (סקירות) בין 57 ל-5,190 ₪","זהב · PROG09 · סקירת מערכות 50% עד ₪616 או השת""ע ₪114/עובר בהסדר, פעם להריון. מי שפיר/סיסי שיליה 75% עד ₪1,440, השת""ע ₪800/דיקור, פעם להריון, גיל עד 34. בדיקה גנטית 75% עד ₪187. שקיפות עורפית/NIPT — לא מופיעים. מקור: תקנון מושלם זהב.

פלטינום · PROG10 · מופיע רק לגבי סקירת מערכות (פרק ח' סעיף 1): 50% מההשת""ע של מושלם זהב — היינו ₪57 במקום ₪114 לסקירה, פעם אחת להריון, במכוני בדיקות לנשים בהריון, ללא אכשרה, מעבר לזכאות בסל הבסיסי. מי שפיר, בדיקות גנטיות, שקיפות עורפית, NIPT — לא מופיעים בפלטינום. מקור: תקנון פלטינום.","כסף · PROG14 · אין מידע — מומלץ לבדוק. תקנון ""מכבי כסף"" אינו כולל סעיף ייעודי לבדיקת מי שפיר, סקירת מערכות, שקיפות עורפית, NIPT, חלבון עוברי, סיסי שליה, או אולטרסאונד הריון. סעיף 22.5 ב' מציין שטיפולי IVF/בדיקת מי-שפיר/סקירת מערכות/בדיקת סיסי שליה — לא יינתן החזר בגין פעולה וייעוץ שבוצעו באותו מועד; החזר יינתן בגין הפעולה בלבד — אך זאת כסייג לסעיף ייעוץ ולא ככיסוי עצמאי.

זהב · PROG15 · סעיף 29 — בדיקות היריון פרטיות: סעיף 29.1 — בדיקת מי שפיר באמצעות השבב הציטוגנטי CMA בעובר (צ'יפ גנטי): חברה בהריון שגילה עד 32 שנה ושאינה עונה על תנאי סעיף 7(ח) לתוספת השנייה לחוק ביטוח בריאות ממלכתי (הזכאות בסל הבסיסי), תהיה זכאית לבצע את הבדיקה פעם אחת במהלך הריון: א. בבית חולים בהסכם עם רופא בהסכם — בהשתתפות עצמית של ₪937.97 לעובר, ולכל היותר ₪1,875.95 במקרה של הריון מרובה עוברים; ב. בבדיקה שלא במסגרת סעיף 29.1א — החברה תישא במלוא העלות ותהא זכאית להחזר בגובה 80% מסך ההוצאה ועד תקרה של ₪1,650.95. סעיף 29.2 — בדיקת סיסי שיליה: במקרים בהם אין זכאות בסל הבסיסי, חברה בהיריון תהא זכאית להחזר מרבי של ₪1,660.88 ולא יותר מגובה ההוצאה בפועל. ההחזר לסיסי שיליה מהווה תחליף להחזר עבור בדיקת מי שפיר (29.1) וכולל את הייעוץ שניתן במסגרת הבדיקה. סעיף 29.3 — סקירת מערכות: חברה בהיריון תהא זכאית להשתתפות בהוצאות עבור שתי סקירות מערכות (מוקדמת ומאוחרת מורחבת) בכל היריון: (29.3.1) אצל ספק בהסכם — בהשתתפות עצמית של ₪157.54 עבור סקירת מערכות מוקדמת; (29.3.2) אצל ספק שאינו בהסכם — החזר של 50% מההוצאה בפועל ועד תקרה של ₪388.17 עבור סקירת מערכות מוקדמת; (29.3.3) ההחזר כולל את הייעוץ שניתן במסגרת בדיקת סקירת המערכות. ללא תקופת המתנה (סעיף 29.5).

שלי · PROG16 · סעיף (12) — בדיקת מי שפיר (מתווסף על ""מכבי זהב""): חברה בהריון שגילה עד 32 שנה ושאינה עונה על תנאי סעיף 7(ח) לתוספת השנייה לחוק ביטוח בריאות ממלכתי (הזכאות בסל הבסיסי) תהיה זכאית לבצע בדיקת מי שפיר באמצעות בדיקת השבב הציטוגנטי CMA בעובר (צ'יפ גנטי), פעם אחת במהלך הריון, בהנחה בשיעור של 50% מההשתתפות העצמית על פי סעיף 29.1.א לתקנון מכבי זהב, לרבות במקרה של הריון מרובה עוברים. (כלומר: ₪937.97 × 50% = כ-₪469 לעובר.) הזכאות לסקירת מערכות — כמו ב""מכבי זהב"" (הכיסוי ב""מכבי שלי"" מתייחס לבדיקת מי שפיר בלבד כחדש; לסקירת מערכות אין ציון שינוי ב""מכבי שלי"").","עדיף · PROG19 · סעיף 13 — גילוי מוקדם של מומים מולדים אצל העובר. תקופת המתנה: 3 חודשים מיום ההצטרפות לתוכנית. 13.1 בדיקת מי שפיר אצל נשים בהיריון: 13.1.1 נשים הרות המבוטחות ב'מאוחדת עדיף', שבעת כניסתן להיריון היה גילן נמוך מגיל הזכאות במסגרת סל הבריאות, תהיינה זכאיות לבצע בדיקת מי שפיר או בדיקת סיסי שיליה בטכנולוגיית בדיקת השבב הציטוגנטי CMA בעובר, אחת משתי בדיקות אלו בלבד על פי בחירתה; על חשבון הקרן במכונים הקשורים עם הקופה בהסכם, אפילו חסרות נסיבות המהוות גורמי סיכון, ובלבד שניתנה לכך המלצה מטעם רופא נשים של הקופה. 13.1.2 השתתפות עצמית: 857 ש""ח לבדיקה. מבוטחת שהופנתה ע""י הקופה לביצוע הבדיקה במכון חיצוני תהא זכאית לשיפוי בגובה 75% מהעלות ועד תקרה של 1,744 ש""ח. 13.1.3 הבדיקות תתבצענה על חשבון הקופה גם אצל זוגות נשואים בהם הבעל חבר בקופה אחרת, למעט מקרים שסיבת ביצוע הבדיקה הינה מחלה תורשתית ו/או ליקוי במבנה הכרומוזומים המצויים אצל הבעל. 13.2 סקירת מערכות עובר: 13.2.1 מבוטחת זכאית, על פי בקשתה, לסקירת מערכות מורחבת במקום הסקירה הבסיסית, במהלך השליש השני להיריון (שבוע 20-25). הסקירה תינתן פעם אחת בכל היריון, בהשתתפות עצמית של המבוטחת בסך 171 ש""ח לבדיקה, ובתנאי שקיימת לכך המלצה מטעם רופא נשים של הקופה. 13.2.2 מבוטחת זכאית לעבור סקירת מערכות מוקדמת במכוני הקופה, במהלך הטרימסטר הראשון להיריון, בהשתתפות עצמית של 171 ש""ח בלבד. מיצוי זכאות זו מבטל את זכות הסקירה המורחבת מסעיף 13.2.1. 13.3 סייגים: הקופה אינה אחראית על אי-גילוי מוקדם של מומים מולדים עקב המגבלות הקיימות בגילוי מוקדם באמצעות המכשור הקיים.

שיא · PROG20 · סעיף 17 — גילוי מוקדם של מומים מולדים אצל העובר. תקופת המתנה: לא נדרשת תקופת המתנה; בדיקות גנטיות לגילוי מומים: שנה. מהות השירות ביחס לזכאות על פי 'מאוחדת עדיף': מתווסף. 17.1 סקירת מערכות עובר: מבוטחת החברה ב'מאוחדת שיא' זכאית על פי בחירתה לסקירת מערכות מוקדמת מעבר לזכאות על פי הסל, פעם אחת בכל היריון, בהשתתפות עצמית של 171 ש""ח לבדיקה. 17.2 בדיקות גנטיות לגילוי מומים מסוג NIPT: 17.2.1 מבוטחת תהא זכאית לביצוע בדיקה אחת לגילוי מומים מולדים (טריזומיות) בכל היריון באמצעות בחינת החומר הגנטי של העובר (בדיקת NIPT של דם האם). הבדיקה תהיה בהחזר של 75% מעלות הבדיקה ועד לתקרה של 5,190 ש""ח. 17.3 סייגים: הקופה אינה אחראית על אי-גילוי מוקדם של מומים מולדים עקב מגבלות קיימות, לרבות מגבלות הטכנולוגיות ביחס להריונות מרובי עוברים. זכויות שיא מכוח סעיף 17 מתווספות לזכאות מכוח סעיף 13.2 לתקנון 'מאוחדת עדיף'. | סעיף 28 — שקיפות עורפית. תקופת המתנה: לא נדרשת תקופת המתנה. מהות: מתווסף. מבוטחת 'מאוחדת שיא' שהינה בהיריון זכאית בין השבועות 11-14 להריונה לעבור בדיקת שקיפות עורפית במכון פרטי שלא קשור בהסכם עם הקופה ולקבל החזר כספי בשיעור של 75% מההוצאה ועד 643 ש""ח.","כסף · PROG24 · פרק ט""ו — בדיקות לנשים בהריון ולידה. ללא תקופת אכשרה לסעיפים 1–6.

1. סקירת מערכות (אולטרסאונד):
- עמיתת 'לאומית כסף' זכאית לסקירת מערכות אחת בלבד בכל הריון (בניגוד לשתיים ב'לאומית זהב').
- סקירה מוקדמת (שבועות 13–17) במכון הסדר: השתתפות עצמית 579 ש""ח.
- סקירה מוקדמת שלא במכון הסדר: החזר 80% עד 434 ש""ח.
- סקירה מאוחרת (שבועות 19–24) במכון הסדר: השתתפות עצמית 550 ש""ח.
- סקירה מאוחרת שלא במכון הסדר: החזר 80% עד 507 ש""ח.

2. בדיקת מי שפיר (CMA — צ'יפ גנטי): עד גיל 32, שאינה זכאית בסל, לא ביצעה סיסי שיליה, חד פעמי לכל הריון.
- במכון הסדר (רופא מטעם המכון): השתתפות עצמית 717 ש""ח לבדיקה לכל עובר.
- במכון הסדר (רופא פרטי): השתתפות עצמית 431 ש""ח (לא כולל עלות הרופא).
- שלא במכון הסדר: החזר 80% עד 1,433 ש""ח.

3. בדיקת סיסי שיליה (עד שבוע 12, פעם אחת לכל הריון; עמיתה שביצעה — לא זכאית לבדיקת מי שפיר):
- במכון הסדר: השתתפות עצמית 724 ש""ח.
- שלא במכון הסדר: החזר 80% עד 869 ש""ח.

4. בדיקת שקיפות עורפית (אולטרסאונד, עד שבוע 41, אצל ספק שאינו בהסדר): החזר 80% עד 143 ש""ח.

הערה: פרק י""ג — בדיקות גנטיות לשלילת מומים מולדים (פרק נפרד, ללא תקופת אכשרה): בדיקה במכון הסדר — השתתפות עצמית 172 ש""ח; שלא במכון הסדר — אין כיסוי; במכון דור ישרים — החזר 80% עד 217 ש""ח.

זהב · PROG25 · פרק ט""ו — בדיקות לנשים בהריון ולידה. ללא תקופת אכשרה לסעיפים 1–6.

1. סקירת מערכות (אולטרסאונד):
- עמיתת 'לאומית זהב' זכאית לשתי סקירות מערכות בכל הריון: אחת מוקדמת ואחת מאוחרת (בניגוד לאחת ב'לאומית כסף').
- סקירה מוקדמת (שבועות 13–17) במכון הסדר: השתתפות עצמית 117 ש""ח.
- סקירה מוקדמת שלא במכון הסדר: החזר 80% עד 651 ש""ח.
- סקירה מאוחרת (שבועות 19–24) במכון הסדר: השתתפות עצמית 288 ש""ח.
- סקירה מאוחרת שלא במכון הסדר: החזר 80% עד 869 ש""ח.

2. בדיקת מי שפיר (CMA — צ'יפ גנטי): עד גיל 32, שאינה זכאית בסל, לא ביצעה סיסי שיליה, חד פעמי לכל הריון.
- במכון הסדר (רופא מטעם המכון): השתתפות עצמית 455 ש""ח לבדיקה לכל עובר.
- במכון הסדר (רופא פרטי): השתתפות עצמית 340 ש""ח (לא כולל עלות הרופא).
- שלא במכון הסדר: החזר 80% עד 2,780 ש""ח.

3. בדיקת סיסי שיליה (עד שבוע 12, פעם אחת לכל הריון):
- במכון הסדר: השתתפות עצמית 434 ש""ח.
- שלא במכון הסדר: החזר 80% עד 1,737 ש""ח.

4. בדיקת שקיפות עורפית (אולטרסאונד, עד שבוע 41, אצל ספק שאינו בהסדר): החזר 80% עד 434 ש""ח.

הערה: פרק י""ג — בדיקות גנטיות לשלילת מומים מולדים (ללא תקופת אכשרה): בדיקה במכון הסדר — השתתפות עצמית 94 ש""ח; שלא במכון הסדר — החזר 80% עד 870 ש""ח; במכון דור ישרים — החזר 80% עד 798 ש""ח.

פרק ט""ו, סעיף 7 — חבילת הריון ולידה (לעמיתי 'לאומית זהב' בלבד): כוללת גם ייעוץ אצל רופא מומחה עד 816 ש""ח, ואחות פרטית בבית היולדת. תקופת אכשרה: 6 חודשים.",מאוחדת שיא,
595,"הריון, לידה ופריון",,דם חבל הטבור / שימור דם טבורי,"כלל מבוטחי השב""ן בקופות החולים (לפי תוכנית והקופה)","שימור דם טבורי נכלל בתוך ""חבילת הריון ולידה"" לעמיתות לאומית זהב (פרק ט""ו סעיף 7), כחלק ממסלול החבילה. ההחזר הוא 75% עד תקרה כוללת של ₪2,348 לכל הריון (עד 4 הריונות), כשהתקרה בגין ש","החזר/הטבה לדם חבל הטבור / שימור דם טבורי בין 2,348 ל-3,310 ₪","זהב · PROG09 · אין מידע — מומלץ לבדוק. לא מופיע כזכאות. מקור: תקנון מושלם זהב.

פלטינום · PROG10 · לא מופיע בפלטינום — חל הכיסוי של מושלם זהב. אין מידע — מומלץ לבדוק. מקור: תקנון מושלם פלטינום.","כסף · PROG14 · אין מידע — מומלץ לבדוק. ""מכבי כסף"" אינו מציין כיסוי לשימור דם חבל הטבור. מקור: תקנון מכבי כסף.

זהב · PROG15 · אין מידע — מומלץ לבדוק. ""מכבי זהב"" אינו מציין כיסוי ייעודי לשימור דם חבל הטבור. מקור: תקנון מכבי זהב.

שלי · PROG16 · שימור דם חבל הטבור (סעיף 13) — מבוטחת שילדה בתקופת חברותה ב""מכבי שלי"". זכאות לשימור דם חבל הטבור לתקופה של 15 שנים אצל ספק שבהסכם עם שב""ן מכבי. השתתפות עצמית: ₪3,129.03. תקופת אכשרה: 6 חודשים. אישור מראש: לא נדרש מיוחד. מקור: תקנון מכבי שלי.","עדיף · PROG19 · אין מידע — מומלץ לבדוק. מסלול עדיף אינו כולל סעיף לשימור דם חבל הטבור. מקור: תקנון מאוחדת עדיף.

שיא · PROG20 · סעיף 18 — דם חבל הטבור. תקופת אכשרה: 6 חודשים מיום ההצטרפות. הקופה משתתפת בהוצאות לקיחה, אחזקה ושימור דם חבל הטבור ליולדת מבוטחת בשיא, באמצעות ספק בהסכם. השתתפות המבוטח: לא תעלה על 50% מהתעריף הרגיל של נותן השירות, עד תקרה כוללת של 3,310 ש""ח לכל תקופת הביטוח (ולא מעל 15 שנה). מקור: תקנון מאוחדת שיא.","כסף · PROG24 · אין כיסוי לשימור דם טבורי בתכנית לאומית כסף. שירות זה אינו מופיע כסעיף עצמאי בתכנית. מקור: תקנון לאומית כסף.

זהב · PROG25 · שימור דם טבורי נכלל בתוך ""חבילת הריון ולידה"" לעמיתות לאומית זהב (פרק ט""ו סעיף 7), כחלק ממסלול החבילה. ההחזר הוא 75% עד תקרה כוללת של ₪2,348 לכל הריון (עד 4 הריונות), כשהתקרה בגין שירות זה כלולה בתקרה הכוללת ואינה נפרדת. אין כיסוי לשימור דם טבורי מחוץ לחבילת ההריון. תקופת אכשרה: לסעיף 7 (חבילת הריון ולידה) — 6 חודשים. מקור: תקנון לאומית זהב.",לאומית זהב,
596,"הריון, לידה ופריון",,שקיפות עורפית,"כלל מבוטחי השב""ן בקופות החולים (לפי תוכנית והקופה)","בדיקת אולטרא סאונד לשקיפות עורפית (פרק ט""ו, סעיף 4): מכוסה לעמיתת ""לאומית זהב"" עד השבוע ה-41 להריון, אצל ספק שאינו בהסדר (רופא שאינו מבצע את הבדיקה במסגרת הסל הבסיסי); שיפוי 80% מה",החזר/הטבה לשקיפות עורפית בין 143 ל-643 ₪,"זהב · PROG09 · אין מידע — מומלץ לבדוק. בדיקת שקיפות עורפית אינה מופיעה כזכאות נפרדת בתקנון. מקור: תקנון מושלם זהב.

פלטינום · PROG10 · לא מופיע בפלטינום — חל הכיסוי של מושלם זהב. אין מידע — מומלץ לבדוק. מקור: תקנון מושלם פלטינום.","כסף · PROG14 · אין מידע — מומלץ לבדוק. תקנון מכבי כסף אינו מזכיר בדיקת שקיפות עורפית כסעיף עצמאי. מקור: תקנון מכבי כסף.

זהב · PROG15 · אין מידע — מומלץ לבדוק. תקנון מכבי זהב אינו מזכיר בדיקת שקיפות עורפית כסעיף עצמאי. מקור: תקנון מכבי זהב.

שלי · PROG16 · אין מידע — מומלץ לבדוק. תקנון מכבי שלי אינו מזכיר בדיקת שקיפות עורפית כסעיף עצמאי. מקור: תקנון מכבי שלי.","עדיף · PROG19 · אין מידע — מומלץ לבדוק. סעיף זה אינו מופיע בתוכן העניינים של תקנון מאוחדת עדיף ולא נמצא בחיפוש מפתחות בקובץ התקנון. מקור: תקנון מאוחדת עדיף.

שיא · PROG20 · סעיף 28 — שקיפות עורפית. הזכאות מתווספת (אינה קיימת במאוחדת עדיף). מבוטחת מאוחדת שיא בהיריון זכאית, בין השבועות 11–14 להריון, לעבור בדיקת שקיפות עורפית במכון פרטי שלא קשור בהסכם עם הקופה, ולקבל החזר כספי של 75% מההוצאה עד תקרה של 643 ₪. תקופת אכשרה: לא נדרשת. אישור מראש: לא צוין. מקור: תקנון מאוחדת שיא.","כסף · PROG24 · בדיקת אולטרא סאונד לשקיפות עורפית (פרק ט""ו, סעיף 4): מכוסה לעמיתת ""לאומית כסף"" עד השבוע ה-41 להריון, אצל ספק שאינו בהסדר (רופא שאינו מבצע את הבדיקה במסגרת הסל הבסיסי); שיפוי 80% מההוצאה הממשית, עד תקרה 143 ₪ לבדיקה; תקופת אכשרה — לסעיפים 1-6 בפרק ט""ו לא תהיה תקופת אכשרה; אישור מראש: אין דרישה מפורשת. מקור: תקנון לאומית כסף.

זהב · PROG25 · בדיקת אולטרא סאונד לשקיפות עורפית (פרק ט""ו, סעיף 4): מכוסה לעמיתת ""לאומית זהב"" עד השבוע ה-41 להריון, אצל ספק שאינו בהסדר (רופא שאינו מבצע את הבדיקה במסגרת הסל הבסיסי); שיפוי 80% מההוצאה הממשית, עד תקרה 434 ₪ לבדיקה; תקופת אכשרה — לסעיפים 1-6 בפרק ט""ו לא תהיה תקופת אכשרה; אישור מראש: אין דרישה מפורשת. מקור: תקנון לאומית זהב.",לאומית זהב,
597,"הריון, לידה ופריון",,משגיחת פוריון / ליווי טיפולי פוריות,"כלל מבוטחי השב""ן בקופות החולים (לפי תוכנית והקופה)","סעיף 12.5: חברה (או בן זוגה) הנמצאים בתהליך של הפריה חוץ גופית זכאים להחזר ממכבי זהב בגין הוצאות למימון משגיחה על טיפולי ההפריה, הניתנים באמצעות אחד הספקים שנמצאים בהסכם עם מכבי. ג",החזר/הטבה למשגיחת פוריון / ליווי טיפולי פוריות בין 125 ל-431 ₪,"זהב · PROG09 · אין מידע — מומלץ לבדוק. אין נוסח זכאות נפרד למשגיחת פוריון; אכשרה כללית לפוריות 12 חודשים. מקור: תקנון מושלם זהב.

פלטינום · PROG10 · לא מופיע בפלטינום — טיפולים הקשורים לפוריות מוחרגים בפרק ח'. חל הכיסוי של מושלם זהב. אין מידע — מומלץ לבדוק. מקור: תקנון מושלם פלטינום.","כסף · PROG14 · אין מידע — מומלץ לבדוק. תקנון מכבי כסף כולל כיסוי להפריה חוץ גופית (סעיף 10) אך אינו מזכיר כיסוי ייעודי למשגיחה על טיפולי פוריות/הפריה. מקור: תקנון מכבי כסף.

זהב · PROG15 · סעיף 12.5: חברה (או בן זוגה) הנמצאים בתהליך של הפריה חוץ גופית זכאים להחזר ממכבי זהב בגין הוצאות למימון משגיחה על טיפולי ההפריה, הניתנים באמצעות אחד הספקים שנמצאים בהסכם עם מכבי. גובה החזר: ₪143.82 לכל יום השגחה, עד 3 ימים, בגין כל ניסיון טיפולי. תקרת החזר: ₪143.82×3 = עד ₪431.46 לניסיון טיפולי. אחוז שיפוי: לא צוין (סכום קבוע). אישור מראש נדרש: כן — ספקים בהסכם בלבד. אכשרה: 12 חודשים. מקור: תקנון מכבי זהב.

שלי · PROG16 · אין מידע — מומלץ לבדוק. תקנון מכבי שלי אינו מזכיר כיסוי ייעודי למשגיחה על טיפולי פוריות/הפריה. מקור: תקנון מכבי שלי.","עדיף · PROG19 · אין מידע — מומלץ לבדוק. סעיף זה (מימון משגיחת פיריון על טיפולים במכונים שבהסדר) אינו מופיע בתוכן העניינים של תקנון מאוחדת עדיף ולא נמצא בחיפוש מפתחות בקובץ התקנון. מקור: תקנון מאוחדת עדיף.

שיא · PROG20 · סעיף 38 — מימון משגיחת פיריון על טיפולים במכונים שבהסדר. מבוטח/ת הנמצא/ת בתהליך הפריה חוץ גופית זכאי/ת להחזר בגין עלות השגחה על טיפול ההפריה. ההחזר ניתן עבור שירותי השגחה הניתנים במכונים שבהסדר, עד 3 ימים לכל ניסיון טיפול פריון. גובה ההחזר: 125 ₪ ליום. מספר ניסיונות: לא הוגבל. תקרת החזר: 375 ₪ לניסיון (3 ימים × 125 ₪). תקופת אכשרה: 3 חודשים מיום ההצטרפות. אישור מראש: לא צוין מפורשות; שירות ניתן דרך מכונים בהסדר. מקור: תקנון מאוחדת שיא.","כסף · PROG24 · אין מידע — מומלץ לבדוק. פרק י""ב (השתתפות בהוצאות הפריה חוץ גופית) עוסק בטיפולי IVF עצמם ואינו מזכיר כיסוי נפרד למשגיחה/מלווה לטיפולי פוריות. לא נמצא סעיף מפורש לנושא זה בתקנון. מקור: תקנון לאומית כסף.

זהב · PROG25 · אין מידע — מומלץ לבדוק. פרק י""ב (השתתפות בהוצאות הפריה חוץ גופית) עוסק בטיפולי IVF עצמם ואינו מזכיר כיסוי נפרד למשגיחה/מלווה לטיפולי פוריות. לא נמצא סעיף מפורש לנושא זה בתקנון. מקור: תקנון לאומית זהב.",מכבי זהב,
598,"הריון, לידה ופריון",,ייעוץ והדרכת הנקה,"כלל מבוטחי השב""ן בקופות החולים (לפי תוכנית והקופה)","הטבת שב""ן בנושא ייעוץ והדרכת הנקה","החזר/הטבה לייעוץ והדרכת הנקה בין 50 ל-2,348 ₪","זהב · PROG09 · עמיתה אחרי לידה זכאית לייעוץ והדרכה בנושא הנקה — עד 5 מפגשים. תקופת אכשרה: 3 חודשים. השתתפות עצמית: ₪150 לפגישה ראשונה ו-₪50 לפגישה שנייה אצל יועצות/מדריכות הנקה בהסדר; החזר ₪56 למפגש אצל יועצות שלא בהסדר, עד 5 מפגשים. מקור: תקנון כללית מושלם זהב, פרק ה' סעיף 17 (20 לפי המפרט).

פלטינום · PROG10 · אין מידע — מומלץ לבדוק. תקנון מושלם פלטינום אינו מזכיר ייעוץ הנקה ואינו מרחיב על שירות זה מעבר לתקנון הזהב. מקור: תקנון כללית מושלם פלטינום.","כסף · PROG14 · אין מידע — מומלץ לבדוק. מקור: תקנון מכבי כסף

זהב · PROG15 · נספח ב' כולל אביזרי הנקה בלבד (משאבת הנקה חשמלית ₪327.60–₪529.12, ידנית ₪127.11–₪201.52) — אין כיסוי לביקורי יועצת הנקה. מקור: תקנון מכבי זהב נספח ב'

שלי · PROG16 · סעיף 16 — זכאות לעד 2 ביקורי בית של יועצת הנקה שבהסכם לכל לידה. השתתפות עצמית: ביקור ראשון ₪175.74, ביקור המשך ₪94.22. בישובים ללא שירות בית — החזר 70% עד ₪253.86 לביקור ראשון ו-₪71.73 לביקור שני. תקופת המתנה: 6 חודשים. מקור: תקנון מכבי שלי סעיף 16","עדיף · PROG19 · זכאות: מבוטחת זכאית לשיפוי בגובה 75% מההוצאה עד תקרת החזר של 123 ש""ח לפגישה הראשונה ו-74 ש""ח לפגישה השנייה, עד 2 פגישות בכל תקופת החברות בתוכנית. השירות ניתן על ידי יועצת הנקה מוסמכת בלבד (לא מדריכת הנקה). תקופת המתנה: 6 חודשים. אישור מראש: לא נדרש (שיפוי בדיעבד כנגד קבלה). אכשרה: לפי כלל תנאי התוכנית. מקור: תקנון מאוחדת עדיף, סעיף 32.

שיא · PROG20 · זכאות: מבוטחת זכאית לייעוץ בהיקף של שתי פגישות בכל תקופת היריון ולידה שבאה בעקבותיו, בתשלום השתתפות עצמית של 187 ש""ח לפגישה הראשונה ו-87 ש""ח לפגישה השנייה, אצל יועצת הנקה מוסמכת הקשורה עם הקופה בהסכם. בישובים ללא שירות בהסכם: שיפוי 75% מההוצאה עד תקרה של 245 ש""ח לפגישה ראשונה ו-98 ש""ח לפגישה שנייה. השירות לפי יועצת הנקה מוסמכת בלבד (לא מדריכת הנקה). מהות השירות: משופר חלופי (משפר את הזכאות שבעדיף). תקופת המתנה: 6 חודשים. מקור: תקנון מאוחדת שיא, סעיף 39.","כסף · PROG24 · כיסוי: שיפוי 80% מהוצאות הממשיות עד תקרה של ₪129 לפגישה (מפגש 1 או 2), עבור ייעוץ הנקה אצל יועצת הנקה מוסמכת בעלת תואר IBCLC. מספר טיפולים: עד 2 פגישות לכל תקופת ההסכם. השת""ע: ₪129 לפגישה (עמית משלם 20% מעבר לתקרה). אכשרה: ללא תקופת אכשרה. אישור מראש: לא נדרש — שיפוי כנגד קבלות מקוריות. מקור: תקנון לאומית כסף, פרק ט""ו סעיף 6.

זהב · PROG25 · כיסוי: שיפוי 80% מהוצאות הממשיות עד תקרה של ₪193 לפגישה (מפגש 1 או 2), עבור ייעוץ הנקה אצל יועצת הנקה מוסמכת בעלת תואר IBCLC. בנוסף, במסגרת חבילת הריון ולידה (סעיף 7) ניתן לקבל שיפוי משלים של 75% מהוצאות עד תקרה כוללת של ₪2,348 לכל הריון. מספר טיפולים: עד 2 פגישות לכל תקופת ההסכם. השת""ע: ₪193 לפגישה. אכשרה: ללא תקופת אכשרה. אישור מראש: לא נדרש — שיפוי כנגד קבלות מקוריות. מקור: תקנון לאומית זהב, פרק ט""ו סעיף 6.",טעון השוואה פרטנית,
599,"הריון, לידה ופריון",,מוניטור/ניטור הריון ביתי (סיכון גבוה),"כלל מבוטחי השב""ן בקופות החולים (לפי תוכנית והקופה)","זכאות: מבוטחת הנמצאת בהיריון בחודשים מתקדמים ואשר לדעת רופא הקופה או רופא בית חולים ציבורי נמצאת בסיכון גבוה בגין מצבה הבריאותי ו/או מצב העובר, זכאית לאספקת מוניטור ביתי לצורך מעקב",החזר/הטבה למוניטור/ניטור הריון ביתי (סיכון גבוה) בין 50 ל-350 ₪,"זהב · PROG09 · כיסוי כולל שני רכיבים: (א) השאלת 'מטרניטי יוניט' להקלת כאבי הריון ולידה — ₪149 לחודש, ללא תקופת אכשרה. (ב) רכישת מכשיר אולטרסאונד ביתי לעמיתה הרה — השתתפות עצמית ₪350, אחד לתקופת הריון (נספח א' לתקנון). אכשרה לאביזרים בהשאלה: 3 חודשים (לאפניאה מוניטור קרדיאלי — ₪50 לחודש). מקור: תקנון כללית מושלם זהב, נספח א' — אביזרים בהשאלה וברכישה.

פלטינום · PROG10 · אין מידע — מומלץ לבדוק. תקנון מושלם פלטינום אינו מזכיר מוניטור ביתי להריון או מכשיר אולטרסאונד ביתי לעמיתה הרה מעבר לאמור בתקנון הזהב. מקור: תקנון כללית מושלם פלטינום.","כסף · PROG14 · סעיף 18.1 — מוניטור עוברי באמצעות הטלפון לנשות הריון בסיכון. השתתפות עצמית ₪73.14 לשבוע. תקופת המתנה: 6 חודשים. מקור: תקנון מכבי כסף סעיף 18.1

זהב · PROG15 · סעיף 20.1 — מוניטור עוברי באמצעות הטלפון לנשות הריון בסיכון. השתתפות עצמית ₪73.14 לשבוע. תקופת המתנה: 6 חודשים. מקור: תקנון מכבי זהב סעיף 20.1

שלי · PROG16 · אין מידע — מומלץ לבדוק. מקור: תקנון מכבי שלי","עדיף · PROG19 · זכאות: מבוטחת הנמצאת בהיריון בחודשים מתקדמים ואשר לדעת רופא הקופה או רופא בית חולים ציבורי נמצאת בסיכון גבוה בגין מצבה הבריאותי ו/או מצב העובר, זכאית לאספקת מוניטור ביתי לצורך מעקב. משך: עד 3 חודשים (כולל חלק מחודש). השתתפות עצמית: 77 ש""ח לחודש. רכישה ללא אישור מראש: שיפוי לפי עלות עצמית הקופה רק אם הסמכות המאשרת שוכנעה בצורך. אישור מראש: נדרש מ""הסמכות המאשרת"". אכשרה: לפי כלל תנאי התוכנית. מקור: תקנון מאוחדת עדיף, סעיף 9.

שיא · PROG20 · אין מידע — מומלץ לבדוק. מאוחדת שיא אינה כוללת סעיף ייחודי למוניטור ביתי מעבר לאמור בעדיף. ייתכן כיסוי חלקי דרך סל ההיריון ולידה (סעיף 30) בתנאי שהוצאה זו עומדת בהגדרת 'מקרה מזכה'. מקור: תקנון מאוחדת שיא.","כסף · PROG24 · כיסוי: הקופה משלמת ישירות למכון שבהסדר את עלות המוניטור הביתי, בכפוף להשתתפות עצמית. שב""ן מכסה מעקב ניטור ביתי באמצעות מכשיר אלקטרוני המודד דופק עוברי ופעולות רחמיות. השת""ע: ₪65 לחודש. תנאי זכאות: שלב ההריון המזכה — שבועות 24–38 להריון; השירות ניתן ממכון שבהסדר בלבד. אכשרה: 3 חודשים. אישור מראש: לא מפורט כחובה, אך יש לקבל שירות ממכון שבהסדר. מקור: תקנון לאומית כסף, פרק י""ד.

זהב · PROG25 · כיסוי: הקופה משלמת ישירות למכון שבהסדר את עלות המוניטור הביתי, בכפוף להשתתפות עצמית. שב""ן מכסה מעקב ניטור ביתי באמצעות מכשיר אלקטרוני המודד דופק עוברי ופעולות רחמיות. השת""ע: ₪65 לחודש (זהה לכסף). תנאי זכאות: שלב ההריון המזכה — שבועות 24–38 להריון; השירות ניתן ממכון שבהסדר בלבד. אכשרה: 3 חודשים. אישור מראש: לא מפורט כחובה, אך יש לקבל שירות ממכון שבהסדר. מקור: תקנון לאומית זהב, פרק י""ד.",מאוחדת עדיף,
600,"הריון, לידה ופריון",,סדנאות / קורס הכנה ללידה,"כלל מבוטחי השב""ן בקופות החולים (לפי תוכנית והקופה)","הטבת שב""ן בנושא סדנאות / קורס הכנה ללידה",החזר/הטבה לסדנאות / קורס הכנה ללידה בין 72 ל-500 ₪,"זהב · PROG09 · עמיתה בהריון המעוניינת להשתתף בסדנת הכנה ללידה — השתתפות עצמית ₪200 במכוני הסדר. מקור: תקנון כללית מושלם זהב, פרק ה' סעיף 19 (22 לפי המפרט).

פלטינום · PROG10 · אין מידע — מומלץ לבדוק. תקנון מושלם פלטינום אינו מזכיר סדנת הכנה ללידה. מקור: תקנון כללית מושלם פלטינום.","כסף · PROG14 · אין מידע — מומלץ לבדוק. מקור: תקנון מכבי כסף

זהב · PROG15 · אין מידע — מומלץ לבדוק (לא נמצא בתקנון). מקור: תקנון מכבי זהב

שלי · PROG16 · סעיף 15 — סדנאות ייעודיות: הכנה ללידה ₪179.65 לזוג / ליחיד, עיסוי תינוקות ₪89.83, התעמלות לאחר לידה ₪203.23 (עד שנה מהלידה), החייאה ₪27.10. למרוחקים מעל 30 ק""מ ממקום הסדנה — החזר 50% עד ₪261.27. ללא תקופת המתנה. מקור: תקנון מכבי שלי סעיף 15","עדיף · PROG19 · אין מידע — מומלץ לבדוק. תקנון מאוחדת עדיף אינו כולל סעיף ייחודי לסדנת הכנה ללידה. ייתכן שניתן לנצל את סעיף סל ההיריון/הבראה ליולדת (סעיף 15) לצרכים סמוכים. מקור: תקנון מאוחדת עדיף.

שיא · PROG20 · אין מידע — מומלץ לבדוק. תקנון מאוחדת שיא אינו כולל סעיף ייחודי לסדנת הכנה ללידה. ייתכן כיסוי חלקי דרך סל ההיריון ולידה (סעיף 30) אם נכלל ב""מקרה מזכה"". מקור: תקנון מאוחדת שיא.","כסף · PROG24 · כיסוי: שיפוי 80% מהוצאות הממשיות עבור קורס הכנה ללידה, עד תקרה של ₪288. הכיסוי חד-פעמי לכל תקופת ההסכם. כלומר: אם עלות הקורס ₪360 — השיפוי ₪288 ו-₪72 על חשבון העמיתה. אכשרה: ללא תקופת אכשרה. אישור מראש: לא נדרש — שיפוי כנגד קבלות מקוריות. מקור: תקנון לאומית כסף, פרק ט""ו סעיף 5.

זהב · PROG25 · כיסוי: שיפוי 80% מהוצאות הממשיות עבור קורס הכנה ללידה, עד תקרה של ₪360 (גבוה מכסף). הכיסוי חד-פעמי לכל תקופת ההסכם. בנוסף, במסגרת חבילת הריון ולידה (סעיף 7) ניתן לקבל עד ₪500 לקורס הכנה ללידה (גבוה יותר). אכשרה: ללא תקופת אכשרה. אישור מראש: לא נדרש — שיפוי כנגד קבלות מקוריות. מקור: תקנון לאומית זהב, פרק ט""ו סעיף 5.",טעון השוואה פרטנית,
601,"הריון, לידה ופריון",,דולה / תומכת לידה,"כלל מבוטחי השב""ן בקופות החולים (לפי תוכנית והקופה)","זכאות: מבוטחת שיא הנמצאת בהיריון או עד 6 חודשים לאחר לידה זכאית להחזר עבור שירותי דולה/תומכת לידה. תקרת החזר: עד 1,868 ש""ח לכל היריון (במסגרת סל ההיריון ולידה). שיעור ההחזר: 75% מס","החזר/הטבה לדולה / תומכת לידה בין 1,750 ל-2,365 ₪","זהב · PROG09 · אין מידע — מומלץ לבדוק. תקנון כללית מושלם זהב אינו מזכיר כיסוי לשירותי דולה או תומכת לידה. מקור: תקנון כללית מושלם זהב.

פלטינום · PROG10 · אין מידע — מומלץ לבדוק. תקנון מושלם פלטינום אינו מזכיר שירותי דולה או תומכת לידה. מקור: תקנון כללית מושלם פלטינום.","כסף · PROG14 · אין מידע — מומלץ לבדוק. מקור: תקנון מכבי כסף

זהב · PROG15 · אין מידע — מומלץ לבדוק (לא נמצא בתקנון). מקור: תקנון מכבי זהב

שלי · PROG16 · סעיף 11.5.1 — החזר עד ₪1,767.47 לשירותי דולה / תומכת לידה לכל הריון. מקור: תקנון מכבי שלי סעיף 11.5.1","עדיף · PROG19 · אין מידע — מומלץ לבדוק. תקנון מאוחדת עדיף אינו כולל סעיף לשירותי דולה/תומכת לידה. מקור: תקנון מאוחדת עדיף.

שיא · PROG20 · זכאות: מבוטחת שיא הנמצאת בהיריון או עד 6 חודשים לאחר לידה זכאית להחזר עבור שירותי דולה/תומכת לידה. תקרת החזר: עד 1,868 ש""ח לכל היריון (במסגרת סל ההיריון ולידה). שיעור ההחזר: 75% מסך ההוצאה בפועל, ובלבד שסכום ההחזר הכולל מסל ההיריון ולידה לא יעלה על 2,365 ש""ח להיריון (ועד 4 הריונות בסה""כ). תקופת המתנה: 6 חודשים. מקור: תקנון מאוחדת שיא, סעיף 30.2.2.","כסף · PROG24 · אין מידע — מומלץ לבדוק. תקנון לאומית כסף אינו כולל כיסוי לדולה/תומכת לידה מחוץ לחבילת הריון ולידה, שהינה פרק ייחודי לעמיתות לאומית זהב בלבד.

זהב · PROG25 · כיסוי: במסגרת חבילת הריון ולידה לעמיתות זהב (פרק ט""ו סעיף 7) — שיפוי 75% מהוצאות הממשיות עד תקרה של ₪1,750 לכל הריון, עבור שירותי דולה/תומכת לידה. תקרה כוללת של חבילת הריון ולידה: ₪2,348 לכל הריון (ועד 4 הריונות בתקופת ההסכם). תנאי: עמיתה בהריון או עד 6 חודשים לאחר לידה. אכשרה: 6 חודשים (לסעיף 7). אישור מראש: לא נדרש — שיפוי כנגד קבלות מקוריות. מקור: תקנון לאומית זהב, פרק ט""ו סעיף 7.",מאוחדת שיא,
602,"הריון, לידה ופריון",,סדנת תמיכה נפשית למטופלות IVF,"כלל מבוטחי השב""ן בקופות החולים (לפי תוכנית והקופה)","הטבת שב""ן בנושא סדנת תמיכה נפשית למטופלות IVF",החזר/הטבה לסדנת תמיכה נפשית למטופלות IVF עד 610 ₪,"זהב · PROG09 · פרק ה', סעיף 12 — סדנאות תמיכה למטופלות IVF ובן זוגן המעוניינים להשתתף בסדנת תמיכה במכוני הסדר. השתתפות עצמית: 50% מההוצאה בפועל. תקרה: עד ₪610 לסדנא. תקופת אכשרה: 12 חודשים. אישור מראש: לא צוין. הערה: הסדנא מבוצעת במכוני הסדר בלבד. מקור: תקנון כללית מושלם זהב.

פלטינום · PROG10 · אין מידע — מומלץ לבדוק. סדנת תמיכה נפשית למטופלות IVF אינה מוזכרת במפורש בתקנון מושלם פלטינום (הפלטינום הוא תוספת מעל הזהב; הזכות בזהב — פרק ה' סעיף 12 — ממשיכה לחול). מקור: תקנון כללית מושלם פלטינום.","שלי · PROG16 · אין מידע — מומלץ לבדוק. סדנת תמיכה נפשית ייעודית למטופלות IVF אינה מוזכרת בתקנון מכבי שלי. מקור: תקנון מכבי שלי

כסף · PROG14 · אין מידע — מומלץ לבדוק. סדנת תמיכה נפשית למטופלות IVF אינה מוזכרת בתקנון מכבי כסף. מקור: תקנון מכבי כסף

זהב · PROG15 · אין מידע — מומלץ לבדוק. סדנת תמיכה נפשית ייעודית למטופלות IVF אינה מוזכרת בתקנון מכבי זהב (קיים כיסוי לטיפולי הפריה עצמם ולמשגיחה על טיפולים — סעיף 12.5, אך לא סדנת תמיכה). מקור: תקנון מכבי זהב, סעיף 12","עדיף · PROG19 · אין מידע — מומלץ לבדוק. תקנון מאוחדת עדיף אינו מזכיר סדנת תמיכה נפשית/פסיכולוגית למטופלות הפריה חוץ-גופית. הכיסוי בתחום IVF מתמקד בטיפולי ההפריה עצמם וחומר גנטי. מקור: תקנון מאוחדת עדיף 2026.

שיא · PROG20 · אין מידע — מומלץ לבדוק. תקנון מאוחדת שיא אינו מזכיר סדנת תמיכה נפשית למטופלות IVF. סעיף 16 עוסק בטיפולי פריון בלבד. מקור: תקנון מאוחדת שיא 2026.","כסף · PROG24 · אין מידע — מומלץ לבדוק. תקנון לאומית כסף אינו מזכיר סדנת תמיכה נפשית ייעודית לעוברות IVF. פרק י""ב מכסה השתתפות בהוצאות הפריה חוץ גופית, אך ללא אזכור סדנת תמיכה. מקור: תקנון לאומית כסף.

זהב · PROG25 · אין מידע — מומלץ לבדוק. תקנון לאומית זהב אינו מזכיר סדנת תמיכה נפשית ייעודית לעוברות IVF. פרק י""ב מכסה השתתפות בהוצאות הפריה חוץ גופית, אך ללא אזכור סדנת תמיכה. מקור: תקנון לאומית זהב.",כללית מושלם זהב,
603,"הריון, לידה ופריון",,שימור פוריות (לא רפואי),"כלל מבוטחי השב""ן בקופות החולים (לפי תוכנית והקופה)","מאוחדת שיא (סעיף 16.9 — שימור פיריון לנשים מטעמים שאינם רפואיים): מבוטחת גיל 30–41 (תחילת הליך לפני גיל 41), ותק 12 חודשי ביטוח, שאינה זכאית לשימור ביציות מכוח סל הבריאות — זכאית ל","החזר/הטבה לשימור פוריות (לא רפואי) עד 3,500 ₪","זהב · PROG09 · אין מידע — מומלץ לבדוק. שימור פוריות מטעמים לא רפואיים (הקפאת ביציות לנשים) אינו מוזכר בתקנון כללית מושלם זהב. (הפרק הסמוך הוא פרק ה' סעיפים 10–12 בנושא IVF וסדנאות תמיכה למטופלות IVF, אך לא שימור ביציות לא רפואי.) מקור: תקנון כללית מושלם זהב.

פלטינום · PROG10 · אין מידע — מומלץ לבדוק. שימור פוריות מטעמים לא רפואיים אינו מוזכר בתקנון מושלם פלטינום. מקור: תקנון כללית מושלם פלטינום.","כסף · PROG14 · אין מידע — מומלץ לבדוק. שימור פוריות מטעמים שאינם רפואיים אינו מוזכר בתקנון מכבי כסף. מקור: תקנון מכבי כסף

זהב · PROG15 · אין מידע — מומלץ לבדוק. שימור פוריות מטעמים שאינם רפואיים אינו מוזכר בתקנון מכבי זהב. מקור: תקנון מכבי זהב

שלי · PROG16 · שימור ביציות לנשים מסיבות שאינן רפואיות (סעיף 14). תנאי זכאות: גיל 31 עד (לא כולל) 39 שנים; אינה זכאית לשימור ביציות מסל הבריאות. הזכאות: עד 3 שאיבות ו/או עד 25 ביציות (המוקדם מביניהם). גובה הכיסוי: השתתפות עצמית ₪3,500 למחזור טיפולים. מחזור כולל: הכנה לשאיבה, שאיבת ביציות, שימורן למשך 5 שנים. תשלום ישירות במכון שבהסכם טרם תחילת הטיפול. הטיפול התרופתי (שלב הכנה לשאיבה) — אינו כלול, ניתן לפי פרק תרופות מכבי זהב. אכשרה: 12 חודשים. מקור: תקנון מכבי שלי, סעיפים 14.1–14.4","עדיף · PROG19 · אין כיסוי לשימור פוריות מטעמים שאינם רפואיים בתקנון מאוחדת עדיף. הכיסוי הקיים: הקפאת ביציות מופרות (סעיף 2.7) — במסגרת ניסיונות הפריה מאושרים בלבד. שנה ראשונה כיסוי מלא לכלל חברי הקופה, שנתיים נוספות בהשתתפות 50% מהעלות העצמית למבוטחות עדיף. שימור זרע לחולים אונקולוגיים — 5 שנים על חשבון התוכנית. הקפאה מטעמים שאינם רפואיים לנשים בריאות — אין מידע, מומלץ לבדוק. מקור: תקנון מאוחדת עדיף 2026, סעיף 2.7.

שיא · PROG20 · מאוחדת שיא (סעיף 16.9 — שימור פיריון לנשים מטעמים שאינם רפואיים): מבוטחת גיל 30–41 (תחילת הליך לפני גיל 41), ותק 12 חודשי ביטוח, שאינה זכאית לשימור ביציות מכוח סל הבריאות — זכאית לשימור ביציות במכון בהסדר. זכאות: עד 6 שאיבות ו/או עד 30 ביציות (המוקדם מביניהם). השתתפות עצמית: ₪3,500 למחזור טיפולים ('מחזור' כולל הכנה לשאיבה, שאיבה ושימור ל-5 שנים). התרופות לשלב א' (הכנה לשאיבה) אינן כלולות אך מסופקות ב-50% מהמחיר המרבי לצרכן. אישור מראש נדרש. מקור: תקנון מאוחדת שיא 2026, סעיף 16.9.","כסף · PROG24 · אין מידע — מומלץ לבדוק. תקנון לאומית כסף אינו מזכיר שימור ביציות מטעמים לא רפואיים. פרק י""ב עוסק בהשתתפות בהוצאות הפריה חוץ גופית (IVF) לצורך לידת ילדים בלבד. מקור: תקנון לאומית כסף.

זהב · PROG25 · אין מידע — מומלץ לבדוק. תקנון לאומית זהב אינו מזכיר שימור ביציות מטעמים לא רפואיים. פרק י""ב עוסק בהשתתפות בהוצאות הפריה חוץ גופית (IVF) לצורך לידת ילדים בלבד. מקור: תקנון לאומית זהב.",מאוחדת שיא,
604,"הריון, לידה ופריון",,"סדנאות הכנה ללידה, עיסוי תינוקות, התעמלות לאחר לידה, קורס החייאה לתינוקות","כלל מבוטחי השב""ן בקופות החולים (לפי תוכנית והקופה)","הטבת שב""ן בנושא סדנאות הכנה ללידה, עיסוי תינוקות, התעמלות לאחר לידה, קורס החייאה לתינוקות","החזר/הטבה לסדנאות הכנה ללידה, עיסוי תינוקות, התעמלות לאחר לידה, קורס החייאה לתינוקות בין 90 ל-600 ₪","זהב · PROG09 · כיסוי חלקי — סעיף 18 (פרק ה'): סדנאות בנושא היריון ולידה — השתתפות עצמית ₪10 למפגש במכוני הסדר; סעיף 19: קורס הכנה ללידה לנשים בהיריון — השתתפות עצמית ₪200 במכוני הסדר. עיסוי תינוקות, התעמלות לאחר לידה, וקורס החייאה לתינוקות — אינם מוזכרים במפורש בתקנון.

פלטינום · PROG10 · ככל כללית מושלם זהב — סעיפים 18–19 (פרק ה'): סדנאות היריון/לידה ₪10 למפגש, קורס הכנה ללידה ₪200; פלטינום אינו מוסיף כיסוי נוסף לנושא זה.","זהב · PROG15 · אין מידע — מומלץ לבדוק (לא מצוין בתקנון מכבי זהב)

כסף · PROG14 · אין מידע — מומלץ לבדוק (לא מצוין בתקנון מכבי כסף)

שלי · PROG16 · סדנת הכנה ללידה: ₪179.65 לזוג/יחיד; עיסוי תינוקות (עד גיל שנה): ₪89.83 לזוג/יחיד; התעמלות לאחר לידה (עד שנה מהלידה): ₪203.23 ליחיד; קורס החייאה (סדנה אחת ללידה): ₪27.10 ליחיד. למרוחקי מרכז (מעל 30 ק""מ): 50% החזר עד ₪261.27 לסדנת הכנה ללידה; ללא תקופת המתנה (סעיף 15 מכבי שלי)","עדיף · PROG19 · אין מידע — מומלץ לבדוק

שיא · PROG20 · סעיף 12 (שיא) — סדנאות וקורסים | ללא תקופת המתנה | הנחה 50% מהתעריף הרגיל או עד ₪600 לקורס (הנמוך מבין השניים) | כולל סדנת הכנה ללידה — קורס אחד בשנה קלנדרית | מתקיים במסגרת הקופה ו/או ספקים בהסכם | הערה: עיסוי תינוקות, התעמלות לאחר לידה וקורס החייאה לתינוקות — אין אזכור מפורש; מומלץ לבדוק","כסף · PROG24 · אין מידע — מומלץ לבדוק

זהב · PROG25 · אין מידע — מומלץ לבדוק",טעון השוואה פרטנית,
605,"הריון, לידה ופריון",,בדיקת מי שפיר עם שבב ציטוגנטי (CMA),"כלל מבוטחי השב""ן בקופות החולים (לפי תוכנית והקופה)","הטבת שב""ן בנושא בדיקת מי שפיר עם שבב ציטוגנטי (CMA)","החזר/הטבה לבדיקת מי שפיר עם שבב ציטוגנטי (CMA) בין 455 ל-2,780 ₪","זהב · PROG09 · מכוסה — פרק ה' סעיף 13.2: בדיקת מי שפיר או סיסי שיליה לנשים עד גיל 34, כולל שבב ציטוגנטי CMA וחלבון עוברי; כיסוי 75% מההוצאה בפועל עד ₪1,440 לדיקור; השתתפות עצמית ₪800 לדיקור; פעם אחת לכל היריון; בהריון מרובה עוברים — הזכאות לכל דיקור בנפרד; מעבר לזכאות בסל הבסיסי; במכון הסדר.

פלטינום · PROG10 · ככל מושלם זהב + פלטינום אינו מוסיף כיסוי נוסף לבדיקת מי שפיר/CMA (לא מופיע בפרק ח' פלטינום).","כסף · PROG14 · אין מידע — מומלץ לבדוק

זהב · PROG15 · אין מידע — מומלץ לבדוק

שלי · PROG16 · אין מידע — מומלץ לבדוק","עדיף · PROG19 · מכוסה — סעיף 13.1: נשים בהיריון שגילן נמוך מגיל הזכאות בסל, זכאיות לבדיקת מי שפיר או סיסי שיליה בטכנולוגיית CMA (אחת משתי הבדיקות לפי בחירת המבוטחת), על חשבון הקרן, במכונים בהסכם עם הקופה, בהמלצת רופא נשים קופה. השתתפות עצמית ₪857 לבדיקה; הופנתה לחיצוני — שיפוי 75% עד ₪1,744.

שיא · PROG20 · מכוסה — PROG20 כולל את כל זכויות עדיף (סעיף 13.1) ומוסיף: NIPT (סעיף 17.2). זכאות ל-CMA בתנאים זהים לעדיף; השתתפות עצמית ₪857; שיפוי חיצוני 75% עד ₪1,744. גם בנספח ה' — ציוד ומכשור.","כסף · PROG24 · פרק ט""ו ס' 2 — בדיקת מי שפיר עם שבב ציטוגנטי CMA (צ'יפ גנטי) לעמיתה עד גיל 32, שאינה זכאית לבדיקה בסל, ולא ביצעה CVS. במכון הסדר: השתתפות עצמית ₪717 לבדיקה (לכל עובר). שלא במכון הסדר: החזר 80% עד ₪1,433.

זהב · PROG25 · פרק ט""ו ס' 2 — בדיקת מי שפיר עם שבב ציטוגנטי CMA (צ'יפ גנטי) לעמיתה עד גיל 32, שאינה זכאית לבדיקה בסל, ולא ביצעה CVS. במכון הסדר: השתתפות עצמית ₪455 לבדיקה (לכל עובר). שלא במכון הסדר: החזר 80% עד ₪2,780.",טעון השוואה פרטנית,
606,"הריון, לידה ופריון",,"אביזרים ליולדת: משאבת הנקה, אמצעים לחיזוק רצפת אגן, קונכיות","כלל מבוטחי השב""ן בקופות החולים (לפי תוכנית והקופה)","מכוסה — נספח ה' חל גם על מבוטחי 'מאוחדת שיא'; תנאי ההנחה זהים לעדיף (ידנית 56–60%, חשמלית 45–72%); בנוסף, מבוטחת שיא זכאית לחבילת היריון ולידה (סעיף 30) המאפשרת החזר 75% עד ₪2,365 ","החזר/הטבה לאביזרים ליולדת: משאבת הנקה, אמצעים לחיזוק רצפת אגן, קונכיות בין 53 ל-2,365 ₪","זהב · PROG09 · אין מידע — מומלץ לבדוק

פלטינום · PROG10 · אין מידע — מומלץ לבדוק","כסף · PROG14 · אין מידע — מומלץ לבדוק

זהב · PROG15 · נספח ב' סעיף 12 — אביזרים ליולדת: משאבת הנקה חשמלית השתתפות עצמית ₪327.6–₪529.12, ידנית ₪127.11–₪201.52; אמצעים לחיזוק רצפת אגן ₪317.26–₪740.97 (אלקטרודות ₪105.41–₪190.15); קונכיות (breast shells) ₪69.24; משקל ליולדת ₪42.37–₪52.71; אביזרים למשאבה ₪37.2–₪52.71; עזרי הנקה ₪15.5–₪37.2. זכאות: אחת לשנה.

שלי · PROG16 · אין מידע — מומלץ לבדוק","עדיף · PROG19 · מכוסה — נספח ה' (אביזרים רפואיים למבוטחי מאוחדת עדיף): משאבת הנקה ידנית — הנחה 56%/59%/60% (לפי דגם), זכאות אחת לשנה; משאבת הנקה חשמלית — הנחה 45%/50%/72% (לפי דגם), זכאות אחת לשנה; אביזרים לרצפת אגן — הנחה 45%–54%; קונכיות (שסתמים לאיסוף חלב) — הנחה 39%; רכישה דרך בית מרקחת פנימי בלבד.

שיא · PROG20 · מכוסה — נספח ה' חל גם על מבוטחי 'מאוחדת שיא'; תנאי ההנחה זהים לעדיף (ידנית 56–60%, חשמלית 45–72%); בנוסף, מבוטחת שיא זכאית לחבילת היריון ולידה (סעיף 30) המאפשרת החזר 75% עד ₪2,365 לכלל שירותי היריון ולידה שלא בסל ולא בשב""ן, כולל אביזרים.","כסף · PROG24 · אין מידע — מומלץ לבדוק

זהב · PROG25 · אין מידע — מומלץ לבדוק",מאוחדת שיא,
607,"הריון, לידה ופריון",,אולטרסאונד ביתי לעמיתה בהריון (מוניטור עוברי ביתי),"כלל מבוטחי השב""ן בקופות החולים (לפי תוכנית והקופה)","הטבת שב""ן בנושא אולטרסאונד ביתי לעמיתה בהריון (מוניטור עוברי ביתי)",החזר/הטבה לאולטרסאונד ביתי לעמיתה בהריון (מוניטור עוברי ביתי) בין 77 ל-350 ₪,"זהב · PROG09 · מכוסה — נספח א' (אביזרים ברכישה): מכשיר אולטרסאונד ביתי לעמיתה הרה; אחד לתקופת הריון; השתתפות עצמית ₪350; ברכישה באמצעות כללית מושלם.

פלטינום · PROG10 · ככל מושלם זהב + פלטינום אינו מוסיף כיסוי נוסף לאולטרסאונד ביתי (לא מופיע בפרק ח' פלטינום).","כסף · PROG14 · אין מידע — מומלץ לבדוק

זהב · PROG15 · אין מידע — מומלץ לבדוק

שלי · PROG16 · אין מידע — מומלץ לבדוק","עדיף · PROG19 · מכוסה — סעיף 9 (מעקב לנשים בהיריון בסיכון גבוה): מבוטחת בהריון בסיכון גבוה (לפי החלטת רופא קופה) זכאית לאספקת מוניטור ביתי למעקב עובר; תקופה עד 3 חודשים; השתתפות עצמית ₪77 לחודש. אין כיסוי לאולטרסאונד ביתי אישי — הכיסוי הוא מוניטור עוברי (CTG) בלבד, לסיכון גבוה.

שיא · PROG20 · אין מידע — מומלץ לבדוק","כסף · PROG24 · אין מידע — מומלץ לבדוק

זהב · PROG25 · אין מידע — מומלץ לבדוק",טעון השוואה פרטנית,
608,"הריון, לידה ופריון",,אחות פרטית ביולדת (PROG25 בלבד),"כלל מבוטחי השב""ן בקופות החולים (לפי תוכנית והקופה)","הטבת שב""ן בנושא אחות פרטית ביולדת (PROG25 בלבד)","החזר/הטבה לאחות פרטית ביולדת (PROG25 בלבד) בין 466 ל-2,365 ₪","זהב · PROG09 · אין מידע — מומלץ לבדוק

פלטינום · PROG10 · אין מידע — מומלץ לבדוק","כסף · PROG14 · אין מידע — מומלץ לבדוק

זהב · PROG15 · אין מידע — מומלץ לבדוק

שלי · PROG16 · אין מידע — מומלץ לבדוק","עדיף · PROG19 · לא מכוסה כשירות ייחודי ליולדת — סעיף 17 (אחות פרטית) מכסה אחות לאחר ניתוח בלבד (עד $100/יום, 8 ימים, שיפוי 75%), ולא לצורך לידה ספציפי.

שיא · PROG20 · מכוסה — סעיף 30.2.2 (חבילת היריון ולידה): אחות פרטית בבית היולדת נכללת בחבילת ההיריון של מאוחדת שיא; תקרת החזר עד ₪498 לייעוץ/שירות; הכיסוי עד 6 חודשים לאחר לידה; תקרה מצטברת לחבילה כולה ₪2,365 להיריון.","כסף · PROG24 · אין מידע — מומלץ לבדוק

זהב · PROG25 · פרק ט""ו ס' 7.1.2 — אחות פרטית בבית היולדת נכללת בחבילת הריון ולידה של לאומית זהב בלבד. החזר 75% עד תקרה של ₪466 לשירות זה (בתוך תקרה כוללת ₪2,348 להריון). זכאות עד 4 הריונות בתקופת ההסכם.",טעון השוואה פרטנית,
609,"הריון, לידה ופריון",,בדיקת NIPT לגילוי טריזומיות בעובר,"כלל מבוטחי השב""ן בקופות החולים (לפי תוכנית והקופה)","מכוסה — סעיף 17.2: מבוטחת זכאית לבדיקת NIPT אחת בכל היריון לגילוי טריזומיות (21, 18, 13) באמצעות בחינת חומר גנטי עוברי בדם האם; החזר 75% מעלות הבדיקה עד תקרה של ₪5,190.","החזר/הטבה לבדיקת NIPT לגילוי טריזומיות בעובר עד 5,190 ₪","זהב · PROG09 · אין מידע — מומלץ לבדוק

פלטינום · PROG10 · אין מידע — מומלץ לבדוק","כסף · PROG14 · אין מידע — מומלץ לבדוק

זהב · PROG15 · אין מידע — מומלץ לבדוק

שלי · PROG16 · אין מידע — מומלץ לבדוק","עדיף · PROG19 · אין מידע — מומלץ לבדוק

שיא · PROG20 · מכוסה — סעיף 17.2: מבוטחת זכאית לבדיקת NIPT אחת בכל היריון לגילוי טריזומיות (21, 18, 13) באמצעות בחינת חומר גנטי עוברי בדם האם; החזר 75% מעלות הבדיקה עד תקרה של ₪5,190.","כסף · PROG24 · אין מידע — מומלץ לבדוק

זהב · PROG25 · אין מידע — מומלץ לבדוק",מאוחדת שיא,
610,"הריון, לידה ופריון",,בדיקת מי שפיר / סיסי שיליה עם CMA לנשים מתחת לגיל הזכאות,"כלל מבוטחי השב""ן בקופות החולים (לפי תוכנית והקופה)","הטבת שב""ן בנושא בדיקת מי שפיר / סיסי שיליה עם CMA לנשים מתחת לגיל הזכאות","החזר/הטבה לבדיקת מי שפיר / סיסי שיליה עם CMA לנשים מתחת לגיל הזכאות בין 857 ל-5,190 ₪","זהב · PROG09 · אין מידע — מומלץ לבדוק

פלטינום · PROG10 · אין מידע — מומלץ לבדוק","כסף · PROG14 · אין מידע — מומלץ לבדוק

זהב · PROG15 · אין מידע — מומלץ לבדוק

שלי · PROG16 · אין מידע — מומלץ לבדוק","עדיף · PROG19 · מכוסה — סעיף 13.1.1–13.1.3: נשים מתחת לגיל הזכאות בסל בוחרות בין מי שפיר לסיסי שיליה בטכנולוגיית CMA; על חשבון הקרן במכון בהסכם; השתתפות עצמית ₪857; שיפוי חיצוני 75% עד ₪1,744; חל גם כשבן הזוג חבר בקופה אחרת (אלא אם מדובר במחלה תורשתית של הבעל).

שיא · PROG20 · מכוסה — זכויות עדיף (סעיף 13.1) מתווספות לשיא; השתתפות עצמית ₪857; בנוסף NIPT בסעיף 17.2 עם החזר 75% עד ₪5,190 כאפשרות נוספת.","כסף · PROG24 · אין מידע — מומלץ לבדוק

זהב · PROG25 · אין מידע — מומלץ לבדוק",טעון השוואה פרטנית,
611,"הריון, לידה ופריון",,בדיקת סיסי שיליה (CVS),"כלל מבוטחי השב""ן בקופות החולים (לפי תוכנית והקופה)","הטבת שב""ן בנושא בדיקת סיסי שיליה (CVS)","החזר/הטבה לבדיקת סיסי שיליה (CVS) בין 434 ל-1,737 ₪","זהב · PROG09 · מכוסה — פרק ה' סעיף 13.2: כיסוי בדיקת סיסי שיליה (כחלק מ""מי שפיר או סיסי שיליה"") לנשים עד גיל 34; כיסוי 75% עד ₪1,440 לדיקור; השתתפות עצמית ₪800; פעם אחת לכל היריון; כולל שבב CMA וחלבון עוברי; מעבר לזכאות בסל.

פלטינום · PROG10 · ככל מושלם זהב + פלטינום אינו מוסיף כיסוי נוסף לבדיקת CVS (לא מופיע בפרק ח' פלטינום).","כסף · PROG14 · אין מידע — מומלץ לבדוק

זהב · PROG15 · אין מידע — מומלץ לבדוק

שלי · PROG16 · אין מידע — מומלץ לבדוק","עדיף · PROG19 · מכוסה חלקית — סעיף 13.1: CVS מכוסה רק בשילוב עם CMA לנשים מתחת לגיל הזכאות; השתתפות עצמית ₪857. CVS סטנדרטי (ללא CMA) — אין מידע — מומלץ לבדוק.

שיא · PROG20 · מכוסה חלקית — זכויות זהות לעדיף (CVS+CMA, סעיף 13.1); בנוסף NIPT (17.2) כחלופה. CVS סטנדרטי ללא CMA — אין מידע — מומלץ לבדוק.","כסף · PROG24 · פרק ט""ו ס' 3 — בדיקת סיסי שיליה עד שבוע 12 להריון (עמיתה שביצעה CVS אינה זכאית למי שפיר). במכון הסדר: השתתפות עצמית ₪724. שלא במכון הסדר: החזר 80% עד ₪869.

זהב · PROG25 · פרק ט""ו ס' 3 — בדיקת סיסי שיליה עד שבוע 12 להריון (עמיתה שביצעה CVS אינה זכאית למי שפיר). במכון הסדר: השתתפות עצמית ₪434. שלא במכון הסדר: החזר 80% עד ₪1,737.",טעון השוואה פרטנית,
612,"הריון, לידה ופריון",,הבראה ליולדת מילד ראשון (PROG25) / מילד שלישי (PROG24),"כלל מבוטחי השב""ן בקופות החולים (לפי תוכנית והקופה)","הטבת שב""ן בנושא הבראה ליולדת מילד ראשון (PROG25) / מילד שלישי (PROG24)",החזר/הטבה להבראה ליולדת מילד ראשון (PROG25) / מילד שלישי (PROG24) בין 200 ל-498 ₪,"זהב · PROG09 · אין מידע — מומלץ לבדוק

פלטינום · PROG10 · אין מידע — מומלץ לבדוק","כסף · PROG14 · אין מידע — מומלץ לבדוק

זהב · PROG15 · אין מידע — מומלץ לבדוק

שלי · PROG16 · אין מידע — מומלץ לבדוק","עדיף · PROG19 · לא מכוסה — סעיף 15 מגביל הבראה לילד רביעי ואילך בלבד; אין כיסוי להבראה לאחר לידת ילד ראשון, שני או שלישי.

שיא · PROG20 · מכוסה — סעיף 30.2.2 (חבילת היריון ולידה): הבראה לאחר לידת ילד ראשון–שלישי עד 3 ימים; תקרת החזר ₪498/יום או השתתפות עצמית ₪200/יום בהסדר; בתוך חודשיים משחרור (מוקזז ₪300/יום מתקרת חבילת ההיריון).","כסף · PROG24 · פרק ט""ז — הבראה ליולדת החל מלידת הילד השלישי וכל ילד נוסף. החזר 80% עד ₪310 ליום. תקופה מרבית: 3 ימים לאחר לידה טבעית, 5 ימים לאחר ניתוח קיסרי. יש לממש תוך חודשיים משחרור.

זהב · PROG25 · פרק ט""ז — הבראה ליולדת החל מלידת הילד הראשון וכל ילד נוסף. החזר 80% עד ₪427 ליום. תקופה מרבית: 3 ימים לאחר לידה טבעית, 5 ימים לאחר ניתוח קיסרי; מילד חמישי ואילך — יום נוסף לכל לידה. יש לממש תוך חודשיים משחרור.",טעון השוואה פרטנית,
613,"הריון, לידה ופריון",,החזרת עוברים מוקפאים (FET),"כלל מבוטחי השב""ן בקופות החולים (לפי תוכנית והקופה)","הטבת שב""ן בנושא החזרת עוברים מוקפאים (FET)",החזר/הטבה להחזרת עוברים מוקפאים (FET) בין 524 ל-702 ₪,"זהב · PROG09 · אין מידע — מומלץ לבדוק

פלטינום · PROG10 · אין מידע — מומלץ לבדוק","כסף · PROG14 · אין מידע — מומלץ לבדוק

זהב · PROG15 · אין מידע — מומלץ לבדוק

שלי · PROG16 · אין מידע — מומלץ לבדוק","עדיף · PROG19 · מכוסה — סעיף 2.7.1: הקפאת ביציות מופרות והחזרתן לרחם (שלב ג' של IVF) מכוסה במסגרת ניסיונות הפריה שאושרו; שנה ראשונה — כיסוי מלא של הקופה; מבוטחות עדיף זכאיות לתקופה נוספת של שנתיים ב-50% השתתפות עצמית מהעלות העצמית.

שיא · PROG20 · מכוסה — סעיף 16.7.1–16.7.2: שלב ג' (FET) מכוסה במסגרת ניסיונות מאושרים; שנה ראשונה — כיסוי מלא; מבוטחות שיא זכאיות לתקופה נוספת של שנתיים ב-15% השתתפות עצמית בלבד (משופר מעדיף שם 50%).","כסף · PROG24 · פרק י""ב ס' 3 — החזרת עוברים מוקפאים לאחר IVF. לצורך ילד ראשון/שני: 6 ניסיונות, השתתפות עצמית ₪524 לטיפול. לצורך ילד שלישי ואילך: 4 ניסיונות, השתתפות עצמית ₪702 לטיפול. מותנה באישור קופה מראש ובהחלטת ועדת הפוריות.

זהב · PROG25 · פרק י""ב ס' 3 — החזרת עוברים מוקפאים לאחר IVF. לצורך ילד ראשון/שני: 12 ניסיונות, השתתפות עצמית ₪524 לטיפול. לצורך ילד שלישי ואילך: 7 ניסיונות, השתתפות עצמית ₪698 לטיפול. מותנה באישור קופה מראש ובהחלטת ועדת הפוריות.",טעון השוואה פרטנית,
614,"הריון, לידה ופריון",,חבילת הריון ולידה (PROG25 בלבד),"כלל מבוטחי השב""ן בקופות החולים (לפי תוכנית והקופה)","הטבת שב""ן בנושא חבילת הריון ולידה (PROG25 בלבד)","החזר/הטבה לחבילת הריון ולידה (PROG25 בלבד) בין 466 ל-9,448 ₪","זהב · PROG09 · אין מידע — מומלץ לבדוק

פלטינום · PROG10 · אין מידע — מומלץ לבדוק","כסף · PROG14 · אין מידע — מומלץ לבדוק

זהב · PROG15 · אין מידע — מומלץ לבדוק

שלי · PROG16 · סעיף 11 — חבילת הריון ולידה של מכבי שלי: 75% עד ₪2,358.97 להריון (עד 4 הריונות; ₪4,717.95 להריון מרובה; מקסימום מצטבר ₪9,435.90). הכוללת: ייעוץ רופא מומחה עד ₪824.82 (סעיף 11.3), דולה עד ₪1,767.47 (סעיף 11.5.1). תקופת המתנה 6 חודשים.","עדיף · PROG19 · לא קיימת חבילה מקיפה אחת — הזכויות מפורטות לפי נושאים (מי שפיר, סקירה, הבראה, ייעוץ הנקה, מוניטור) בסעיפים נפרדים. אין 'חבילת הריון ולידה' ככותרת לסעיף עצמאי.

שיא · PROG20 · מכוסה — סעיף 30 (סל היריון ולידה): מבוטחת בהיריון או עד 6 חודשים לאחר לידה; החזר 75% עד ₪2,365 לכל היריון (₪4,730 להיריון מרובה עוברים); עד 4 הריונות בתקופת החברות; כולל ייעוץ רופא מומחה (עד ₪872), דולה (עד ₪1,868), הבראה, ייעוץ שינה, אחות פרטית ביולדת, ייעוץ תזונה/פעילות.","כסף · PROG24 · אין מידע — מומלץ לבדוק

זהב · PROG25 · פרק ט""ו ס' 7 — חבילת הריון ולידה לעמיתת לאומית זהב בלבד. החזר 75% מהוצאה בפועל, עד תקרה מצטברת ₪2,348 לכל הריון ועד 4 הריונות בתקופת ההסכם (תקרה כוללת ₪9,448). כוללת שירותים שאינם בסל ואינם בשב""ן: דולה/תומכת לידה (עד ₪1,750), שמירת דם טבורי, ייעוץ שינה לתינוק, ייעוץ אישי לפעילות גופנית/תזונה ע""י תזונאית, אחות פרטית בבית היולדת — כל אחד עד ₪466. אינה כוללת: פוריות, רפואה משלימה, שירותים שאינם רפואיים. תקופת אכשרה 6 חודשים.",טעון השוואה פרטנית,
615,"הריון, לידה ופריון",,חבילת הריון ולידה כוללת (מכבי שלי),"כלל מבוטחי השב""ן בקופות החולים (לפי תוכנית והקופה)","סעיף 11 — חבילת הריון ולידה כוללת: 75% עד ₪2,358.97 להריון (עד 4 הריונות; ₪4,717.95 להריון מרובה; מקסימום מצטבר ₪9,435.90). כוללת: ייעוץ רופא מומחה עד ₪824.82 (סעיף 11.3), משאבת הנ","החזר/הטבה לחבילת הריון ולידה כוללת (מכבי שלי) בין 471 ל-9,436 ₪","זהב · PROG09 · אין מידע — מומלץ לבדוק

פלטינום · PROG10 · אין מידע — מומלץ לבדוק","כסף · PROG14 · אין מידע — מומלץ לבדוק

זהב · PROG15 · אין מידע — מומלץ לבדוק

שלי · PROG16 · סעיף 11 — חבילת הריון ולידה כוללת: 75% עד ₪2,358.97 להריון (עד 4 הריונות; ₪4,717.95 להריון מרובה; מקסימום מצטבר ₪9,435.90). כוללת: ייעוץ רופא מומחה עד ₪824.82 (סעיף 11.3), משאבת הנקה בהנחה נוספת 10% מעל זהב ב""מכביפארם"" (סעיף 11.4), דולה עד ₪1,767.47 (סעיף 11.5.1), ייעוץ שינה/אחות/פעילות גופנית ותזונה עד ₪471.32 לייעוץ (סעיף 11.5.2). תקופת המתנה 6 חודשים.","עדיף · PROG19 · אין מידע — מומלץ לבדוק

שיא · PROG20 · אין מידע — מומלץ לבדוק","כסף · PROG24 · אין מידע — מומלץ לבדוק

זהב · PROG25 · אין מידע — מומלץ לבדוק",מכבי שלי,
616,"הריון, לידה ופריון",,ייעוץ הנקה מוסמך (IBCLC),"כלל מבוטחי השב""ן בקופות החולים (לפי תוכנית והקופה)","הטבת שב""ן בנושא ייעוץ הנקה מוסמך (IBCLC)",החזר/הטבה לייעוץ הנקה מוסמך (IBCLC) בין 50 ל-245 ₪,"זהב · PROG09 · מכוסה — פרק ה' סעיף 17: ייעוץ והדרכה בנושא הנקה לאמהות אחרי לידה; במכוני הסדר: השתתפות עצמית ₪150 לפגישה ראשונה ו-₪50 לפגישה שנייה; שלא בהסדר: החזר ₪56 למפגש עד 5 מפגשים. (הסעיף אינו מפרש IBCLC ספציפית — מומלץ לאמת עם כללית אם נדרש תואר IBCLC.)

פלטינום · PROG10 · ככל מושלם זהב + פלטינום אינו מוסיף כיסוי נוסף לייעוץ הנקה (לא מופיע בפרק ח' פלטינום).","כסף · PROG14 · אין מידע — מומלץ לבדוק

זהב · PROG15 · אין מידע — מומלץ לבדוק

שלי · PROG16 · אין מידע — מומלץ לבדוק","עדיף · PROG19 · מכוסה — סעיף 32 (ייעוץ הנקה): שיפוי 75% עד ₪123 לפגישה ראשונה, ₪74 לפגישה שנייה; עד 2 פגישות לכל תקופת החברות; יועצת מוסמכת בלבד (לא מדריכת הנקה); תקופת המתנה 6 חודשים.

שיא · PROG20 · מכוסה — סעיף 39 (מאוחדת שיא, משופר חלופי): השתתפות עצמית ₪187 לפגישה ראשונה, ₪87 לשנייה, עד 2 פגישות לתקופת היריון; בישוב ללא הסכם — שיפוי 75% עד ₪245/₪98; יועצת מוסמכת בלבד.","כסף · PROG24 · פרק ט""ו ס' 6 — ייעוץ הנקה ע""י יועצת הנקה מוסמכת בעלת תואר IBCLC. החזר 80% עד ₪129 למפגש. זכאות עד שני מפגשים בכל תקופת ההסכם.

זהב · PROG25 · פרק ט""ו ס' 6 — ייעוץ הנקה ע""י יועצת הנקה מוסמכת בעלת תואר IBCLC. החזר 80% עד ₪193 למפגש. זכאות עד שני מפגשים בכל תקופת ההסכם.",טעון השוואה פרטנית,
617,"הריון, לידה ופריון",,ייעוץ שינה לתינוק בחבילת הריון (PROG25 בלבד),"כלל מבוטחי השב""ן בקופות החולים (לפי תוכנית והקופה)","פרק ט""ו ס' 7.1.2 — ייעוץ שינה לתינוק נכלל בחבילת הריון ולידה של לאומית זהב בלבד. החזר 75% עד תקרה של ₪466 לשירות זה (בתוך תקרה כוללת ₪2,348 להריון). זכאות עד 4 הריונות בתקופת ההסכם","החזר/הטבה לייעוץ שינה לתינוק בחבילת הריון (PROG25 בלבד) בין 466 ל-2,365 ₪","זהב · PROG09 · אין מידע — מומלץ לבדוק

פלטינום · PROG10 · אין מידע — מומלץ לבדוק","כסף · PROG14 · אין מידע — מומלץ לבדוק

זהב · PROG15 · אין מידע — מומלץ לבדוק

שלי · PROG16 · סעיף 11.5.2 — ייעוץ שינה לתינוק כלול בחבילת הריון ולידה של מכבי שלי: עד ₪471.32 לייעוץ. נכלל במסגרת תקרת החבילה (₪2,358.97 להריון). תקופת המתנה 6 חודשים.","עדיף · PROG19 · לא מכוסה כשירות עצמאי — לא מצוין בתקנון עדיף.

שיא · PROG20 · מכוסה — סעיף 30.2.2 (חבילת היריון ולידה): ייעוץ שינה לתינוק נכלל בשירותים המכוסים; תקרת החזר ₪498 לייעוץ; במסגרת תקרת החבילה הכוללת ₪2,365 להיריון.","כסף · PROG24 · אין מידע — מומלץ לבדוק

זהב · PROG25 · פרק ט""ו ס' 7.1.2 — ייעוץ שינה לתינוק נכלל בחבילת הריון ולידה של לאומית זהב בלבד. החזר 75% עד תקרה של ₪466 לשירות זה (בתוך תקרה כוללת ₪2,348 להריון). זכאות עד 4 הריונות בתקופת ההסכם.",לאומית זהב,
618,"הריון, לידה ופריון",,ייעוץ תזונה ופעילות גופנית בבית לאחר לידה (PROG25 בלבד),"כלל מבוטחי השב""ן בקופות החולים (לפי תוכנית והקופה)","פרק ט""ו ס' 7.1.2 — ייעוץ אישי בבית היולדת לפעילות גופנית ו/או תזונה נכונה ע""י תזונאית מוסמכת נכלל בחבילת הריון ולידה של לאומית זהב בלבד. החזר 75% עד תקרה של ₪466 לשירות זה (בתוך תק","החזר/הטבה לייעוץ תזונה ופעילות גופנית בבית לאחר לידה (PROG25 בלבד) בין 466 ל-2,359 ₪","זהב · PROG09 · אין מידע — מומלץ לבדוק

פלטינום · PROG10 · אין מידע — מומלץ לבדוק","כסף · PROG14 · אין מידע — מומלץ לבדוק

זהב · PROG15 · אין מידע — מומלץ לבדוק

שלי · PROG16 · סעיף 11.5.2 — ייעוץ תזונה ופעילות גופנית לאחר לידה כלול בחבילת הריון ולידה של מכבי שלי: עד ₪471.32 לייעוץ. נכלל במסגרת תקרת החבילה (₪2,358.97 להריון). תקופת המתנה 6 חודשים.","עדיף · PROG19 · לא מכוסה כשירות עצמאי — לא מצוין בתקנון עדיף.

שיא · PROG20 · מכוסה — סעיף 30.2.2 (חבילת היריון ולידה): ייעוץ אישי בבית היולדת לפעילות גופנית ו/או תזונה נכונה ע""י תזונאית מוסמכת; תקרת החזר ₪498 לייעוץ; בתוך 6 חודשים מלידה.","כסף · PROG24 · אין מידע — מומלץ לבדוק

זהב · PROG25 · פרק ט""ו ס' 7.1.2 — ייעוץ אישי בבית היולדת לפעילות גופנית ו/או תזונה נכונה ע""י תזונאית מוסמכת נכלל בחבילת הריון ולידה של לאומית זהב בלבד. החזר 75% עד תקרה של ₪466 לשירות זה (בתוך תקרה כוללת ₪2,348 להריון).",לאומית זהב,
619,"הריון, לידה ופריון",,מטרניטי יוניט — מכשיר להקלת כאבי היריון ולידה (השאלה),"כלל מבוטחי השב""ן בקופות החולים (לפי תוכנית והקופה)","הטבת שב""ן בנושא מטרניטי יוניט — מכשיר להקלת כאבי היריון ולידה (השאלה)",החזר/הטבה למטרניטי יוניט — מכשיר להקלת כאבי היריון ולידה (השאלה) בין 73 ל-149 ₪,"זהב · PROG09 · מכוסה — נספח א' (אביזרים בהשאלה): ""מטרניטי יוניט"" להקלת כאבי היריון ולידה; תקופת אכשרה: אין; השתתפות עצמית ₪149 לחודש; השאלה באמצעות כללית מושלם.

פלטינום · PROG10 · ככל מושלם זהב + פלטינום אינו מוסיף כיסוי נוסף למטרניטי יוניט (לא מופיע בפרק ח' פלטינום).","כסף · PROG14 · סעיף 18.1 — מוניטור עוברי באמצעות הטלפון: השתתפות עצמית ₪73.14 לשבוע (ניתן בבית החבר ע""י מטפל מהרשימה בהסכם, כאשר אין הצדקה רפואית לטיפול קליני). אין אזכור ספציפי למטרניטי יוניט / מכשיר TENS.

זהב · PROG15 · סעיף 20.1 — מוניטור עוברי באמצעות הטלפון: השתתפות עצמית ₪73.14 לשבוע (ניתן בבית החברה ע""י מטפל מהרשימה בהסכם, כאשר אין הצדקה רפואית לטיפול קליני). אין אזכור ספציפי למטרניטי יוניט / מכשיר TENS.

שלי · PROG16 · אין מידע — מומלץ לבדוק","עדיף · PROG19 · מכוסה חלקית — נספח ה' (אביזרים): טנס ללידה — הנחה 45%; זכאות אחת לשנה; רכישה דרך בית מרקחת פנימי. השאלת מכשיר — אין מידע — מומלץ לבדוק.

שיא · PROG20 · מכוסה חלקית — נספח ה' חל גם על שיא; טנס ללידה 45%; זכאות אחת לשנה. השאלה — אין מידע — מומלץ לבדוק.","כסף · PROG24 · אין מידע — מומלץ לבדוק

זהב · PROG25 · אין מידע — מומלץ לבדוק",טעון השוואה פרטנית,
620,"הריון, לידה ופריון",,מיון תאי זרע במיקרוסקופ X6000 (IMSI),"כלל מבוטחי השב""ן בקופות החולים (לפי תוכנית והקופה)","הטבת שב""ן בנושא מיון תאי זרע במיקרוסקופ X6000 (IMSI)","החזר/הטבה למיון תאי זרע במיקרוסקופ X6000 (IMSI) בין 1,427 ל-2,284 ₪","זהב · PROG09 · אין מידע — מומלץ לבדוק

פלטינום · PROG10 · אין מידע — מומלץ לבדוק","כסף · PROG14 · אין מידע — מומלץ לבדוק

זהב · PROG15 · אין מידע — מומלץ לבדוק

שלי · PROG16 · אין מידע — מומלץ לבדוק","עדיף · PROG19 · אין מידע — מומלץ לבדוק

שיא · PROG20 · אין מידע — מומלץ לבדוק","כסף · PROG24 · פרק י""ב ס' 6 — מיון תאי זרע בהגדלה 6,000X לשם ביצוע מיקרומניפולציה. השתתפות עצמית ₪2,284 לטיפול. זכאות עד 2 טיפולים בשנה. ההשתתפות העצמית אינה צמודה למדד.

זהב · PROG25 · פרק י""ב ס' 6 — מיון תאי זרע בהגדלה 6,000X לשם ביצוע מיקרומניפולציה. השתתפות עצמית ₪1,427 לטיפול. זכאות עד 2 טיפולים בשנה. ההשתתפות העצמית אינה צמודה למדד.",טעון השוואה פרטנית,
621,"הריון, לידה ופריון",,משאבת הנקה ידנית/חשמלית ואביזרי הנקה,"כלל מבוטחי השב""ן בקופות החולים (לפי תוכנית והקופה)","הטבת שב""ן בנושא משאבת הנקה ידנית/חשמלית ואביזרי הנקה",החזר/הטבה למשאבת הנקה ידנית/חשמלית ואביזרי הנקה בין 53 ל-529 ₪,"זהב · PROG09 · אין מידע — מומלץ לבדוק

פלטינום · PROG10 · אין מידע — מומלץ לבדוק","כסף · PROG14 · אין מידע — מומלץ לבדוק

זהב · PROG15 · נספח ב' סעיף 12 — משאבת הנקה חשמלית: השתתפות עצמית ₪327.6–₪529.12; משאבת הנקה ידנית: ₪127.11–₪201.52; אביזרים למשאבה: ₪37.2–₪52.71; עזרי הנקה (כרית הנקה וכד'): ₪15.5–₪37.2; קונכיות (breast shells): ₪69.24. זכאות: אחת לשנה.

שלי · PROG16 · סעיף 11.4 — הנחה 10% נוספת מעל הנחת מכבי זהב ב""מכביפארם"". לא נכלל בתקרת החבילה הכוללת.","עדיף · PROG19 · מכוסה — נספח ה' (אביזרים רפואיים): משאבת הנקה ידנית — הנחה 56%/59%/60%, אחת לשנה; חשמלית — 45%/50%/72%, אחת לשנה; רפידות/פדים — 43%–54%; דיאפרגמה למשאבות הנקה — 41%; שקיות לאחסון חלב — 25%–37%; מגן פטמה — קיים; קונכיות (שסתמים) — 39%; כולם בבית מרקחת פנימי.

שיא · PROG20 · מכוסה — נספח ה' חל גם על שיא בתנאים זהים; ידנית 56%–60%, חשמלית 45%–72%; אביזרים נלווים כמו שקיות למשאבת פרגון ו-KANGURO — בבית מרקחת פנימי.","כסף · PROG24 · אין מידע — מומלץ לבדוק

זהב · PROG25 · אין מידע — מומלץ לבדוק",טעון השוואה פרטנית,
622,"הריון, לידה ופריון",,משאבת חלב חשמלית וביטוי חלב (ציוד הנקה),"כלל מבוטחי השב""ן בקופות החולים (לפי תוכנית והקופה)","מכוסה — נספח ה': משאבת הנקה חשמלית — הנחה 45%/50%/72%, זכאות אחת לשנה; שקיות לאחסון חלב — הנחה 25%–37%; אביזרים חליפיים למשאבות הנקה — קיים; מגן פטמה — קיים; דרך בית מרקחת פנימי.",החזר/הטבה למשאבת חלב חשמלית וביטוי חלב (ציוד הנקה) בין 53 ל-529 ₪,"זהב · PROG09 · מכוסה (הנחה בלבד) — נספח א' (מוצרים נוספים בהנחה): משאבת חלב חשמלית דו צד AMEDA, משאבת חלב ידנית AMEDA, מגן פטמה 20מ""מ ו-24מ""מ (לנסינו), שקיות לאחסון חלב אם (לנסינו), פניני חום-קור — זמינים בהנחה; אין כיסוי/החזר כספי ייעודי — הטבה היא הנחת קנייה בלבד.

פלטינום · PROG10 · ככל מושלם זהב + פלטינום אינו מוסיף כיסוי נוסף לציוד הנקה (לא מופיע בפרק ח' פלטינום).","כסף · PROG14 · אין מידע — מומלץ לבדוק

זהב · PROG15 · נספח ב' סעיף 12 — משאבת הנקה חשמלית: השתתפות עצמית ₪327.6–₪529.12; משאבת הנקה ידנית: ₪127.11–₪201.52; אביזרים למשאבה: ₪37.2–₪52.71. זכאות: אחת לשנה.

שלי · PROG16 · סעיף 11.4 — הנחה 10% נוספת מעל הנחת מכבי זהב ב""מכביפארם"". לא נכלל בתקרת החבילה הכוללת.","עדיף · PROG19 · מכוסה — נספח ה': משאבת הנקה חשמלית — הנחה 45%/50%/72%, זכאות אחת לשנה; שקיות לאחסון חלב — הנחה 25%–37%; אביזרים חליפיים למשאבות הנקה — קיים; מגן פטמה — קיים; דרך בית מרקחת פנימי.

שיא · PROG20 · מכוסה — נספח ה' חל על שיא; תנאים זהים לעדיף; בנוסף שקיות למשאבת פרגון ו-KANGURO מפורטות בנספח.","כסף · PROG24 · אין מידע — מומלץ לבדוק

זהב · PROG25 · אין מידע — מומלץ לבדוק",מאוחדת עדיף,
623,"הריון, לידה ופריון",,סקירת מערכות מוקדמת ומאוחרת מורחבת,"כלל מבוטחי השב""ן בקופות החולים (לפי תוכנית והקופה)","הטבת שב""ן בנושא סקירת מערכות מוקדמת ומאוחרת מורחבת",החזר/הטבה לסקירת מערכות מוקדמת ומאוחרת מורחבת בין 57 ל-616 ₪,"זהב · PROG09 · מכוסה חלקית — פרק ה' סעיף 13.1: סקירת מערכות אחת לכל היריון; כיסוי 50% עד ₪616 (שלא בהסדר) או השתתפות עצמית ₪114 (במכון הסדר); הזכאות לסקירה אחת בלבד — לא מפורשת כסקירה מוקדמת נפרדת וסקירה מאוחרת נפרדת.

פלטינום · PROG10 · ככל מושלם זהב + פלטינום מוסיף: סקירת מערכות במכון הסדר בהשתתפות עצמית של ₪57 בלבד (במקום ₪114 בזהב) — פרק ח' סעיף 1 בתקנון פלטינום; פעם אחת לכל היריון.","כסף · PROG14 · אין מידע — מומלץ לבדוק

זהב · PROG15 · סעיף 29.3 — שתי סקירות מערכות בכל היריון: סקירה מוקדמת (שליש ראשון) וסקירה מאוחרת מורחבת (שליש שני/שלישי). בהסכם: השתתפות עצמית ₪157.54 לסקירה מוקדמת. מחוץ להסכם: החזר 50% עד ₪388.17 לסקירה. ללא תקופת המתנה.

שלי · PROG16 · אין מידע — מומלץ לבדוק","עדיף · PROG19 · מכוסה — סעיף 13.2.1–13.2.2: (1) סקירת מערכות מורחבת בשליש השני (שבועות 20–25) — פעם אחת בהיריון, השתתפות עצמית ₪171; (2) סקירת מערכות מוקדמת בטרימסטר הראשון — ₪171; ניצול אחת מבטל את הזכות לאחרת; בהמלצת רופא נשים הקופה.

שיא · PROG20 · מכוסה — סעיף 17.1 (מתווסף לעדיף): מבוטחת שיא זכאית לסקירת מערכות מוקדמת מעבר לזכאות הסל, פעם אחת בהיריון, השתתפות עצמית ₪171; זכאות זו מתווספת בתום תקופת ההמתנה לזכאות עדיף (סעיף 13.2); סקירה מאוחרת מורחבת — בתנאי עדיף (₪171).","כסף · PROG24 · אין מידע — מומלץ לבדוק

זהב · PROG25 · אין מידע — מומלץ לבדוק",טעון השוואה פרטנית,
624,"הריון, לידה ופריון",,סקירת מערכות עוברית מורחבת (שליש שני) וסקירה מוקדמת (שליש ראשון),"כלל מבוטחי השב""ן בקופות החולים (לפי תוכנית והקופה)","הטבת שב""ן בנושא סקירת מערכות עוברית מורחבת (שליש שני) וסקירה מוקדמת (שליש ראשון)",החזר/הטבה לסקירת מערכות עוברית מורחבת (שליש שני) וסקירה מוקדמת (שליש ראשון) בין 57 ל-616 ₪,"זהב · PROG09 · מכוסה חלקית — פרק ה' סעיף 13.1: סקירת מערכות אחת לכל היריון; כיסוי 50% עד ₪616 (שלא בהסדר) או השתתפות עצמית ₪114 (במכון הסדר); הזכאות לסקירה אחת — לא מפורשות שתי סקירות (מוקדמת+מאוחרת) בנפרד.

פלטינום · PROG10 · ככל מושלם זהב + פלטינום מוסיף: השתתפות עצמית מופחתת ₪57 (במקום ₪114) לסקירת מערכות במכון הסדר — פרק ח' סעיף 1 בתקנון פלטינום; פעם אחת לכל היריון.","כסף · PROG14 · אין מידע — מומלץ לבדוק

זהב · PROG15 · סעיף 29.3 — שתי סקירות מערכות בכל היריון: סקירה מוקדמת (שליש ראשון) וסקירה מאוחרת מורחבת (שליש שני). בהסכם: השתתפות עצמית ₪157.54 לסקירה מוקדמת. מחוץ להסכם: החזר 50% עד ₪388.17 לסקירה. ללא תקופת המתנה.

שלי · PROG16 · אין מידע — מומלץ לבדוק","עדיף · PROG19 · מכוסה — סעיף 13.2: סקירה מורחבת שליש שני (שבועות 20–25) — ₪171 השתתפות עצמית; סקירה מוקדמת שליש ראשון — ₪171; מיצוי אחת מבטל את השנייה; פעם אחת לכל היריון; במרפאות ומכונים בהסכם.

שיא · PROG20 · מכוסה — סעיף 17.1 מוסיף לעדיף: שיא זכאית לסקירה מוקדמת נוספת מעבר לסל (₪171); בתוספת זכויות עדיף (סעיף 13.2 — ₪171 לסקירה מורחבת שליש שני); שתי הזכויות מתווספות.","כסף · PROG24 · אין מידע — מומלץ לבדוק

זהב · PROG25 · אין מידע — מומלץ לבדוק",טעון השוואה פרטנית,
625,"הריון, לידה ופריון",,שאיבת זרע לצורך IVF,"כלל מבוטחי השב""ן בקופות החולים (לפי תוכנית והקופה)","הטבת שב""ן בנושא שאיבת זרע לצורך IVF","החזר/הטבה לשאיבת זרע לצורך IVF בין 1,432 ל-2,258 ₪","זהב · PROG09 · אין מידע — מומלץ לבדוק

פלטינום · PROG10 · אין מידע — מומלץ לבדוק","כסף · PROG14 · אין מידע — מומלץ לבדוק

זהב · PROG15 · אין מידע — מומלץ לבדוק

שלי · PROG16 · אין מידע — מומלץ לבדוק","עדיף · PROG19 · מכוסה — סעיף 2.4.1–2.4.2: בדיקות וטיפולים לאבחון הפרעות פריון כולל הזרעה מלאכותית, טיפולים כירורגיים ו-IVF (כולל מיקרומניפולציה) ניתנים בבתי חולים ציבוריים ללא השתתפות עצמית; בביה""ח פרטי בהסכם — השתתפות עצמית עד 15% מהעלות; לפי אישור יועץ-על.

שיא · PROG20 · מכוסה — סעיף 16.4.1–16.4.2: תנאים זהים לעדיף; בדיקות זרע שגרתיות ומיקרוסקוף אלקטרוני (באישור אגף רפואי), בדיקת יצירת זרעונים — כלולים; ביה""ח ציבורי ללא השתתפות עצמית; פרטי בהסכם — עד 15%.","כסף · PROG24 · פרק י""ב ס' 4 — שאיבת זרע בשיטות המקובלות (MESA/TESA/PESA) כחלק בלתי נפרד מהליך IVF. השתתפות עצמית ₪2,258 לניסיון טיפולי. מותנה בכך שהעמית נמצא בהליכי IVF פעיל.

זהב · PROG25 · פרק י""ב ס' 4 — שאיבת זרע בשיטות המקובלות (MESA/TESA/PESA) כחלק בלתי נפרד מהליך IVF. השתתפות עצמית ₪1,432 לניסיון טיפולי. מותנה בכך שהעמית נמצא בהליכי IVF פעיל.",טעון השוואה פרטנית,
626,"הריון, לידה ופריון",,שמירת דם טבורי בחבילת הריון (PROG25 בלבד),"כלל מבוטחי השב""ן בקופות החולים (לפי תוכנית והקופה)","פרק ט""ו ס' 7.1.2 — שמירת דם טבורי נכלל בחבילת הריון ולידה של לאומית זהב בלבד. החזר 75% עד תקרה של ₪466 לשירות זה (בתוך תקרה כוללת ₪2,348 להריון). זכאות עד 4 הריונות בתקופת ההסכם.","החזר/הטבה לשמירת דם טבורי בחבילת הריון (PROG25 בלבד) בין 466 ל-3,310 ₪","זהב · PROG09 · אין מידע — מומלץ לבדוק

פלטינום · PROG10 · אין מידע — מומלץ לבדוק","כסף · PROG14 · אין מידע — מומלץ לבדוק

זהב · PROG15 · אין מידע — מומלץ לבדוק

שלי · PROG16 · סעיף 13 — שימור דם חבל הטבור: 15 שנים, אצל ספק בהסכם, השתתפות עצמית ₪3,129.03. תקופת המתנה 6 חודשים.","עדיף · PROG19 · לא מכוסה — שימור דם חבל הטבור אינו מצוין בתקנון עדיף.

שיא · PROG20 · מכוסה — סעיף 18 (דם חבל הטבור): הקופה תשתתף בהוצאות לקיחה, אחזקה ושימור דם חבל הטבור; השתתפות עצמית לא תעלה על 50% מהתעריף הרגיל, עד תקרה כוללת של ₪3,310 לכל תקופת הביטוח (עד 15 שנה); באמצעות ספק בהסכם.","כסף · PROG24 · אין מידע — מומלץ לבדוק

זהב · PROG25 · פרק ט""ו ס' 7.1.2 — שמירת דם טבורי נכלל בחבילת הריון ולידה של לאומית זהב בלבד. החזר 75% עד תקרה של ₪466 לשירות זה (בתוך תקרה כוללת ₪2,348 להריון). זכאות עד 4 הריונות בתקופת ההסכם.",לאומית זהב,
627,"הריון, לידה ופריון",,הפריה חוץ גופית לילד שלישי ואילך,"כלל מבוטחי השב""ן בקופות החולים (לפי תוכנית והקופה)","הטבת שב""ן בנושא הפריה חוץ גופית לילד שלישי ואילך","החזר/הטבה להפריה חוץ גופית לילד שלישי ואילך בין 531 ל-14,100 ₪","זהב · PROG09 · אין מידע — מומלץ לבדוק

פלטינום · PROG10 · אין מידע — מומלץ לבדוק","כסף · PROG14 · מכבי כסף — סעיף 10: כיסוי IVF לילד ראשון ושני בלבד. ילד שלישי ואילך — אין כיסוי בסעיף זה.

זהב · PROG15 · מכבי זהב — סעיף 12.2: כיסוי IVF לילד שלישי ואילך (עד 7 טיפולים לכל ילד) — לחברה שיש לה כבר 2 ילדים מנישואיה הנוכחיים. בבית חולים בהסכם: השתתפות עצמית ₪1,966.32 לשלב א'+ב', ₪562.34 לשלב ג'. בבית חולים שאינו בהסכם: תקרת החזר ₪8,282.69 לשלב א'+ב', ₪2,588.37 לשלב ג'. תקופת המתנה 24 חודשים.

שלי · PROG16 · אין מידע — מומלץ לבדוק","עדיף · PROG19 · אין מידע — מומלץ לבדוק

שיא · PROG20 · אין מידע — מומלץ לבדוק","כסף · PROG24 · פרק י""ב — הפריה חוץ גופית לילד שלישי ואילך: 4 ניסיונות; שלב א' ה.ע. ₪531 לניסיון; שלב ב' ה.ע. ₪1,125 לניסיון; החזרת עוברים מוקפאים ה.ע. ₪702; שאיבת זרע ה.ע. ₪2,258; השגת תרומת ביציות — עד 2 תרומות בתקופת הסכם, החזר 80% עד ₪14,100; טיפול מיון תאי זרע — עד 2 טיפולים בשנה ה.ע. ₪2,284.

זהב · PROG25 · פרק י""ב — הפריה חוץ גופית לילד שלישי ואילך: 7 ניסיונות; שלב א' ה.ע. ₪531 לניסיון; שלב ב' ה.ע. ₪1,125 לניסיון; החזרת עוברים מוקפאים ה.ע. ₪702; שאיבת זרע ה.ע. ₪1,432; השגת תרומת ביציות — עד 2 תרומות בתקופת הסכם, החזר 80% עד ₪14,100; טיפול מיון תאי זרע — עד 2 טיפולים בשנה ה.ע. ₪1,427.",טעון השוואה פרטנית,
628,"הריון, לידה ופריון",,סנסור לניטור רציף של סוכר (CGM) לנשים עם סוכרת הריונית,"כלל מבוטחי השב""ן בקופות החולים (לפי תוכנית והקופה)","הטבת שב""ן בנושא סנסור לניטור רציף של סוכר (CGM) לנשים עם סוכרת הריונית",החזר/הטבה לסנסור לניטור רציף של סוכר (CGM) לנשים עם סוכרת הריונית עד 128 ₪,"זהב · PROG09 · אין מידע — מומלץ לבדוק

פלטינום · PROG10 · אין מידע — מומלץ לבדוק","כסף · PROG14 · אין מידע — מומלץ לבדוק

זהב · PROG15 · מכוסה — סנסור לניטור רציף של סוכר (CGM) לנשים עם סוכרת הריונית שאינן זכאיות בסל הבריאות הבסיסי; השתתפות עצמית ₪128; לכל הריון; רכישה אצל ספקים בהסכם עם מכבי; בכפוף להפניה רפואית (נספח ב' סעיף 5 — אביזרים רפואיים).

שלי · PROG16 · אין מידע — מומלץ לבדוק","עדיף · PROG19 · אין מידע — מומלץ לבדוק

שיא · PROG20 · אין מידע — מומלץ לבדוק","כסף · PROG24 · אין מידע — מומלץ לבדוק

זהב · PROG25 · אין מידע — מומלץ לבדוק",טעון השוואה פרטנית,
629,"הריון, לידה ופריון",,סקירת מערכות עוברית — השתתפות עצמית,"כלל מבוטחי השב""ן בקופות החולים (לפי תוכנית והקופה)","הטבת שב""ן בנושא סקירת מערכות עוברית — השתתפות עצמית",החזר/הטבה לסקירת מערכות עוברית — השתתפות עצמית בין 57 ל-869 ₪,"זהב · PROG09 · מסלול הסדר: השתתפות עצמית ₪114 לסקירה, פעם אחת לכל היריון; מסלול החזר: 50% מהוצאה בפועל, עד ₪616 לסקירה (פרק ה׳, סעיף 13.1 — תקנון כללית מושלם זהב)

פלטינום · PROG10 · פלטינום מפחית את ההשתתפות העצמית לסקירת מערכות ל-₪57 בלבד במקום ₪114 (תקנון פלטינום פרק ח׳ סעיף 1; ynet 9.4.2013)","כסף · PROG14 · אין מידע — מומלץ לבדוק

זהב · PROG15 · שתי סקירות בהריון (מוקדמת ומאוחרת מורחבת): אצל ספק בהסכם — ₪157.54 לסקירה מוקדמת. שלא בהסכם — החזר 50% עד ₪388.17 לסקירה מוקדמת. ייעוץ כלול (מכבי זהב סעיף 29.3).

שלי · PROG16 · אין מידע — מומלץ לבדוק","עדיף · PROG19 · אין מידע — מומלץ לבדוק

שיא · PROG20 · אין מידע — מומלץ לבדוק","כסף · PROG24 · עד 1 סקירה בהריון; בהסדר: ₪579, לא בהסדר: ₪434 (לאומית כסף, פרק ט""ו סעיף 1) | מאוחרת: בהסדר: ₪550, לא בהסדר: ₪507 (לאומית כסף, פרק ט""ו סעיף 2)

זהב · PROG25 · עד 2 סקירות בהריון; בהסדר: ₪117, לא בהסדר: ₪651 (לאומית זהב, פרק ט""ו סעיף 1) | מאוחרת: בהסדר: ₪288, לא בהסדר: ₪869 (לאומית זהב, פרק ט""ו סעיף 2)",טעון השוואה פרטנית,
630,"הריון, לידה ופריון",,בדיקת מי שפיר CMA — תעריפי השתתפות עצמית,"כלל מבוטחי השב""ן בקופות החולים (לפי תוכנית והקופה)","לנשים עד גיל 32 שאינן זכאיות לסל: בית חולים בהסכם — ₪937.97 לעובר (עד ₪1,875.95 להריון מרובה). שלא בהסכם: החזר 80% עד תקרה ₪1,650.95 (מכבי זהב סעיף 29.1).","החזר/הטבה לבדיקת מי שפיר CMA — תעריפי השתתפות עצמית בין 455 ל-2,780 ₪","זהב · PROG09 · אין מידע — מומלץ לבדוק

פלטינום · PROG10 · אין מידע — מומלץ לבדוק","כסף · PROG14 · אין מידע — מומלץ לבדוק

זהב · PROG15 · לנשים עד גיל 32 שאינן זכאיות לסל: בית חולים בהסכם — ₪937.97 לעובר (עד ₪1,875.95 להריון מרובה). שלא בהסכם: החזר 80% עד תקרה ₪1,650.95 (מכבי זהב סעיף 29.1).

שלי · PROG16 · הנחה 50% מהשתתפות עצמית של מכבי זהב — כלומר ₪468.99 בהסכם, ₪825.48 שלא בהסכם (מכבי שלי סעיף 12).","עדיף · PROG19 · אין מידע — מומלץ לבדוק

שיא · PROG20 · אין מידע — מומלץ לבדוק","כסף · PROG24 · בהסדר: ₪717, לא בהסדר: ₪1,433 (לאומית כסף, פרק ט""ו סעיף 3)

זהב · PROG25 · בהסדר: ₪455, לא בהסדר: ₪2,780 (לאומית זהב, פרק ט""ו סעיף 3)",מכבי זהב,
631,"הריון, לידה ופריון",,בדיקת סיסי שיליה (CVS) — תעריפי השתתפות עצמית,"כלל מבוטחי השב""ן בקופות החולים (לפי תוכנית והקופה)","הטבת שב""ן בנושא בדיקת סיסי שיליה (CVS) — תעריפי השתתפות עצמית","החזר/הטבה לבדיקת סיסי שיליה (CVS) — תעריפי השתתפות עצמית בין 285 ל-1,737 ₪","זהב · PROG09 · מסלול החזר: 75% מהוצאה בפועל, עד ₪1,440 לדיקור; מסלול הסדר: השתתפות עצמית ₪800 לדיקור; פעם אחת לכל היריון (פרק ה׳, סעיף 13.2 — תקנון כללית מושלם זהב)

פלטינום · PROG10 · פלטינום מפחית השתתפות עצמית לדיקור ל-₪285 בלבד (ynet 9.4.2013; תקנון פלטינום)","כסף · PROG14 · אין מידע — מומלץ לבדוק

זהב · PROG15 · החזר מרבי ₪1,660.88 (לא יותר מהוצאה בפועל), תחליף להחזר מי שפיר, כולל ייעוץ. לפי המלצת רופא כשאין זכאות בסל (מכבי זהב סעיף 29.2).

שלי · PROG16 · אין מידע — מומלץ לבדוק","עדיף · PROG19 · אין מידע — מומלץ לבדוק

שיא · PROG20 · אין מידע — מומלץ לבדוק","כסף · PROG24 · בהסדר: ₪724, לא בהסדר: ₪869 (לאומית כסף, פרק ט""ו סעיף 4)

זהב · PROG25 · בהסדר: ₪434, לא בהסדר: ₪1,737 (לאומית זהב, פרק ט""ו סעיף 4)",כללית מושלם זהב,
632,"הריון, לידה ופריון",,בדיקת שקיפות עורפית — השתתפות עצמית,"כלל מבוטחי השב""ן בקופות החולים (לפי תוכנית והקופה)","הטבת שב""ן בנושא בדיקת שקיפות עורפית — השתתפות עצמית",החזר/הטבה לבדיקת שקיפות עורפית — השתתפות עצמית בין 110 ל-643 ₪,"זהב · PROG09 · השתתפות עצמית ₪220 לבדיקה, פעם אחת לכל היריון, במכוני הסדר (תקנון כללית מושלם זהב; ynet 9.4.2013)

פלטינום · PROG10 · פלטינום: השתתפות עצמית מופחתת ל-₪110 בלבד (ynet 9.4.2013)","כסף · PROG14 · אין מידע — מומלץ לבדוק

זהב · PROG15 · אין מידע — מומלץ לבדוק

שלי · PROG16 · אין מידע — מומלץ לבדוק","שיא · PROG20 · בדיקת שקיפות עורפית במרפאה פרטית — 75% החזר מההוצאה, עד ₪643 לבדיקה. (מאוחדת שיא, סעיף 28)

עדיף · PROG19 · אין מידע — מומלץ לבדוק","כסף · PROG24 · החזר 80% עד ₪143 (לאומית כסף, פרק ט""ו סעיף 5)

זהב · PROG25 · החזר 80% עד ₪434 (לאומית זהב, פרק ט""ו סעיף 5)",טעון השוואה פרטנית,
633,"הריון, לידה ופריון",,קורס הכנה ללידה — השתתפות עצמית,"כלל מבוטחי השב""ן בקופות החולים (לפי תוכנית והקופה)","הטבת שב""ן בנושא קורס הכנה ללידה — השתתפות עצמית",החזר/הטבה לקורס הכנה ללידה — השתתפות עצמית בין 288 ל-600 ₪,"זהב · PROG09 · אין מידע — מומלץ לבדוק

פלטינום · PROG10 · אין מידע — מומלץ לבדוק","כסף · PROG14 · אין מידע — מומלץ לבדוק

זהב · PROG15 · אין מידע — מומלץ לבדוק

שלי · PROG16 · אין מידע — מומלץ לבדוק","עדיף · PROG19 · אין מידע — מומלץ לבדוק

שיא · PROG20 · קורס הרזיה או קורס הכנה ללידה — 50% הנחה ממחיר הקורס, או החזר עד ₪600 לקורס, עד 2 קורסים בשנה. (מאוחדת שיא, סעיף 12)","כסף · PROG24 · החזר 80% עד ₪288, חד-פעמי בתקופת ההסכם (לאומית כסף, פרק ט""ו סעיף 6)

זהב · PROG25 · החזר 80% עד ₪360, חד-פעמי בתקופת ההסכם (לאומית זהב, פרק ט""ו סעיף 6)",טעון השוואה פרטנית,
634,"הריון, לידה ופריון",,ייעוץ הנקה — תעריפי ביקור,"כלל מבוטחי השב""ן בקופות החולים (לפי תוכנית והקופה)","הטבת שב""ן בנושא ייעוץ הנקה — תעריפי ביקור",החזר/הטבה לייעוץ הנקה — תעריפי ביקור בין 72 ל-254 ₪,"זהב · PROG09 · אין מידע — מומלץ לבדוק

פלטינום · PROG10 · אין מידע — מומלץ לבדוק","כסף · PROG14 · אין מידע — מומלץ לבדוק

זהב · PROG15 · אין מידע — מומלץ לבדוק

שלי · PROG16 · 2 ביקורים לכל לידה. ראשון: ₪175.74; המשך: ₪94.22. ביישוב מרוחק: 70% עד ₪253.86 ראשון / ₪71.73 חוזר. אצל ספקים בהסכם (מכבי שלי סעיף 16).","עדיף · PROG19 · ייעוץ הנקה — ביקור ראשון ₪123 ה""ע, ביקור שני ₪74 ה""ע. (מאוחדת עדיף, סעיף 39)

שיא · PROG20 · ייעוץ הנקה — ביקור ראשון ₪187 ה""ע, ביקור שני ₪87 ה""ע. (מאוחדת שיא, סעיף 39)","כסף · PROG24 · החזר 80% עד ₪129 לייעוץ, עד 2 ייעוצים בתקופת ההסכם (לאומית כסף, פרק ט""ו סעיף 6.1)

זהב · PROG25 · החזר 80% עד ₪193 לייעוץ, עד 2 ייעוצים בתקופת ההסכם (לאומית זהב, פרק ט""ו סעיף 6.1)",טעון השוואה פרטנית,
635,"הריון, לידה ופריון",,חבילת הריון ולידה — כיסוי מקיף,"כלל מבוטחי השב""ן בקופות החולים (לפי תוכנית והקופה)","הטבת שב""ן בנושא חבילת הריון ולידה — כיסוי מקיף","החזר/הטבה לחבילת הריון ולידה — כיסוי מקיף בין 200 ל-9,448 ₪","זהב · PROG09 · אין מידע — מומלץ לבדוק (סל ההיריון הכספי הוא הטבת פלטינום בלבד)

פלטינום · PROG10 · סל כספי של ₪2,255–₪2,000 להיריון (עד ₪4,000 בהריון מרובה עוברים), עד 4 הריונות, סה""כ עד ₪8,000 לכל תקופת הביטוח; ניתן לממש על בדיקות, ייעוצים והבראה בתוך 6 חודשים מהלידה; החזר 75% מהוצאה בפועל (YouTube כללית 20.1.2025; clalitmushlam.org.il; ארנפלד ביטוח)","כסף · PROG14 · אין מידע — מומלץ לבדוק

זהב · PROG15 · אין מידע — מומלץ לבדוק

שלי · PROG16 · החזר 75% מההוצאה, עד ₪2,358.97 לכל הריון (עד 4 הריונות). הריון מרובה: עד ₪4,717.95. כולל: ייעוץ מומחה ₪824.82, דולה ₪1,767.47, ייעוץ שינה/אחות/תזונה/פעילות ₪471.32 לייעוץ (מכבי שלי סעיף 11.2–11.5).","עדיף · PROG19 · אין מידע — מומלץ לבדוק

שיא · PROG20 · חבילת הריון ולידה — 75% החזר עד ₪2,365 להריון (עד 4 הריונות); דולה — עד ₪1,868; שירותים לאחר לידה ₪498 לכל שירות; החלמה מילד ראשון–שלישי ₪498 ללילה או ₪200 ה""ע; מילד רביעי — 3 לילות נוספים. (מאוחדת שיא, סעיף 30)","כסף · PROG24 · אין מידע — מומלץ לבדוק

זהב · PROG25 · 75% מהוצאה ממשית עד ₪2,348 להריון, עד 4 הריונות (תקרה כוללת ₪9,448). כולל: דולה עד ₪1,750, שימור דם טבורי, ייעוץ שינה לתינוק, אחות פרטית בבית יולדת, ייעוץ תזונה/פעילות עד ₪466 לשירות, קורס הכנה עד ₪500, ייעוץ רופא עד ₪816, הבראה ליולדת עד ₪465 ליום (לאומית זהב, פרק ט""ו סעיף 7)",טעון השוואה פרטנית,
636,"הריון, לידה ופריון",,הבראה ליולדת — תנאים ותעריפים,"כלל מבוטחי השב""ן בקופות החולים (לפי תוכנית והקופה)","הטבת שב""ן בנושא הבראה ליולדת — תנאים ותעריפים",החזר/הטבה להבראה ליולדת — תנאים ותעריפים בין 310 ל-471 ₪,"זהב · PROG09 · החזר 75% מהוצאה בפועל, עד ₪400 ליום, לתקופה מרבית של 3 ימים, מלידת הילד הרביעי; מלידה חמישית 4 ימים, שישית 5 ימים וכן הלאה ללא הגבלה (כיכר השבת 15.5.2023; פרק ה׳ סעיף 20 תקנון זהב) | אין זכאות להבראה ליולדת מלידה ראשונה (רק מלידה רביעית)

פלטינום · PROG10 · פלטינום: זכאות להבראה כבר מלידת הילד הראשון — 3 ימים, החזר 75% עד ₪395 ללילה (במסגרת הזכאות הרגילה בפלטינום); בסל לידה — עד ₪437 ללילה לשלושה ימים נוספים עד חודשיים מהלידה; ניתן לממש בכל בית מלון/צימר בארץ (chaimvchessed.com; כיכר השבת 15.5.2023) | החזר 75% מהוצאה בפועל, עד ₪395 ללילה, ל-3 ימי הבראה לאחר לידת הילד הראשון/שני/שלישי; ניתן לממש עד חודש מהלידה בכל בית מלון/צימר (chaimvchessed.com; תקנון פלטינום)","כסף · PROG14 · אין מידע — מומלץ לבדוק

זהב · PROG15 · 75% מההוצאה, עד ₪437.62 ללילה, עד 3 לילות לאחר לידת ילד רביעי. ייום הבראה נוסף לכל לידה מהחמישית. שהייה רציפה בבית הבראה/מלון רשום, תוך חודשיים מהלידה. תקופת המתנה 3 חודשים (מכבי זהב סעיף 30.1).

שלי · PROG16 · החזר 75% מהוצאות הבראה, עד ₪471.32 ללילה, 3 לילות לאחר לידת ילד ראשון–שלישי. 3 לילות נוספים לילד רביעי ומעלה (מכבי שלי סעיף 11.6).","עדיף · PROG19 · אין מידע — מומלץ לבדוק

שיא · PROG20 · אין מידע — מומלץ לבדוק","כסף · PROG24 · מילד שלישי ואילך: החזר 80% עד ₪310 ליום; 3 ימים ללידה רגילה, 5 ימים ללידה קיסרית (לאומית כסף, פרק ט""ז)

זהב · PROG25 · מילד ראשון: החזר 80% עד ₪427 ליום; 3 ימים ללידה רגילה, 5 ימים קיסרית + יום נוסף לכל ילד מהחמישי ומעלה (לאומית זהב, פרק ט""ז)",טעון השוואה פרטנית,
637,"הריון, לידה ופריון",,שימור דם חבל הטבור — השתתפות עצמית,"כלל מבוטחי השב""ן בקופות החולים (לפי תוכנית והקופה)","שימור דם חבל הטבור — 50% השתתפות עצמית, עד תקרה ₪3,310 סה""כ (לתקופה עד 15 שנים). (מאוחדת שיא, סעיף 18)","החזר/הטבה לשימור דם חבל הטבור — השתתפות עצמית בין 3,129 ל-3,310 ₪","זהב · PROG09 · אין מידע — מומלץ לבדוק

פלטינום · PROG10 · אין מידע — מומלץ לבדוק","כסף · PROG14 · אין מידע — מומלץ לבדוק

זהב · PROG15 · אין מידע — מומלץ לבדוק

שלי · PROG16 · השתתפות עצמית ₪3,129.03 לשמירה ל-15 שנים אצל ספק בהסכם (מכבי שלי סעיף 13).","עדיף · PROG19 · אין מידע — מומלץ לבדוק

שיא · PROG20 · שימור דם חבל הטבור — 50% השתתפות עצמית, עד תקרה ₪3,310 סה""כ (לתקופה עד 15 שנים). (מאוחדת שיא, סעיף 18)","כסף · PROG24 · אין מידע — מומלץ לבדוק

זהב · PROG25 · אין מידע — מומלץ לבדוק",מאוחדת שיא,
638,"הריון, לידה ופריון",,שימור פוריות לא-רפואי לנשים,"כלל מבוטחי השב""ן בקופות החולים (לפי תוכנית והקופה)","שמירת פיריון לנשים מטעמים שאינם רפואיים, גיל 30–41 — ₪3,500 השתתפות עצמית למחזור שאיבה, עד 6 שאיבות ו/או עד 30 ביציות. שנתיים אחסון נוספות ב-15% ה""ע. (מאוחדת שיא, סעיף 16.9)","החזר/הטבה לשימור פוריות לא-רפואי לנשים עד 3,500 ₪","זהב · PROG09 · אין מידע — מומלץ לבדוק

פלטינום · PROG10 · אין מידע — מומלץ לבדוק","כסף · PROG14 · אין מידע — מומלץ לבדוק

זהב · PROG15 · אין מידע — מומלץ לבדוק

שלי · PROG16 · נשים גיל 31–39. ₪3,500 לכל מחזור (שאיבה). עד 3 שאיבות או 25 ביציות. אצל ספקים בהסכם (מכבי שלי סעיף 14).","עדיף · PROG19 · אין מידע — מומלץ לבדוק

שיא · PROG20 · שמירת פיריון לנשים מטעמים שאינם רפואיים, גיל 30–41 — ₪3,500 השתתפות עצמית למחזור שאיבה, עד 6 שאיבות ו/או עד 30 ביציות. שנתיים אחסון נוספות ב-15% ה""ע. (מאוחדת שיא, סעיף 16.9)","כסף · PROG24 · אין מידע — מומלץ לבדוק

זהב · PROG25 · אין מידע — מומלץ לבדוק",מאוחדת שיא,
639,"הריון, לידה ופריון",,תרומת ביצית — השתתפות עצמית,"כלל מבוטחי השב""ן בקופות החולים (לפי תוכנית והקופה)","הטבת שב""ן בנושא תרומת ביצית — השתתפות עצמית","החזר/הטבה לתרומת ביצית — השתתפות עצמית בין 14,100 ל-28,624 ₪","זהב · PROG09 · אין מידע — מומלץ לבדוק

פלטינום · PROG10 · אין מידע — מומלץ לבדוק","כסף · PROG14 · אין מידע — מומלץ לבדוק

זהב · PROG15 · 75% מההוצאה בפועל לביצוע ההפריה (כולל בדיקת תורמת, כנתה, השגת ביצית, החזרה לרחם): עד ₪14,312.04 לתרומה אחת, תקרה כוללת ₪28,624.08 (עד 2 תרומות). גיל עד 54. עד שני ילדים ראשון ושני (מכבי זהב סעיף 12.6ב). תקופת המתנה 24 חודשים.

שלי · PROG16 · אין מידע — מומלץ לבדוק","שיא · PROG20 · אין מידע — מומלץ לבדוק

עדיף · PROG19 · אין מידע — מומלץ לבדוק","כסף · PROG24 · החזר 80% עד ₪14,100 לתרומה, עד 2 תרומות בתקופת ההסכם (לאומית כסף, פרק י""ב)

זהב · PROG25 · החזר 80% עד ₪14,100 לתרומה, עד 2 תרומות בתקופת ההסכם (לאומית זהב, פרק י""ב)",טעון השוואה פרטנית,
640,"הריון, לידה ופריון",,IVF לשני ילדים ראשונים — השתתפות עצמית,"כלל מבוטחי השב""ן בקופות החולים (לפי תוכנית והקופה)","הטבת שב""ן בנושא IVF לשני ילדים ראשונים — השתתפות עצמית",החזר/הטבה לIVF לשני ילדים ראשונים — השתתפות עצמית בין 395 ל-702 ₪,"זהב · PROG09 · אין מידע — מומלץ לבדוק

פלטינום · PROG10 · אין מידע — מומלץ לבדוק","כסף · PROG14 · אין מידע — מומלץ לבדוק

זהב · PROG15 · אין מידע — מומלץ לבדוק

שלי · PROG16 · אין מידע — מומלץ לבדוק","עדיף · PROG19 · אין מידע — מומלץ לבדוק

שיא · PROG20 · אין מידע — מומלץ לבדוק","כסף · PROG24 · עד 6 ניסיונות: שלב א' ₪395, שלב ב' ₪702; החזרת עוברים מוקפאים: ₪524 לטיפול (לאומית כסף, פרק י""ב)

זהב · PROG25 · עד 12 ניסיונות: שלב א' ₪395, שלב ב' ₪698; החזרת עוברים מוקפאים: ₪524 לטיפול (לאומית זהב, פרק י""ב)",טעון השוואה פרטנית,
641,"הריון, לידה ופריון",,IVF לילד שלישי ואילך — השתתפות עצמית,"כלל מבוטחי השב""ן בקופות החולים (לפי תוכנית והקופה)","הטבת שב""ן בנושא IVF לילד שלישי ואילך — השתתפות עצמית","החזר/הטבה לIVF לילד שלישי ואילך — השתתפות עצמית בין 524 ל-8,283 ₪","זהב · PROG09 · אין מידע — מומלץ לבדוק

פלטינום · PROG10 · אין מידע — מומלץ לבדוק","כסף · PROG14 · אין מידע — מומלץ לבדוק

זהב · PROG15 · לחברה שאינה זכאית לפי החוק כי יש לה 2 ילדים ומנישואיה הנוכחיים — זכאות ל-7 טיפולים לכל ילד נוסף: בבית חולים בהסכם: שלבים א'+ב' — ₪1,966.32 לניסיון; שלב ג' — ₪562.34 לניסיון. שלא בהסכם: שלבים א'+ב' — עד ₪8,282.69 (מינימום ₪1,966.97); שלב ג' — עד ₪2,588.37 (מינימום ₪562.34). תקופת המתנה 24 חודשים (מכבי זהב סעיף 12.2).

שלי · PROG16 · אין מידע — מומלץ לבדוק","עדיף · PROG19 · אין מידע — מומלץ לבדוק

שיא · PROG20 · אין מידע — מומלץ לבדוק","כסף · PROG24 · עד 4 ניסיונות: שלב א' ₪531, שלב ב' ₪1,125; החזרת עוברים מוקפאים: ₪524 לטיפול (לאומית כסף, פרק י""ב)

זהב · PROG25 · עד 7 ניסיונות: שלב א' ₪531, שלב ב' ₪1,125; החזרת עוברים מוקפאים: ₪698 לטיפול (לאומית זהב, פרק י""ב)",טעון השוואה פרטנית,
642,"הריון, לידה ופריון",,הקפאת עוברים — עלות אחסון,"כלל מבוטחי השב""ן בקופות החולים (לפי תוכנית והקופה)","שנה ראשונה להקפאת עוברים — ללא השתתפות עצמית (חינם). שנתיים נוספות — 50% השתתפות עצמית ממחיר ספק. (מאוחדת עדיף, סעיף 2.7.2)",,"זהב · PROG09 · אין מידע — מומלץ לבדוק

פלטינום · PROG10 · אין מידע — מומלץ לבדוק","כסף · PROG14 · אין מידע — מומלץ לבדוק

זהב · PROG15 · אין מידע — מומלץ לבדוק

שלי · PROG16 · אין מידע — מומלץ לבדוק","עדיף · PROG19 · שנה ראשונה להקפאת עוברים — ללא השתתפות עצמית (חינם). שנתיים נוספות — 50% השתתפות עצמית ממחיר ספק. (מאוחדת עדיף, סעיף 2.7.2)

שיא · PROG20 · שנה ראשונה להקפאת עוברים — ללא השתתפות עצמית (חינם). שנתיים נוספות — 15% השתתפות עצמית ממחיר ספק. (מאוחדת שיא, סעיף 16.7)","כסף · PROG24 · אין מידע — מומלץ לבדוק

זהב · PROG25 · אין מידע — מומלץ לבדוק",מאוחדת עדיף,
643,"הריון, לידה ופריון",,בדיקות גנטיות לשלילת מומים מולדים,"כלל מבוטחי השב""ן בקופות החולים (לפי תוכנית והקופה)","הטבת שב""ן בנושא בדיקות גנטיות לשלילת מומים מולדים",החזר/הטבה לבדיקות גנטיות לשלילת מומים מולדים בין 94 ל-870 ₪,"זהב · PROG09 · אין מידע — מומלץ לבדוק

פלטינום · PROG10 · אין מידע — מומלץ לבדוק","כסף · PROG14 · אין מידע — מומלץ לבדוק

זהב · PROG15 · אין מידע — מומלץ לבדוק

שלי · PROG16 · אין מידע — מומלץ לבדוק","עדיף · PROG19 · אין מידע — מומלץ לבדוק

שיא · PROG20 · אין מידע — מומלץ לבדוק","כסף · PROG24 · מכון הסדר: ₪172; מכון דור ישרים: החזר 80% עד ₪217 (לאומית כסף, פרק י""ג)

זהב · PROG25 · מכון הסדר: ₪94; לא בהסדר: החזר 80% עד ₪870; דור ישרים: החזר 80% עד ₪798 (לאומית זהב, פרק י""ג)",טעון השוואה פרטנית,
644,"הריון, לידה ופריון",,משגיחת טיפולי פוריות (IVF) — תעריף,"כלל מבוטחי השב""ן בקופות החולים (לפי תוכנית והקופה)","הטבת שב""ן בנושא משגיחת טיפולי פוריות (IVF) — תעריף",החזר/הטבה למשגיחת טיפולי פוריות (IVF) — תעריף בין 125 ל-144 ₪,"זהב · PROG09 · אין מידע — מומלץ לבדוק

פלטינום · PROG10 · אין מידע — מומלץ לבדוק","כסף · PROG14 · אין מידע — מומלץ לבדוק

זהב · PROG15 · החזר ₪143.82 ליום השגחה, עד 3 ימים לכל ניסיון טיפולי, אצל ספק בהסכם. לזוג בתהליך IVF, לרבות בן זוג. תקופת המתנה 12 חודשים (מכבי זהב סעיף 12.5.1).

שלי · PROG16 · אין מידע — מומלץ לבדוק","עדיף · PROG19 · אין מידע — מומלץ לבדוק

שיא · PROG20 · משגיחת פוריון לטיפולים במכון בהסכם — ₪125 ה""ע ליום, עד 3 ימים לכל ניסיון הפריה. (מאוחדת שיא, סעיף 38)","כסף · PROG24 · אין מידע — מומלץ לבדוק

זהב · PROG25 · אין מידע — מומלץ לבדוק",טעון השוואה פרטנית,
645,"הריון, לידה ופריון",,מוניטור ביתי לאישה בהריון — השתתפות עצמית,"כלל מבוטחי השב""ן בקופות החולים (לפי תוכנית והקופה)","הטבת שב""ן בנושא מוניטור ביתי לאישה בהריון — השתתפות עצמית",החזר/הטבה למוניטור ביתי לאישה בהריון — השתתפות עצמית עד 65 ₪,"זהב · PROG09 · אין מידע — מומלץ לבדוק

פלטינום · PROG10 · אין מידע — מומלץ לבדוק","כסף · PROG14 · אין מידע — מומלץ לבדוק

זהב · PROG15 · אין מידע — מומלץ לבדוק

שלי · PROG16 · אין מידע — מומלץ לבדוק","עדיף · PROG19 · אין מידע — מומלץ לבדוק

שיא · PROG20 · אין מידע — מומלץ לבדוק","כסף · PROG24 · השתתפות עצמית ₪65 לחודש (שבועות 24–38 להריון) (לאומית כסף, פרק י""ד)

זהב · PROG25 · השתתפות עצמית ₪65 לחודש (שבועות 24–38 להריון) (לאומית זהב, פרק י""ד)",טעון השוואה פרטנית,
646,"הריון, לידה ופריון",,NIPT — בדיקת גילוי מומים בעובר,"כלל מבוטחי השב""ן בקופות החולים (לפי תוכנית והקופה)","בדיקת NIPT לגילוי טריזומיות — 75% החזר מההוצאה, עד ₪5,190 לבדיקה. תקופת המתנה 12 חודשים. (מאוחדת שיא, סעיף 17)","החזר/הטבה לNIPT — בדיקת גילוי מומים בעובר עד 5,190 ₪","זהב · PROG09 · אין מידע — מומלץ לבדוק

פלטינום · PROG10 · אין מידע — מומלץ לבדוק","כסף · PROG14 · אין מידע — מומלץ לבדוק

זהב · PROG15 · אין מידע — מומלץ לבדוק

שלי · PROG16 · אין מידע — מומלץ לבדוק","עדיף · PROG19 · אין מידע — מומלץ לבדוק

שיא · PROG20 · בדיקת NIPT לגילוי טריזומיות — 75% החזר מההוצאה, עד ₪5,190 לבדיקה. תקופת המתנה 12 חודשים. (מאוחדת שיא, סעיף 17)","כסף · PROG24 · אין מידע — מומלץ לבדוק

זהב · PROG25 · אין מידע — מומלץ לבדוק",מאוחדת שיא,
647,"הריון, לידה ופריון",,שימור זרע לחולה אונקולוגי,"כלל מבוטחי השב""ן בקופות החולים (לפי תוכנית והקופה)","הטבת שב""ן בנושא שימור זרע לחולה אונקולוגי",,"זהב · PROG09 · אין מידע — מומלץ לבדוק

פלטינום · PROG10 · אין מידע — מומלץ לבדוק","כסף · PROG14 · אין מידע — מומלץ לבדוק

זהב · PROG15 · אין מידע — מומלץ לבדוק

שלי · PROG16 · אין מידע — מומלץ לבדוק","עדיף · PROG19 · אחסון זרע לחולה אונקולוגי — 5 שנות אחסון ללא תשלום מלא מצד המבוטח. לאחר מכן: אין מידע — מומלץ לבדוק. (מאוחדת עדיף, סעיף 2.7.3)

שיא · PROG20 · אין מידע — מומלץ לבדוק","כסף · PROG24 · אין מידע — מומלץ לבדוק

זהב · PROG25 · אין מידע — מומלץ לבדוק",אין מידע — מומלץ לבדוק,
648,"הריון, לידה ופריון",,שאיבת זרע לצורך IVF — השתתפות עצמית,"כלל מבוטחי השב""ן בקופות החולים (לפי תוכנית והקופה)","הטבת שב""ן בנושא שאיבת זרע לצורך IVF — השתתפות עצמית","החזר/הטבה לשאיבת זרע לצורך IVF — השתתפות עצמית בין 1,432 ל-2,258 ₪","זהב · PROG09 · אין מידע — מומלץ לבדוק

פלטינום · PROG10 · אין מידע — מומלץ לבדוק","שלי · PROG16 · אין מידע — מומלץ לבדוק

כסף · PROG14 · אין מידע — מומלץ לבדוק

זהב · PROG15 · אין מידע — מומלץ לבדוק","עדיף · PROG19 · אין מידע — מומלץ לבדוק

שיא · PROG20 · אין מידע — מומלץ לבדוק","כסף · PROG24 · השתתפות עצמית ₪2,258 (לאומית כסף, פרק י""ב)

זהב · PROG25 · השתתפות עצמית ₪1,432 (לאומית זהב, פרק י""ב)",טעון השוואה פרטנית,
649,"הריון, לידה ופריון",,מיון תאי זרע IMSI — השתתפות עצמית,"כלל מבוטחי השב""ן בקופות החולים (לפי תוכנית והקופה)","הטבת שב""ן בנושא מיון תאי זרע IMSI — השתתפות עצמית","החזר/הטבה למיון תאי זרע IMSI — השתתפות עצמית בין 1,427 ל-2,284 ₪","זהב · PROG09 · אין מידע — מומלץ לבדוק

פלטינום · PROG10 · אין מידע — מומלץ לבדוק","כסף · PROG14 · אין מידע — מומלץ לבדוק

זהב · PROG15 · אין מידע — מומלץ לבדוק

שלי · PROG16 · אין מידע — מומלץ לבדוק","עדיף · PROG19 · אין מידע — מומלץ לבדוק

שיא · PROG20 · אין מידע — מומלץ לבדוק","כסף · PROG24 · השתתפות עצמית ₪2,284 לטיפול, עד 2 טיפולים בשנה (לאומית כסף, פרק י""ב)

זהב · PROG25 · השתתפות עצמית ₪1,427 לטיפול, עד 2 טיפולים בשנה (לאומית זהב, פרק י""ב)",טעון השוואה פרטנית,
650,"הריון, לידה ופריון",,התקן תוך רחמי (IUD) — השתתפות עצמית,"כלל מבוטחי השב""ן בקופות החולים (לפי תוכנית והקופה)","הטבת שב""ן בנושא התקן תוך רחמי (IUD) — השתתפות עצמית",החזר/הטבה להתקן תוך רחמי (IUD) — השתתפות עצמית בין 74 ל-146 ₪,"זהב · PROG09 · אין מידע — מומלץ לבדוק

פלטינום · PROG10 · אין מידע — מומלץ לבדוק","כסף · PROG14 · אין מידע — מומלץ לבדוק

זהב · PROG15 · אין מידע — מומלץ לבדוק

שלי · PROG16 · אין מידע — מומלץ לבדוק","עדיף · PROG19 · אין מידע — מומלץ לבדוק

שיא · PROG20 · אין מידע — מומלץ לבדוק","כסף · PROG24 · השתתפות עצמית ₪74 (לאומית כסף, פרק כ""ד רשימה 5.2)

זהב · PROG25 · השתתפות עצמית ₪146 (לאומית זהב, פרק כ""ד רשימה 5.2)",טעון השוואה פרטנית,
651,"הריון, לידה ופריון",,סדנאות הכנה ללידה ופוסט-לידה,"כלל מבוטחי השב""ן בקופות החולים (לפי תוכנית והקופה)",הכנה ללידה: ₪179.65; עיסוי תינוקות: ₪89.83; התעמלות אחרי לידה: ₪203.23; קורס החייאה לתינוקות: ₪27.10. ביישוב מרוחק: 50% עד ₪261.27 (מכבי שלי סעיף 15).,החזר/הטבה לסדנאות הכנה ללידה ופוסט-לידה בין 90 ל-261 ₪,"זהב · PROG09 · השתתפות עצמית ₪10 למפגש בסדנאות בנושא היריון/לידה (פרק ה׳, סעיף 18); קורס הכנה ללידה: השתתפות עצמית ₪200 (פרק ה׳, סעיף 19 — תקנון כללית מושלם זהב)

פלטינום · PROG10 · אין מידע — מומלץ לבדוק","כסף · PROG14 · אין מידע — מומלץ לבדוק

זהב · PROG15 · אין מידע — מומלץ לבדוק

שלי · PROG16 · הכנה ללידה: ₪179.65; עיסוי תינוקות: ₪89.83; התעמלות אחרי לידה: ₪203.23; קורס החייאה לתינוקות: ₪27.10. ביישוב מרוחק: 50% עד ₪261.27 (מכבי שלי סעיף 15).","עדיף · PROG19 · אין מידע — מומלץ לבדוק

שיא · PROG20 · אין מידע — מומלץ לבדוק","כסף · PROG24 · אין מידע — מומלץ לבדוק

זהב · PROG25 · אין מידע — מומלץ לבדוק",מכבי שלי,
652,"הריון, לידה ופריון",,ניתוח קיסרי — כיסוי ותנאים,"כלל מבוטחי השב""ן בקופות החולים (לפי תוכנית והקופה)","הטבת שב""ן בנושא ניתוח קיסרי — כיסוי ותנאים",החזר/הטבה לניתוח קיסרי — כיסוי ותנאים בין 550 ל-644 ₪,"זהב · PROG09 · ניתוח קיסרי בבית חולים פרטי בהסדר (שערי צדק/הדסה) — כיסוי מלא; השתתפות עצמית קבועה ומפורטת ברשימת הניתוחים (פרק ג׳ — תקנון כללית מושלם זהב)

פלטינום · PROG10 · פלטינום: השתתפות עצמית החל מ-₪550 בלבד (ניתוח קיסרי בשערי צדק ובהדסה) — בלעדי לפלטינום; חבילת הבראה נוספת: 6 ימי הבראה ב-75% עד ₪644 ללילה (chaimvchessed.com)","כסף · PROG14 · אין מידע — מומלץ לבדוק

זהב · PROG15 · אין מידע — מומלץ לבדוק

שלי · PROG16 · אין מידע — מומלץ לבדוק","עדיף · PROG19 · אין מידע — מומלץ לבדוק

שיא · PROG20 · אין מידע — מומלץ לבדוק","כסף · PROG24 · אין מידע — מומלץ לבדוק

זהב · PROG25 · אין מידע — מומלץ לבדוק",כללית מושלם פלטינום,
653,"הריון, לידה ופריון",,מטרניטי יוניט — מכשיר להקלת כאבי היריון/לידה,"כלל מבוטחי השב""ן בקופות החולים (לפי תוכנית והקופה)","הטבת שב""ן בנושא מטרניטי יוניט — מכשיר להקלת כאבי היריון/לידה",החזר/הטבה למטרניטי יוניט — מכשיר להקלת כאבי היריון/לידה עד 149 ₪,"זהב · PROG09 · השאלה ב-₪149 לחודש (נספח א׳ — תקנון כללית מושלם זהב)

פלטינום · PROG10 · אין מידע — מומלץ לבדוק","כסף · PROG14 · אין מידע — מומלץ לבדוק

זהב · PROG15 · אין מידע — מומלץ לבדוק

שלי · PROG16 · אין מידע — מומלץ לבדוק","עדיף · PROG19 · אין מידע — מומלץ לבדוק

שיא · PROG20 · אין מידע — מומלץ לבדוק","כסף · PROG24 · אין מידע — מומלץ לבדוק

זהב · PROG25 · אין מידע — מומלץ לבדוק",טעון השוואה פרטנית,
654,"הריון, לידה ופריון",,מכשיר אולטרסאונד ביתי לעמיתה בהריון,"כלל מבוטחי השב""ן בקופות החולים (לפי תוכנית והקופה)","הטבת שב""ן בנושא מכשיר אולטרסאונד ביתי לעמיתה בהריון",החזר/הטבה למכשיר אולטרסאונד ביתי לעמיתה בהריון עד 350 ₪,"זהב · PROG09 · ₪350 לרכישת מכשיר אולטרסאונד ביתי לניטור עוברי (מוניטור), בבתי המרקחת/נקודות מכירה של כללית (נספח א׳ — תקנון כללית מושלם זהב)

פלטינום · PROG10 · אין מידע — מומלץ לבדוק","כסף · PROG14 · אין מידע — מומלץ לבדוק

זהב · PROG15 · אין מידע — מומלץ לבדוק

שלי · PROG16 · אין מידע — מומלץ לבדוק","עדיף · PROG19 · אין מידע — מומלץ לבדוק

שיא · PROG20 · אין מידע — מומלץ לבדוק","כסף · PROG24 · אין מידע — מומלץ לבדוק

זהב · PROG25 · אין מידע — מומלץ לבדוק",טעון השוואה פרטנית,
655,"הריון, לידה ופריון",,ערכת לידה — מארז מתנה ליולדת,"כלל מבוטחי השב""ן בקופות החולים (לפי תוכנית והקופה)","הטבת שב""ן בנושא ערכת לידה — מארז מתנה ליולדת",החזר/הטבה לערכת לידה — מארז מתנה ליולדת עד 300 ₪,"זהב · PROG09 · ערכת לידה במתנה בשווי כ-₪300 הכוללת: בקבוק לתינוק, חיתולים, קרם מניעת תפרחת, מוצץ, מד חום, מגבונים, משטח החתלה, מגזין הורים ועוד; ממומשת בניו-פארם (news1.co.il; כללית מושלם)

פלטינום · PROG10 · כנ""ל — גם מבוטחי פלטינום (שהם גם מבוטחי זהב) זכאים לערכה זו","כסף · PROG14 · אין מידע — מומלץ לבדוק

זהב · PROG15 · אין מידע — מומלץ לבדוק

שלי · PROG16 · אין מידע — מומלץ לבדוק","עדיף · PROG19 · אין מידע — מומלץ לבדוק

שיא · PROG20 · אין מידע — מומלץ לבדוק","כסף · PROG24 · אין מידע — מומלץ לבדוק

זהב · PROG25 · אין מידע — מומלץ לבדוק",טעון השוואה פרטנית,
656,ילדים והתפתחות הילד,,טיפול - סל השירותים בתחום התפתחות הילד,"כלל מבוטחי השב""ן בקופות החולים (לפי תוכנית והקופה)",1.,החזר/הטבה לטיפול - סל השירותים בתחום התפתחות הילד בין 55 ל-152 ₪,"זהב · PROG09 · השירות הרפואי בעיות התפתחות של ילדים מגיל 3-18: השתתפות בהוצאות טיפול בבעיות התפתחות של ילדים (מעבר לטיפולים המוענקים על פי חוק הבריאות).
שיעור: 75% | סכום: 120 ש""ח, 110 ש""ח, 45 ש""ח | המתנה: 6 חודשים

פלטינום · PROG10 · השירות הרפואי השתתפות בהוצאות טיפול בבעיות התפתחות של ילדים במכוני הסדר בלבד.
סכום: 45 ש""ח | המתנה: 6 חודשים","כסף · PROG14 · לא כלול במסלול זה

זהב · PROG15 · 13.
סכום: 36.1 ש""ח, 126.91 ש""ח, 45 ש""ח | המתנה: 6 חודשים

שלי · PROG16 · 28.
סכום: 45 ש""ח | המתנה: 6 חודשים","עדיף · PROG19 · 18.
סכום: 36.50 ש""ח

שיא · PROG20 · 22.
סכום: 45 ש״ח, 36.50 ש""ח | המתנה: 6 חודשים","כסף · PROG24 · 1.
שיעור: 80% | סכום: 38 ש""ח, 114 ש""ח, 90 ש""ח | המתנה: 6 חודשים

זהב · PROG25 · 1.
שיעור: 80% | סכום: 23 ש""ח, 152 ש""ח, 71 ש""ח, 55 ש""ח | המתנה: 6 חודשים",לאומית זהב,
657,ילדים והתפתחות הילד,,התפתחות הילד — אבחון וטיפול,"כלל מבוטחי השב""ן בקופות החולים (לפי תוכנית והקופה)","פרק י""ז — טיפולים בילדים והתפתחות הילד","החזר/הטבה להתפתחות הילד — אבחון וטיפול בין 55 ל-1,307 ₪","זהב · PROG09 · בעיות התפתחות של ילדים מגיל 3–18 (סעיף 22): מבוצע ע""י פיזיותרפיסט ו/או קלינאי תקשורת ו/או מרפא בעיסוק ו/או פסיכולוג ו/או עו""ס העומדים בקריטריונים שנקבעו בחוק. מסלול הסדר גילאי 3–9: גובה ההשתתפות העצמית כשל הקופה במסגרת כללית מושלם; מסלול הסדר גילאי 10–18 (ריפוי בעיסוק/קלינאי תקשורת/פיזיותרפיה): השתתפות עצמית כסעיף 2; טיפולים רגשיים/נפשיים ע""י פסיכולוג/עו""ס: השתתפות עצמית ₪110 לטיפול, במכוני הסדר בלבד. מסלול החזר: 75% מההוצאה בפועל עד ₪108 לטיפול. מכסה: עד 45 טיפולים בשנה קלנדרית לגילאי 3–9, עד 30 טיפולים לגילאי 10–18. תקופת אכשרה: 6 חודשים.

פלטינום · PROG10 · תוספת מעל 'מושלם זהב' (פרק ח'): טיפול בבעיות התפתחות לגילאי 3–18 מעבר לזכאות בסעיף 21א' לתקנון מושלם — השתתפות עצמית ₪45, עד 25 טיפולים בשנה קלנדרית, במכוני הסדר בלבד, ורק לאחר מיצוי הזכאות במושלם זהב. כולל טיפול ברכיבה/שחייה/ספורט טיפולי, תנועה, דרמה, ביבליותרפיה. סך כל טיפולי התפתחות הילד (זהב+פלטינום) לא יעלה על 70 טיפולים בשנה לגילאי 3–9, ולא יותר מ-55 לגילאי 10–18. תקופת אכשרה: 6 חודשים.","כסף · PROG14 · סעיף 11 — אבחון TOVA בלבד:
חבר זכאי לאבחון TOVA אחד בלבד במכונים שבהסכם עם ""מכבי כסף"". בגין הבדיקה ישלם החבר השתתפות עצמית שלא תעלה על ₪508.01.
תקופת המתנה: ללא תקופת המתנה.
(אין כיסוי לטיפולים בהתפתחות הילד מעבר לאבחון TOVA; אין כיסוי לטיפולי ריפוי בדיבור/עיסוק/פיזיותרפיה/רכיבה טיפולית וכד' במסגרת ""מכבי כסף"".)

זהב · PROG15 · סעיף 13 — התפתחות הילד:
13.1 חבר בגיל 3–10 שנים שמיצה את זכאותו מסל הבריאות, זכאי לטיפולים נוספים בריפוי בדיבור, ריפוי בעיסוק, פיזיותרפיה, פסיכולוגיה או עבודה סוציאלית, בהשתתפות עצמית של ₪36.1 לטיפול, אצל מטפל במכון שבהסכם עם מכבי בלבד. במסלול החזר: ₪126.91 לטיפול פחות ₪36.1 השתתפות עצמית.
13.2 חבר בגיל 3–10 (וכן גיל 10–12 המאובחן ADHD/ADD, וגיל 10–18 המוגדר סומאטי או אוטיסט) זכאי לטיפולים בתחומים: רכיבה טיפולית, טיפולים ביצירה והבעה, טיפולים באמצעות בעלי חיים, ספורט טיפולי ופעילות טיפולית במים (להוציא טיפולים הניתנים ע""י פיזיותרפיסט), אצל מטפלים בהסכם, בהשתתפות עצמית של ₪45 לטיפול.
13.3 סך הטיפולים הכולל (סעיפים 13.1 ו-13.2 יחד) לא יעלה על 30 טיפולים בשנה קלנדרית, ולא יותר מ-100 טיפולים בכל תקופת חברות.
13.8 אבחוני קשב מסוג TOVA או BRC (אחד בלבד) — השתתפות עצמית שלא תעלה על ₪508.01. ללא תקופת המתנה.
תקופת המתנה לסעיפים 13.1–13.7: 6 חודשים.

שלי · PROG16 · סעיף 28 — טיפולים בהתפתחות הילד (מהות הכיסוי ביחס ל""מכבי זהב"": חדש/מתווסף בהתאם למפורט):
28.1 מבוטח ""מכבי שלי"" הזכאי לטיפולים בהתפתחות הילד ממכבי או המאובחן כבעל הפרעת קשב וריכוז (ADHD ו-ADD) זכאי לטיפולים בתחומים: רכיבה טיפולית, טיפולים ביצירה והבעה, טיפולים באמצעות בעלי חיים, ספורט טיפולי ופעילות טיפולית במים (להוציא טיפולים הניתנים ע""י פיזיותרפיסט).
28.1.1 גיל: 3 שנים עד 18 שנים.
28.2.1 ילד בגיל 3–10 הזכאי לטיפולים ממכבי ו/או מ""מכבי זהב"", ילד בגיל 6–12 המאובחן ADHD/ADD, וילד בגיל 3–18 המוגדר סומאטי או אוטיסט — זכאי במסגרת ""מכבי שלי"" למכסה של 20 טיפולים לשנה (50 טיפולים לשנה כולל טיפולי ""מכבי זהב""), בהשתתפות עצמית ₪45 לטיפול.
28.2.2 ילד בגיל 10–18 שהיה זכאי לטיפולים על פי החוק, וילד בגיל 12–18 המאובחן ADHD/ADD — זכאי במסגרת ""מכבי שלי"" בלבד למכסה של 50 טיפולים לשנה, בהשתתפות עצמית ₪45 לטיפול.
סעיף 27 — אבחון הפרעות קשב וריכוז (TOVA/BRC/Moxo/NeuroTrax): השתתפות עצמית ₪27.10; מימוש חד פעמי לכל תקופת החברות. מבוטח שמיצה זכאות ב""מכבי שלי"" יוכל למצות זכאות לאבחון נוסף (מסוג שונה) מ""מכבי זהב"" אף הוא.
תקופת המתנה: 6 חודשים.","עדיף · PROG19 · סעיף ב'.18 — התפתחות הילד
תקופת המתנה: 6 חודשים מיום ההצטרפות לתוכנית.
ילדים המבוטחים ב'מאוחדת עדיף', אשר הינם זכאים לטיפול מכוח חוק ביטוח בריאות ממלכתי ונמצא אצלם צורך שהוכר ע'י הגורם המקצועי בקופה בטיפול בתחום התפתחות הילד ע'י צוות רב מקצועי — מעבר למכסת הטיפולים אשר הוגדרו בחוק ביטוח בריאות ממלכתי, יהיו זכאים:
18.1 ילדים בגיל 3–6 שנים:
18.1.1 יהיו זכאים לקבל עד 36 טיפולים בשנה (בכל תחומי הטיפול יחד) בנוסף למכסת הטיפולים מכוח חוק ביטוח בריאות ממלכתי.
18.1.2 הטיפול יינתן במסגרת אחד ממכוני הקופה או מכון חיצוני הקשור עם הקופה בהסכם; המבוטח ישלם השתתפות עצמית בגובה 36.5 ש""ח לטיפול.
18.2 ילדים מעל גיל 6 ועד גיל 9 יהיו זכאים לקבל עד 18 טיפולים בשנה (בכל התחומים יחד) בנוסף למכסת הטיפולים מכוח חוק ביטוח בריאות ממלכתי; תנאי אספקת השירות כמפורט בסעיף 18.1.2.
18.3 הקופה אינה נושאת באחריות מקצועית או בחובת שיפוי בגין טיפול שלא אושר מראש ע'י הסמכות המקצועית בקופה.

סעיף ב'.19 — טיפול בליקויי דיבור (קלינאי תקשורת):
תקופת המתנה: 6 חודשים.
19.1 קורס טיפול בגמגום — מבוטח עד גיל 18 שנה זכאי להשתתפות קופה בעלות קורס אחד מעבר לזכאות על פי חוק; השתתפות הקופה 50% מעלות הקורס ועד תקרה של 1,307 ש""ח.
19.2 קלינאי תקשורת — מבוטח זכאי לקורס בן 12 טיפולים של קלינאי תקשורת (כולל טיפול בגין קשיי למידה על רקע בעיה שפתית אורגנית) בהשתתפות עצמית בגובה 50% מהתעריף הנהוג בקופה.

שיא · PROG20 · סעיף ב'.27 — התפתחות הילד
תקופת המתנה: 6 חודשים מיום ההצטרפות לתוכנית.
מהות השירות ביחס לזכאות על פי 'מאוחדת עדיף': מתווסף.
ילד בן 3–9 שנים הזכאי מכוח חוק ביטוח בריאות ממלכתי לשירותים הנמנים על תחום התפתחות הילד ואשר מיצה את מכסת הטיפולים לה הוא זכאי מכוח חוק ביטוח בריאות ממלכתי ומכוח תקנון 'מאוחדת עדיף', יהיה זכאי לתוספת של עד 15 טיפולים בשנה (בכל תחומי הטיפול גם יחד) בהשתתפות עצמית של 36.5 ש""ח לטיפול.

סעיף ב'.22 — רכיבה טיפולית, טיפול במים, במוסיקה, באמנות, ספורט טיפולי וטיפול באמצעות בעלי חיים:
תקופת המתנה: 6 חודשים. מתווסף.
22.1 ילד שטרם מלאו לו 18 שנים הזקוק לטיפול כאמור, לפי קביעת הסמכות המאשרת בקופה (רופא התפתחות הילד/רופא נוירולוג), יהא זכאי לקבל עד 25 טיפולים בשנה מעבר לזכאות מתוקף 'עדיף' ובתשלום השתתפות עצמית בגובה 45 ש""ח לטיפול.
22.2 הטיפולים יינתנו אצל ספק בהסדר.
22.3 סך הטיפולים מתוקף סעיפים 22 ו-27 לא יעלה על 100 טיפולים בכל תקופות הביטוח.
22.4 סך הטיפולים בהתאם לסעיפים 22 ו-27 לא יעלה על 55 טיפולים בשנה קלנדרית אחת.","כסף · PROG24 · פרק י""ז — טיפולים בילדים והתפתחות הילד

סעיף 1 — הגדרות: ""שנה"" — תקופה המתחילה ביום הטיפול הראשון שבוצע בעמית ומסתיימת בתום השנה הקלנדרית.

סעיף 2 — המקרה המזכה: טיפול בבעיות התפתחות אשר התגלו ואובחנו על ידי רופא ממיין בקופה בתחום התפתחות הילד, אצל ילד עמית מיום לידתו ועד גיל 18, המחייבות על פי המלצת הרופא המומחה טיפול על ידי אחד מ:
2.1 פיזיותרפיסט ו/או מרפא בעיסוק ו/או קלינאי תקשורת/ריפוי בדיבור/פסיכולוג.
2.2 מטפל ברכיבה טיפולית.
2.3 מטפל ביצירה והבעה (תראפיה במוזיקה/באמנות/בדרמה/בתנועה/ביבליותרפיה).
2.4 שחיה טיפולית/ספורט טיפולי.

סעיף 3.1 — פיזיותרפיסט / מרפא בעיסוק / קלינאי תקשורת / ריפוי בדיבור / פסיכולוג:
3.1.1 העמית זכאי לכיסוי לאחר שמיצה את זכאותו על פי חוק הבריאות.
3.1.2 עמית ""לאומית כסף"" — סך כולל של 30 טיפולים בשנה (ניתן לנצל בתחום אחד או לפצל בין תחומים).
3.1.3 מכון שבהסדר: הקופה תשלם ישירות, בכפוף להשתתפות עצמית של 38 ש""ח לכל טיפול.
3.1.4 מכון שאינו בהסדר: הקופה תשפה 80% מההוצאות הממשיות, עד תקרה בגובה 114 ש""ח לטיפול.

סעיף 3.3 — מטפל בהבעה ויצירה (תראפיה במוזיקה/באמנות/בדרמה/ביבליותרפיה):
3.3.1 עמית ""לאומית כסף"" — 30 טיפולים בשנה (נכלל במכסת סעיף 3.1.2).
3.3.2 מכון שבהסדר: השתתפות עצמית 90 ש""ח לטיפול.
3.3.2.3 עד 100 טיפולים בתקופת ההסכם (עפ""י סעיפים 2.2, 2.3 ו-2.4).

סעיף 3.4 — מטפל בשחיה טיפולית / ספורט טיפולי:
3.4.1 עמית ""לאומית כסף"" — 30 טיפולים בשנה (נכלל במכסת סעיף 3.1.2).
3.4.2 מכון שבהסדר: השתתפות עצמית ₪90 לטיפול.
3.4.2.3 עד 100 טיפולים בתקופת ההסכם (עפ""י סעיפים 2.2, 2.3 ו-2.4).

לאומית כסף אינה מכסה רכיבה טיפולית (סעיף 3.2 — ייחודי ל""לאומית זהב"" בלבד).

סעיף 4 — תקופת אכשרה: 6 חודשים.

זהב · PROG25 · פרק י""ז — טיפולים בילדים והתפתחות הילד

סעיף 1 — הגדרות: ""שנה"" — תקופה המתחילה ביום הטיפול הראשון שבוצע בעמית ומסתיימת בתום השנה הקלנדרית.

סעיף 2 — המקרה המזכה: זהה לכסף (ראו PROG24), ילד עמית מיום לידתו ועד גיל 18.

סעיף 3.1 — פיזיותרפיסט / מרפא בעיסוק / קלינאי תקשורת / ריפוי בדיבור / פסיכולוג:
3.1.2 עמית ""לאומית זהב"" — סך כולל של 55 טיפולים בשנה (ניתן לנצל בתחום אחד או לפצל).
3.1.3 מכון שבהסדר: השתתפות עצמית של 23 ש""ח לכל טיפול.
3.1.4 מכון שאינו בהסדר: הקופה תשפה 80% מההוצאות הממשיות, עד תקרה בגובה 152 ש""ח לטיפול.

סעיף 3.2 — מטפל ברכיבה טיפולית (לעמיתי ""לאומית זהב"" בלבד):
3.2.1 עמית ""לאומית זהב"" — 20 טיפולי רכיבה בשנה הנכללים במסגרת מכסת 55 הטיפולים (סעיף 3.1.2), ובנוסף 10 טיפולים מעבר למכסה.
3.2.2 עמית ""לאומית זהב"" — עד 100 טיפולים (עפ""י סעיפים 2.2, 2.3 ו-2.4) בכל תקופת החברות.
3.2.3 הקופה תשפה: 80% מההוצאות הממשיות, עד תקרה בגובה ₪71 לטיפול.

סעיף 3.3 — מטפל בהבעה ויצירה:
3.3.1 עמית ""לאומית זהב"" — 55 טיפולים בשנה (נכלל במכסת סעיף 3.1.2).
3.3.2 מכון שבהסדר: השתתפות עצמית 55 ש""ח לטיפול.
3.3.2.3 עד 100 טיפולים בתקופת ההסכם (עפ""י סעיפים 2.2, 2.3 ו-2.4).

סעיף 3.4 — מטפל בשחיה טיפולית / ספורט טיפולי:
3.4.1 עמית ""לאומית זהב"" — 55 טיפולים בשנה (נכלל במכסת סעיף 3.1.2).
3.4.2 מכון שבהסדר: השתתפות עצמית ₪55 לטיפול.
3.4.2.3 עד 100 טיפולים בתקופת ההסכם.

סעיף 4 — תקופת אכשרה: 6 חודשים.",לאומית זהב,
658,ילדים והתפתחות הילד,,לקויות למידה ואבחון דידקטי,"כלל מבוטחי השב""ן בקופות החולים (לפי תוכנית והקופה)","סעיף 26 — אבחון דידקטי ופסיכו-דידקטי (מהות הכיסוי ביחס ל""מכבי זהב"": חדש):","החזר/הטבה ללקויות למידה ואבחון דידקטי בין 50 ל-1,626 ₪","זהב · PROG09 · אבחון לקויות למידה (סעיף 25): לילדים מגיל 6 עד 17 (כולל) עם קשיי למידה. לא כולל אבחונים פסיכולוגיים. האבחונים יתבצעו רק ע""י מאבחנים שאושרו ע""י כללית מושלם, במכוני הסדר בלבד. זכאות: פעם אחת בכל תקופת החברות בתכנית. נדרשת הפניה לאבחון מרופא משפחה/ילדים/נוירולוג/פסיכיאטר. אבחון הפרעות קשב וריכוז (סעיף 24): בדיקת TOVA או BRC או MOXO, במכוני הסדר בלבד, על פי דרישת נוירולוג. זכאות: שתי בדיקות בלבד לכל תקופת החברות. תקופת אכשרה: 6 חודשים.

פלטינום · PROG10 · אבחון הפרעות קשב וריכוז (פרק ח'): בדיקת MOXO/BRC/TOVA, השתתפות עצמית ₪50 לבדיקה, במכוני הסדר בלבד, על פי דרישת נוירולוג. זכאות: שתי בדיקות בלבד לכל תקופת החברות — זכאות זו מחליפה את הזכאות לפי מושלם זהב (לא יותר משתי בדיקות בשתי התכניות יחד). תקופת אכשרה: 6 חודשים. אבחון דידקטי/לקויות למידה עצמן — דרך מושלם זהב (ראו עמודה זו).","כסף · PROG14 · אין מידע — מומלץ לבדוק

זהב · PROG15 · אין סעיף ייעודי לאבחון דידקטי או פסיכו-דידקטי ללקויות למידה בתקנון ""מכבי זהב"". הזכאות הקיימת היא לאבחון קשב TOVA/BRC בלבד (סעיף 13.8) — השתתפות עצמית עד ₪508.01, ללא תקופת המתנה. אבחון דידקטי/פסיכו-דידקטי אינו מוזכר — אין מידע — מומלץ לבדוק.

שלי · PROG16 · סעיף 26 — אבחון דידקטי ופסיכו-דידקטי (מהות הכיסוי ביחס ל""מכבי זהב"": חדש):
26.1 מבוטח ""מכבי שלי"" בגיל 6 עד 18 שנים זכאי לאבחון דידקטי או אבחון פסיכו-דידקטי ללקויות למידה, בכפוף לתנאים המצטברים הבאים:
26.1.2 האבחון בוצע אצל ספק שבהסכם עם מכבי.
26.1.3 מימוש חד פעמי של אחד מהאבחונים האמורים לכל תקופת החברות.
26.2 גובה הכיסוי:
26.2.1 אבחון דידקטי — השתתפות עצמית ₪813.0.
26.2.2 אבחון פסיכו-דידקטי — השתתפות עצמית ₪1,626.0.
26.3 מבוטח ""מכבי שלי"" בגיר (מגיל 18) זכאי לבצע על חשבונו אבחון דידקטי או פסיכו-דידקטי ללקויות למידה, ויהא זכאי להחזר מ""מכבי שלי"" בגובה 30% מעלות האבחון ועד תקרה של ₪589.74, ובלבד שהאבחון יבוצע ע""י מוסד המוכר ע""י מוסדות להשכלה גבוהה בישראל ו/או לצורך קבלת רישיונות מאת מוסדות המדינה/אגודים מקצועיים ו/או לצורך לימודי תעודה. זכאות זו תינתן פעם אחת בלבד לאורך תקופת חייו הבגירים.
תקופת המתנה: 6 חודשים.","עדיף · PROG19 · סעיף ב'.28 — אבחון הפרעות קשב וריכוז
תקופת המתנה: לא נדרשת תקופת המתנה.
28.1 מבוטחים החל מגיל 5 שנים יהיו זכאים לאבחון הפרעות קשב וריכוז בשיטה ממוחשבת, בדיקות TOVA או MOXO או BRC בהשתתפות עצמית של 150 ₪ לבדיקה.
28.2 השירות יינתן בכפוף להפניה ע'י הגורם המקצועי מטעם הקופה שהינו אחד מהבאים: פסיכיאטר, נוירולוג ילדים, רופא ילדים או משפחה בעלי התמחות בהפרעות קשב וריכוז, רופא ילדים בעל ניסיון של לפחות 3 שנים בהתפתחות הילד.
28.3 הזכאות הינה לעד שתי בדיקות בכל תקופות החברות (בדיקת TOVA אחרי BRC או בדיקת BRC אחרי TOVA).
הערה: בשל החלטת חברת BRC העולמית על הקפאת השירות בארץ, המבדק לא יהיה זמין עד להודעה חדשה.

הערה: התקנון אינו כולל סעיף נפרד לאבחון דידקטי/פסיכו-דידקטי ב'מאוחדת עדיף' (להבדיל מ'מאוחדת שיא'). כיסוי לקויות למידה ב'עדיף' מוגבל לאבחון הפרעות קשב וריכוז ממוחשב כאמור לעיל.

שיא · PROG20 · סעיף ב'.31 — אבחון הפרעות קשב וריכוז
תקופת המתנה: לא נדרשת תקופת המתנה.
מהות השירות ביחס לזכאות על פי 'מאוחדת עדיף': משופר חלופי.
31.1 מבוטחים החל מגיל 5 יהיו זכאים לאבחון הפרעות קשב וריכוז, בדיקות TOVA או MOXO או BRC, בהשתתפות עצמית של 30 ₪ לבדיקה.
31.2 השירות יינתן בכפוף להפניה מטעם הגורם המקצועי בקופה: פסיכיאטר, נוירולוג ילדים, רופא ילדים או משפחה בעלי התמחות בהפרעות קשב וריכוז, רופא ילדים בעל ניסיון של לפחות 3 שנים בהתפתחות הילד.
31.3 הזכאות הינה לעד שתי בדיקות בכל תקופת החברות.
31.4 מבוטח שמימש זכאותו ב'שיא' לא יהא זכאי לבדיקה נוספת ב'עדיף', וכן להפך.
הערה: בשל החלטת חברת BRC העולמית על הקפאת השירות בארץ, המבדק לא יהיה זמין עד להודעה חדשה.

סעיף ב'.37 — אבחון דידקטי ופסיכו-דידקטי
תקופת המתנה: 6 חודשים מיום ההצטרפות לתוכנית.
37.1 מקרה מזכה: מבוטח שגילו 6 שנים עד 26 שנים יהיה זכאי לאבחון דידקטי או אבחון פסיכו-דידקטי ללקויות למידה, באמצעות ספק שבהסכם, בכפוף לתנאים המצטברים הבאים:
1. הפניה מרופא ילדים, משפחה, נוירולוג, רופא התפתחותי או פסיכיאטר.
2. האבחון בוצע אצל ספק שבהסכם עם מאוחדת.
3. מימוש חד פעמי של אחד מהאבחונים לכל תקופת החברות.
37.2 הזכאות לבצע אבחון דידקטי או פסיכודידקטי בכפוף להשתתפות עצמית:
37.2.1 אבחון דידקטי — 550 ש""ח
37.2.2 אבחון פסיכו-דידקטי — 950 ש""ח
רשימת הספקים שבהסכם תימצא במרפאות מאוחדת, באתר האינטרנט ובמוקד הלקוחות.","כסף · PROG24 · פרק י""ט — אבחון דידקטי או פסיכודידקטי ללקויות למידה ואבחון הפרעות קשב וריכוז

סעיף 1 — הגדרות:
1.1 ""אבחון דידקטי"" — אבחון לקויות למידה בשיטה מקובלת לאבחון דידקטי.
1.2 ""אבחון פסיכודידקטי"" — אבחון משולב לאבחון לקויות למידה הכולל מרכיב דידקטי ומרכיב פסיכולוגי.

סעיף 2 — אבחון דידקטי ללקויות למידה:
2.1 המקרה המזכה לעמית ""לאומית כסף"": אבחון דידקטי בסיסי, לעמית בגילאים 6–18, בעקבות הפניית הרופא המטפל, ושהעמית אינו זכאי לאבחון על פי חוק הבריאות, ואשר בוצע במכון שבהסדר.
(הערה: אבחון פסיכודידקטי — ייחודי ל""לאומית זהב"" בלבד; לאומית כסף זכאית לאבחון דידקטי בסיסי בלבד.)

2.2.1 הקופה תשלם ישירות למכון שבהסדר, בכפוף להשתתפות עצמית:
2.2.1.1 עמית ""לאומית כסף"" — השתתפות עצמית ₪941 בגין אבחון דידקטי.
2.2.2 הכיסוי הוא חד-פעמי לכל תקופת ההסכם.

סעיף 3 — אבחון הפרעות קשב וריכוז:
3.1 המקרה המזכה: אבחון הפרעות קשב וריכוז, לעמית בגילאים 6–18, בעקבות הפניית רופא פסיכיאטר מומחה ו/או נוירולוג ו/או נוירולוג ילדים, ושהעמית אינו זכאי לאבחון על פי חוק הבריאות, ואשר בוצע במכון שבהסדר.
3.2.1.1 עמית ""לאומית כסף"" — השתתפות עצמית 352 ש""ח.
3.2.2 הכיסוי הוא חד פעמי לכל תקופת ההסכם.
3.2.3 תרופות הנדרשות כחלק מטיפול בהפרעות קשב וריכוז — זכאות על פי חוק הבריאות בלבד, ללא כיסוי על פי פרק זה.

סעיף 4 — תקופת אכשרה: 6 חודשים.

זהב · PROG25 · פרק י""ט — אבחון דידקטי או פסיכודידקטי ללקויות למידה ואבחון הפרעות קשב וריכוז

סעיף 1 — הגדרות:
1.1 ""אבחון דידקטי"" — אבחון לקויות למידה בשיטה מקובלת.
1.2 ""אבחון פסיכודידקטי"" — אבחון משולב לאבחון לקויות למידה הכולל מרכיב דידקטי ומרכיב פסיכולוגי.

סעיף 2 — אבחון דידקטי או פסיכודידקטי ללקויות למידה:
2.1 המקרה המזכה לעמית ""לאומית זהב"": אבחון דידקטי בסיסי או אבחון פסיכודידקטי, לעמית בגילאים 6–18, בעקבות הפניית הרופא המטפל, ושהעמית אינו זכאי לאבחון על פי חוק הבריאות, ואשר בוצע במכון שבהסדר.

2.2.1 הקופה תשלם ישירות למכון שבהסדר, בכפוף להשתתפות עצמית:
2.2.1.2 עמית ""לאומית זהב"" — השתתפות עצמית ₪579 בגין אבחון דידקטי, או ₪1,109 בגין אבחון פסיכודידקטי.
2.2.2 הכיסוי הוא חד-פעמי לכל תקופת ההסכם. עמית ""לאומית זהב"" זכאי לאחד משני האבחונים: דידקטי או פסיכודידקטי בכל תקופת ההסכם.

סעיף 3 — אבחון הפרעות קשב וריכוז:
3.1 המקרה המזכה: אבחון הפרעות קשב וריכוז, לעמית בגילאים 6–18, בעקבות הפניית רופא פסיכיאטר מומחה ו/או נוירולוג ו/או נוירולוג ילדים, ושהעמית אינו זכאי לאבחון על פי חוק הבריאות, ואשר בוצע במכון שבהסדר.
3.2.1.2 עמית ""לאומית זהב"" — השתתפות עצמית 28 ש""ח.
3.2.2 הכיסוי הוא חד פעמי לכל תקופת ההסכם.
3.2.3 תרופות הנדרשות כחלק מטיפול בהפרעות קשב וריכוז — זכאות על פי חוק הבריאות בלבד.

סעיף 4 — תקופת אכשרה: 6 חודשים.",מכבי שלי,
659,ילדים והתפתחות הילד,,טיפול בהרטבה לילית (אנורזיס) — ילדים,"כלל מבוטחי השב""ן בקופות החולים (לפי תוכנית והקופה)",סעיף 15 — טיפול בהרטבה לילית. תקופת אכשרה: 3 חודשים מיום ההצטרפות. נדרשת קביעת רופא הקופה. הטיפול ניתן במרפאות הקופה לרפואה משלימה (כמפורט בתקנון עדיף). אם בוצע טיפול התנהגותי אצל ,"החזר/הטבה לטיפול בהרטבה לילית (אנורזיס) — ילדים בין 405 ל-1,028 ₪","זהב · PROG09 · סעיף 21: בעיות הרטבה אצל ילדים מעל גיל 5, טיפול התנהגותי במרפאה מוכרת. החזר 60% מההוצאה עד ₪504, פעם אחת בלבד. אכשרה 3 חודשים. מקור: תקנון מושלם זהב סעיף 21.

פלטינום · PROG10 · לא מופיע בפלטינום — חל הכיסוי של מושלם זהב. מקור: תקנון מושלם פלטינום.","כסף · PROG14 · טיפולים בהרטבת לילה (סעיף 12) — חבר מגיל 5 ומעלה. זכאות לסדרת טיפולים אחת בלבד לכל תקופת החברות, אצל מטפל אחד בלבד שבהסכם. סדרת טיפול כוללת: אבחון, הדרכה, קביעת שיטת טיפול, השאלת מכשור אלקטרוני, פגישות מעקב, חידוש טיפול במקרה הישנות. תקרת החזר: 50% מהעלות ועד ₪557.04 לסדרה. נדרשת הפנייה מהרופא המטפל. תקופת אכשרה: 12 חודשים. מקור: תקנון מכבי כסף.

זהב · PROG15 · טיפולים בהרטבת לילה (סעיף 14) — חבר מגיל 5 ומעלה. זכאות לסדרת טיפולים אחת בלבד לכל תקופת החברות, אצל מטפל אחד בלבד שבהסכם. סדרת טיפול כוללת: אבחון, הדרכה, קביעת שיטת טיפול, השאלת מכשור אלקטרוני, פגישות מעקב, חידוש טיפול במקרה הישנות. תקרת החזר: 50% מהעלות ועד ₪557.04 לסדרה. נדרשת הפנייה מהרופא המטפל. תקופת אכשרה: 12 חודשים. מקור: תקנון מכבי זהב.

שלי · PROG16 · אין מידע — מומלץ לבדוק. ""מכבי שלי"" אינו מציין כיסוי ייעודי לטיפול בהרטבת לילה. מקור: תקנון מכבי שלי.","שיא · PROG20 · סעיף 15 — טיפול בהרטבה לילית. תקופת אכשרה: 3 חודשים מיום ההצטרפות. נדרשת קביעת רופא הקופה. הטיפול ניתן במרפאות הקופה לרפואה משלימה (כמפורט בתקנון עדיף). אם בוצע טיפול התנהגותי אצל מטפל שאינו בהסכם עם הקופה — זכאות להחזר 85% מההוצאות עד 1,028 ש""ח לסדרה אחת של עד 4 טיפולים לכל תקופת הביטוח. הזכויות מתווספות לזכויות מסעיף 12 לתקנון עדיף (אך לא מצטברות לאותו טיפול). מקור: תקנון מאוחדת שיא.

עדיף · PROG19 · אין סעיף ייעודי לטיפול בהרטבה לילית במסלול עדיף. ייתכן וניתן לקבל טיפול דרך מרפאות הרפואה המשלימה של הקופה (סעיף 12). אין מידע — מומלץ לבדוק. מקור: תקנון מאוחדת עדיף.","כסף · PROG24 · כיסוי לסדרת טיפולים התנהגותיים לילד מעל גיל 5, אצל נותן שירות שבהסכם, על פי המלצת הרופא המטפל (פרק י""ח). הכיסוי חד-פעמי לכל תקופת ההסכם. תשלום: (א) בהתחייבות — הקופה נושאת במלוא עלות הסדרה בניכוי השתתפות עצמית של ₪579 לכל סדרת טיפולים; (ב) בהחזרים — החזר 80% עד תקרה של ₪773 לסדרה. שיטת התשלום נקבעת לפי ההסכם בין הקופה לספק. תקופת אכשרה: 3 חודשים. אישור מראש: נדרשת המלצת רופא. מקור: תקנון לאומית כסף.

זהב · PROG25 · כיסוי לסדרת טיפולים התנהגותיים לילד מעל גיל 5, אצל נותן שירות שבהסכם, על פי המלצת הרופא המטפל (פרק י""ח). הכיסוי חד-פעמי לכל תקופת ההסכם. תשלום: (א) בהתחייבות — הקופה נושאת במלוא עלות הסדרה בניכוי השתתפות עצמית של ₪405 לכל סדרת טיפולים; (ב) בהחזרים — החזר 80% עד תקרה של ₪799 לסדרה. שיטת התשלום נקבעת לפי ההסכם בין הקופה לספק. תקופת אכשרה: 3 חודשים. אישור מראש: נדרשת המלצת רופא. מקור: תקנון לאומית זהב.",מאוחדת שיא,
660,ילדים והתפתחות הילד,,אבחון הפרעות קשב וריכוז (ADHD),"כלל מבוטחי השב""ן בקופות החולים (לפי תוכנית והקופה)","הטבת שב""ן בנושא אבחון הפרעות קשב וריכוז (ADHD)",החזר/הטבה לאבחון הפרעות קשב וריכוז (ADHD) בין 50 ל-508 ₪,"זהב · PROG09 · סעיף 24: בדיקת TOVA/BRC/MOXO לאבחון קשב וריכוז, במכוני הסדר בלבד, על פי דרישת נוירולוג. השת""ע ₪220 לבדיקה, שתי בדיקות לכל תקופת החברות. אכשרה 6 חודשים. מקור: תקנון מושלם זהב סעיף 24.

פלטינום · PROG10 · בדיקת MOXO/BRC/TOVA לאבחון קשב וריכוז, במכוני הסדר, על פי דרישת נוירולוג. השת""ע ₪50 לבדיקה, שתי בדיקות לכל תקופת החברות, אכשרה 6 חודשים. הזכאות מחליפה את זו של מושלם (סה""כ עד 2 בדיקות בשתי התכניות יחד). מקור: תקנון מושלם פלטינום.","כסף · PROG14 · טיפולים בהתפתחות הילד — אבחון TOVA (סעיף 11) — חבר זכאי לאבחון TOVA אחד בלבד במכונים שבהסכם. השתתפות עצמית: עד ₪508.01. ""מכבי כסף"" לא תישא בכל השתתפות בגין בדיקה במכון שאינו בהסכם. תקופת אכשרה: ללא תקופת המתנה. נדרשת הפנייה מרופא מוסמך (נוירולוגיית ילדים, פסיכיאטרית ילדים, רופא ילדים עם ניסיון, רופא משפחה בהתמחות קשב וריכוז, נוירולוגיה/פסיכיאטריה של מבוגר). מקור: תקנון מכבי כסף.

זהב · PROG15 · אבחון קשב וריכוז (סעיף 13.8) — חבר זכאי לאבחון TOVA או BRC אחד בלבד במכונים שבהסכם. השתתפות עצמית: עד ₪508.01. נדרשת הפנייה מרופא מוסמך (נוירולוגיית ילדים, פסיכיאטרית ילדים, רופא ילדים 3 שנות ניסיון בהתפתחות, רופא ילדים/משפחה עם התמחות קשב, נוירולוג/פסיכיאטר מבוגר). תקופת אכשרה: ללא תקופת המתנה. בנוסף, ילד עם ADHD/ADD בגיל 3-10 (ובגיל 10-12): זכאי לטיפולים נוספים בתחומים: רכיבה טיפולית, טיפולים ביצירה, טיפולים בבעלי חיים, ספורט טיפולי, פעילות במים — אצל מטפלים בהסכם; השתתפות עצמית ₪45 לטיפול; מניין הטיפולים (כולל סעיף 13.1) לא יעלה על 30 בשנה קלנדרית ולא יותר מ-100 בתקופת חברות (סעיף 13.2-13.3); תקופת המתנה 6 חודשים. מקור: תקנון מכבי זהב.

שלי · PROG16 · אבחון הפרעות קשב וריכוז (סעיף 27) — זכאות לאבחון מסוג TOVA, BRC, Moxo, או NeuroTrax (אחד לבחירת המבוטח) אצל ספק שבהסכם. נדרשת הפנייה מרופא מכבי מוסמך. השתתפות עצמית: ₪27.10. זכאות חד-פעמית לכל תקופת החברות (מבוטח שמיצה זכאותו יכול לממש אבחון נוסף מסוג שונה מ""מכבי זהב""). תקופת אכשרה: 6 חודשים. בנוסף, טיפולים בהתפתחות הילד לילדים עם ADHD/ADD (סעיף 28): גיל 6-12 — מכסה של 20 טיפולים נוספים ב""מכבי שלי"" (50 כולל מכבי זהב); גיל 12-18 — 50 טיפולים ב""מכבי שלי"" בלבד. השתתפות עצמית ₪45 לטיפול. תקופת המתנה 6 חודשים. מקור: תקנון מכבי שלי.","עדיף · PROG19 · סעיף 28 — אבחון הפרעות קשב וריכוז. תקופת אכשרה: לא נדרשת. זכאות: מבוטחים מגיל 5 לאבחון הפרעות קשב וריכוז בשיטה ממוחשבת (בדיקות TOVA, MOXO, BRC). השתתפות עצמית: 150 ש""ח לבדיקה. נדרשת הפניה מגורם מקצועי בקופה (פסיכיאטר, נוירולוג ילדים, רופא ילדים/משפחה עם התמחות בהפרעות קשב וריכוז, או רופא ילדים עם ניסיון של לפחות 3 שנים בהתפתחות הילד). זכאות לעד 2 בדיקות בכל תקופות החברות. הערה: בדיקת BRC אינה זמינה עד להודעה חדשה. מקור: תקנון מאוחדת עדיף.

שיא · PROG20 · סעיף 31 — אבחון הפרעות קשב וריכוז. תקופת אכשרה: לא נדרשת. השירות משופר חלופי (מחליף את עדיף). זכאות: מבוטחים מגיל 5 לבדיקות TOVA, MOXO, BRC. השתתפות עצמית: 30 ש""ח לבדיקה (לעומת 150 ש""ח בעדיף). נדרשת הפניה מגורם מקצועי. זכאות לעד 2 בדיקות בכל תקופת החברות. מבוטח שמימש זכאות בשיא אינו זכאי לבדיקה נוספת בעדיף ולהיפך. הערה: בדיקת BRC אינה זמינה עד להודעה חדשה. מקור: תקנון מאוחדת שיא.","כסף · PROG24 · כיסוי לאבחון הפרעות קשב וריכוז לילדים בגילאים 6–18 (פרק י""ט סעיף 3), בתנאי שהאבחון בוצע בעקבות הפניית פסיכיאטר מומחה ו/או נוירולוג ו/או נוירולוג ילדים, במכון שבהסדר, ואינו זכאי לאבחון על פי חוק הבריאות. הכיסוי חד-פעמי לכל תקופת ההסכם. השתתפות עצמית: ₪352. הקופה נושאת ביתרת עלות האבחון. תקרת החזר: אין (הקופה משלמת ישירות למכון). תקופת אכשרה: 6 חודשים. אישור מראש: נדרשת הפניית רופא מומחה (פסיכיאטר/נוירולוג). מקור: תקנון לאומית כסף.

זהב · PROG25 · כיסוי לאבחון הפרעות קשב וריכוז לילדים בגילאים 6–18 (פרק י""ט סעיף 3), בתנאי שהאבחון בוצע בעקבות הפניית פסיכיאטר מומחה ו/או נוירולוג ו/או נוירולוג ילדים, במכון שבהסדר, ואינו זכאי לאבחון על פי חוק הבריאות. הכיסוי חד-פעמי לכל תקופת ההסכם. השתתפות עצמית: ₪28 בלבד (לעומת ₪352 בכסף). הקופה נושאת ביתרת עלות האבחון. תקרת החזר: אין (הקופה משלמת ישירות למכון). תקופת אכשרה: 6 חודשים. אישור מראש: נדרשת הפניית רופא מומחה (פסיכיאטר/נוירולוג). מקור: תקנון לאומית זהב.",טעון השוואה פרטנית,
661,ילדים והתפתחות הילד,,ייעוץ שינה לתינוק,"כלל מבוטחי השב""ן בקופות החולים (לפי תוכנית והקופה)","זכאות: מבוטחת שיא הנמצאת בהיריון או עד 6 חודשים לאחר לידה זכאית להחזר עבור ייעוץ שינה לתינוק. תקרת החזר: 498 ש""ח לכל ייעוץ (במסגרת סל ההיריון ולידה, יחד עם שירותים נוספים כגון אחות","החזר/הטבה לייעוץ שינה לתינוק בין 466 ל-2,365 ₪","זהב · PROG09 · אין מידע — מומלץ לבדוק. תקנון כללית מושלם זהב אינו מזכיר ייעוץ שינה לתינוק. מקור: תקנון כללית מושלם זהב.

פלטינום · PROG10 · אין מידע — מומלץ לבדוק. תקנון מושלם פלטינום אינו מזכיר ייעוץ שינה לתינוק. מקור: תקנון כללית מושלם פלטינום.","כסף · PROG14 · אין מידע — מומלץ לבדוק. מקור: תקנון מכבי כסף

זהב · PROG15 · אין מידע — מומלץ לבדוק (לא נמצא בתקנון). מקור: תקנון מכבי זהב

שלי · PROG16 · סעיף 11.5.2 — החזר עד ₪471.32 לייעוץ שינה לתינוק אצל מומחה. מקור: תקנון מכבי שלי סעיף 11.5.2","עדיף · PROG19 · אין מידע — מומלץ לבדוק. תקנון מאוחדת עדיף אינו כולל סעיף לייעוץ שינה לתינוק. מקור: תקנון מאוחדת עדיף.

שיא · PROG20 · זכאות: מבוטחת שיא הנמצאת בהיריון או עד 6 חודשים לאחר לידה זכאית להחזר עבור ייעוץ שינה לתינוק. תקרת החזר: 498 ש""ח לכל ייעוץ (במסגרת סל ההיריון ולידה, יחד עם שירותים נוספים כגון אחות פרטית בבית יולדות, ייעוץ תזונה/כושר). שיעור ההחזר: 75% מסך ההוצאה בפועל, ובכפוף לתקרה המצטברת של 2,365 ש""ח להיריון. תקופת המתנה: 6 חודשים. מקור: תקנון מאוחדת שיא, סעיף 30.2.2.","כסף · PROG24 · אין מידע — מומלץ לבדוק. תקנון לאומית כסף אינו כולל כיסוי לייעוץ שינה לתינוק. שירות זה מוזכר בתקנון רק במסגרת חבילת הריון ולידה (פרק ט""ו סעיף 7) שהינה ייחודית לעמיתות לאומית זהב.

זהב · PROG25 · כיסוי: במסגרת חבילת הריון ולידה לעמיתות זהב (פרק ט""ו סעיף 7) — שיפוי 75% מהוצאות הממשיות עד תקרה של ₪466 לייעוץ שינה לתינוק. תקרה כוללת של חבילת הריון ולידה: ₪2,348 לכל הריון (ועד 4 הריונות). השירות מכוסה עד 6 חודשים לאחר הלידה. אכשרה: 6 חודשים (לסעיף 7). אישור מראש: לא נדרש — שיפוי כנגד קבלות מקוריות. מקור: תקנון לאומית זהב, פרק ט""ו סעיף 7.",מאוחדת שיא,
662,ילדים והתפתחות הילד,,אטמי אוזניים לילדים לאחר ניתוח,"כלל מבוטחי השב""ן בקופות החולים (לפי תוכנית והקופה)","הטבת שב""ן בנושא אטמי אוזניים לילדים לאחר ניתוח",החזר/הטבה לאטמי אוזניים לילדים לאחר ניתוח בין 74 ל-220 ₪,"זהב · PROG09 · אטמי אזניים לילדים עד גיל 18 שעברו ניתוח כפתורים במכוני הסדר וזקוקים לאטמי אזניים: השתתפות עצמית ₪100; אכשרה: 6 חודשים. אין פירוט תדירות מרבית. מקור: תקנון כללית מושלם זהב (סעיף 42).

פלטינום · PROG10 · אין מידע — מומלץ לבדוק. הנושא לא מופיע בתקנון הפלטינום; ייתכן שהכיסוי מזהב נשמר — מומלץ לברר מול כללית מושלם. מקור: תקנון כללית מושלם פלטינום.","כסף · PROG14 · נספח ב' סעיף 7 — אטמי אוזניים בהתאמה אישית לאחר השתלת כפתורים בעור התוף או קרע בעור התוף: ₪88.69 לאטם אחד, ₪177.38 לשני אטמים. פעם בשנה. אישור מראש לא נדרש. מקור: תקנון מכבי כסף, נספח ב' סעיף 7.

זהב · PROG15 · נספח ב' סעיף 10 — אטמי אוזניים בהתאמה אישית לאחר השתלת כפתורים בעור התוף: ₪23.04 לאטם אחד, ₪46.07 לזוג. פעם בשנה. מקור: תקנון מכבי זהב, נספח ב' סעיף 10.

שלי · PROG16 · אין מידע על אטמי אוזניים לאחר ניתוח בתקנון מכבי שלי — מומלץ לבדוק. מקור: תקנון מכבי שלי.","עדיף · PROG19 · נספח ה' לתקנון מאוחדת עדיף: אטמי אוזניים לאחר השתלת כפתורים בתוף — השתתפות עצמית 50%, תקרת השתתפות הקופה $80. ניתן לרכוש אצל ספק בהסכם. אין הגבלת גיל מפורשת בנספח (מפורסם כסעיף כללי ברשימה). אכשרה: 3 חודשים (על פי סעיף 14 כללי). אישור מראש: כן, על פי המלצת רופא. מקור: תקנון מאוחדת עדיף, נספח ה'.

שיא · PROG20 · נספח ה' לתקנון מאוחדת שיא (זהה לנספח ה' של עדיף): אטמי אוזניים לאחר השתלת כפתורים בתוף — השתתפות עצמית 50%, תקרת השתתפות הקופה $80. ספק בהסכם. אכשרה: 3 חודשים. אישור מראש: כן. מקור: תקנון מאוחדת שיא, נספח ה'.","כסף · PROG24 · אטמי אוזניים לאחר ניתוח כפתורים — רכישה במכון שבהסדר. השתתפות עצמית: ₪220 לרכישה. הכיסוי הוא ברכישה מספק הסדר בלבד; רכישה בספק הסדר אינה מזכה בנוסף בהחזר כספי לפי סעיף 5.2. ב-5.2 מופיע בנפרד: שיפוי 80% עד ₪146 לאטמי אוזניים לאחר ניתוח כפתורים (מחוץ לספק הסדר). | הגבלת גיל: אין הגבלה מפורשת בתקנון — אין מידע — מומלץ לבדוק. | אכשרה: 3 חודשים. | אישור מראש: לא נדרש. | מקור: תקנון לאומית כסף, פרק כ""ד סעיפים 5.1 ו-5.2.

זהב · PROG25 · אטמי אוזניים לאחר ניתוח כפתורים — רכישה במכון שבהסדר. השתתפות עצמית: ₪74 לרכישה (מופחתת לעומת כסף). הכיסוי הוא ברכישה מספק הסדר בלבד; רכישה בספק הסדר אינה מזכה בנוסף בהחזר כספי. ב-5.2 מופיע בנפרד: שיפוי 80% עד ₪146 לאטמי אוזניים לאחר ניתוח כפתורים (מחוץ לספק הסדר), 1 בשנה. | הגבלת גיל: אין הגבלה מפורשת — אין מידע — מומלץ לבדוק. | אכשרה: 3 חודשים. | אישור מראש: לא נדרש. | מקור: תקנון לאומית זהב, פרק כ""ד סעיפים 5.1 ו-5.2.",טעון השוואה פרטנית,
663,ילדים והתפתחות הילד,,ביקור רופא ילדים פרטי (פעוטות),"כלל מבוטחי השב""ן בקופות החולים (לפי תוכנית והקופה)","הטבת שב""ן בנושא ביקור רופא ילדים פרטי (פעוטות)",החזר/הטבה לביקור רופא ילדים פרטי (פעוטות) עד 435 ₪,"זהב · PROG09 · אין מידע — מומלץ לבדוק. לא מופיע בתקנון כיסוי ייחודי לביקור רופא ילדים פרטי לפעוטות (עד גיל 4). מקור: תקנון כללית מושלם זהב.

פלטינום · PROG10 · אין מידע — מומלץ לבדוק. לא מופיע בתקנון כיסוי ייחודי לביקור רופא ילדים פרטי לפעוטות. מקור: תקנון כללית מושלם פלטינום.","כסף · PROG14 · אין מידע על ביקור רופא ילדים פרטי לפעוטות בתקנון מכבי כסף — מומלץ לבדוק. מקור: תקנון מכבי כסף.

זהב · PROG15 · אין מידע על ביקור רופא ילדים פרטי לפעוטות בתקנון מכבי זהב — מומלץ לבדוק. מקור: תקנון מכבי זהב.

שלי · PROG16 · אין מידע על ביקור רופא ילדים פרטי לפעוטות בתקנון מכבי שלי — מומלץ לבדוק. מקור: תקנון מכבי שלי.","עדיף · PROG19 · סעיף 25 לתקנון מאוחדת עדיף — ביקור אצל רופא ילדים פרטי: הקופה מכסה ביקור שערך מבוטח ביוזמתו אצל רופא ילדים מומחה שאינו בהסכם עם הקופה, לבדיקת ילדו עד גיל 4 שנים. השתתפות הקופה: עד ₪435 לביקור, עד 2 ביקורים בשנה לכל ילד. אכשרה: לא נדרשת. השת""ע: ההפרש מעבר לתקרת ₪435. אישור מראש: לא נדרש. מקור: תקנון מאוחדת עדיף, סעיף 25.

שיא · PROG20 · מאוחדת שיא אינה מציינת שיפור ספציפי על סעיף 25 לתקנון עדיף (ביקור רופא ילדים פרטי). הזכאות הבסיסית בתוקף: עד ₪435 לביקור, עד 2 ביקורים בשנה לכל ילד עד גיל 4. אין מידע על הרחבה נוספת בתקנון שיא — מומלץ לבדוק. אכשרה: לא נדרשת. אישור מראש: לא נדרש. מקור: תקנון מאוחדת עדיף, סעיף 25 (חל גם על מאוחדת שיא).","כסף · PROG24 · אין מידע — מומלץ לבדוק. תקנון לאומית כסף אינו מזכיר כיסוי לביקור יוזמת הורה אצל רופא ילדים מומחה פרטי לילדים עד גיל 4.

זהב · PROG25 · אין מידע — מומלץ לבדוק. תקנון לאומית זהב אינו מזכיר כיסוי ייעודי לביקור יוזמת הורה אצל רופא ילדים מומחה פרטי לפעוטות עד גיל 4. בפרק ד' (חוות דעת שניה) ניתן לקבל התייעצות אצל רופא ילדים מומחה — עד 3 התייעצויות בשנה (זהב), השתתפות עצמית כמפורט ברשימה — אך זה מיועד לחוות דעת שניה ולא לביקור שגרתי.",טעון השוואה פרטנית,
664,ילדים והתפתחות הילד,,משקפי/עדשות ראייה לילדים — הנחה מוגדלת,"כלל מבוטחי השב""ן בקופות החולים (לפי תוכנית והקופה)","עדשות מגע ומשקפיים למגיל 18 ומעלה (סעיף 29): השתתפות 50% מסך ההוצאה עד תקרה מצטברת ₪1,200.95 לכל הרכישות, מתחדש כל 3 שנים. לילדים מתחת לגיל 18 — הזכאות היא במסגרת מכבי זהב (אין כפל","החזר/הטבה למשקפי/עדשות ראייה לילדים — הנחה מוגדלת בין 50 ל-5,200 ₪","זהב · PROG09 · אין מידע — מומלץ לבדוק. כיסוי ייעודי למשקפי ראייה/עדשות מגע לילדים גיל 8–18 אינו מוזכר בתקנון כללית מושלם זהב. (פרק ה' סעיף 31 כולל בדיקות סקר הכוללות 'ראיה', אך לא כיסוי לרכישת משקפיים.) מקור: תקנון כללית מושלם זהב.

פלטינום · PROG10 · פרק ח', סעיף 5 — משקפי ראייה או עדשות מגע אופטיות (לא קוסמטיות) לילדים גיל 8–18. כולל בדיקת ראייה, בדגמים שאושרו על ידי כללית מושלם, אצל ספקי הסדר. תנאי מ-1.1.2025: (א) מחיר עד ₪600 — השתתפות עצמית ₪40 (הכללית מממנת את היתרה); (ב) מחיר מעל ₪600 — הנחה של ₪560. זכאות: פעם בשנה קלנדרית. תקופת אכשרה: 3 חודשים. אישור מראש: לא צוין. הערה: הכיסוי הוא תוספת מעל 'מושלם זהב'. מקור: תקנון כללית מושלם פלטינום.","זהב · PROG15 · משקפי ראייה (מסגרת ועדשות) מגיל 8–18, במקרים שאינם נכללים בסעיף 1א: ההשתתפות תיקבע לפי הדגם שנבחר, עד ₪600 לרכישה. השתתפות עצמית ₪40. זכות לרכישה אחת בשנה. אין כפל הטבות בין מכבי זהב למכבי שלי. ללא אכשרה מפורשת. מקור: תקנון מכבי זהב, נספח ג'

כסף · PROG14 · משקפי ראייה (מסגרת ועדשות) מגיל 8–18, במקרים שאינם נכללים בסל הבריאות: ההשתתפות תיקבע לפי הדגם שנבחר, עד ₪600 לרכישה. השתתפות עצמית ₪40. אחת בשנה בלבד. לאוכלוסייה שאינה זכאית לסל הבריאות. ללא אכשרה מפורשת. מקור: תקנון מכבי כסף, נספח ג'

שלי · PROG16 · עדשות מגע ומשקפיים למגיל 18 ומעלה (סעיף 29): השתתפות 50% מסך ההוצאה עד תקרה מצטברת ₪1,200.95 לכל הרכישות, מתחדש כל 3 שנים. לילדים מתחת לגיל 18 — הזכאות היא במסגרת מכבי זהב (אין כפל הטבות). אכשרה: 6 חודשים. מקור: תקנון מכבי שלי, סעיפים 29.1–29.4","עדיף · PROG19 · אין כיסוי ספציפי למשקפי ילדים בתקנון מאוחדת עדיף. הכיסוי הרלוונטי: טיפולי לייזר לתיקון קוצר ראייה (סעיף 27) — למבוטחים מגיל 18 ומעלה, בהשתתפות עצמית ₪2,150–₪5,200 לעין בהתאם לסוג הניתוח. אין התייחסות להנחה על רכישת משקפי ראייה לילדים גיל 8–18. אין מידע — מומלץ לבדוק. מקור: תקנון מאוחדת עדיף 2026.

שיא · PROG20 · מאוחדת שיא (סעיף 36 — אופטיקה לילדים, נוער ומבוגרים): ילדים ונוער גיל 8 עד 18 — זכאים לרכוש פעם בשנה משקפי ראייה שמחירם עד ₪700, בהשתתפות עצמית של 10%. כאשר המחיר עולה על ₪700 — המבוטח ישלם את ההפרש בתוספת ₪70. תקופת המתנה: 6 חודשים מיום ההצטרפות. ניתן לממש אצל ספקים בהסדר. הבדיקה כוללת בדיקת עיניים ע""י אופטומטריסט מוסמך. לדוגמה: משקפיים ב-₪500 — תשלום המבוטח ₪50. מקור: תקנון מאוחדת שיא 2026, סעיף 36.","כסף · PROG24 · מכוסה — פרק ל""ו (שירותי אופטיקה) סעיף 2.2. לילדים שטרם מלאו להם 18 שנים: משקפי ראייה (מסגרת + עדשות מדף, עדשות RC39 עד מספר 6 ועד צילינדר 2) בהשתתפות עצמית ₪40 בלבד, מדגמים שמחירם הכולל ברשת 'לאומית אופטיקה' עד ₪650. זכאות: פעם בשנה. בנוסף, הנחות על שירותי אופטיקה נוספים ברשת לאומית אופטיקה (30% על עדשות מדף, 15% על עדשות בהתאמה אישית, עדשות מגע ומסגרות). אכשרה: 3 חודשים לסעיף 2.2; ללא אכשרה לשירותים בסעיף 2.1. מקור: תקנון לאומית כסף.

זהב · PROG25 · מכוסה — פרק ל""ו (שירותי אופטיקה) סעיף 2.2. לילדים שטרם מלאו להם 18 שנים: משקפי ראייה (מסגרת + עדשות מדף, עדשות RC39 עד מספר 6 ועד צילינדר 2) בהשתתפות עצמית ₪40 בלבד, מדגמים שמחירם הכולל ברשת 'לאומית אופטיקה' עד ₪650. זכאות: פעם בשנה. בנוסף, הנחות על שירותי אופטיקה נוספים ברשת לאומית אופטיקה (30% על עדשות מדף, 15% על עדשות בהתאמה אישית, עדשות מגע ומסגרות). אכשרה: 3 חודשים לסעיף 2.2; ללא אכשרה לשירותים בסעיף 2.1. מקור: תקנון לאומית זהב.",מכבי שלי,
665,ילדים והתפתחות הילד,,אבחון ADHD בבדיקות TOVA/MOXO/BRC ממוחשבות,"כלל מבוטחי השב""ן בקופות החולים (לפי תוכנית והקופה)","הטבת שב""ן בנושא אבחון ADHD בבדיקות TOVA/MOXO/BRC ממוחשבות",החזר/הטבה לאבחון ADHD בבדיקות TOVA/MOXO/BRC ממוחשבות בין 150 ל-508 ₪,"זהב · PROG09 · אין מידע — מומלץ לבדוק

פלטינום · PROG10 · אין מידע — מומלץ לבדוק","כסף · PROG14 · מכבי כסף — סעיף 11: אבחון TOVA אחד בלבד לכל תקופת חברות; השתתפות עצמית עד ₪508.01; במכונים שבהסכם בלבד. ללא תקופת המתנה.

זהב · PROG15 · מכבי זהב — סעיף 13.8: אבחון TOVA או BRC (BRC מוקפא נכון לנוכחי), אחד בלבד, במכונים שבהסכם; הפניה מרופא מוסמך (נוירולוג ילדים/פסיכיאטר/רופא ילדים/נוירולוג מבוגר); השתתפות עצמית עד ₪508.01. ללא תקופת המתנה.

שלי · PROG16 · מכבי שלי — סעיף 27: TOVA, BRC (מוקפא), Moxo, NeuroTrax — אחד לבחירה; השתתפות עצמית ₪27.10; מימוש חד-פעמי לתקופת חברות; לאחר מיצוי ניתן לממש אבחון נוסף (מסוג שונה) גם מ""מכבי זהב"". תקופת המתנה 6 חודשים.","עדיף · PROG19 · מכוסה — סעיף 28 תקנון מאוחדת עדיף. מבוטחים מגיל 5 שנים זכאים לאבחון הפרעות קשב וריכוז בשיטה ממוחשבת: בדיקות TOVA, MOXO, BRC — ה.ע. ₪150 לבדיקה. ההפניה מרופא פסיכיאטר / נוירולוג ילדים / רופא ילדים/משפחה בעל התמחות בקשב, או רופא ילדים בעל ניסיון ≥3 שנים בהתפתחות הילד. זכאות: עד 2 בדיקות בכל תקופות החברות (TOVA אחרי BRC או BRC אחרי TOVA). הערה: BRC מוקפא כרגע. ללא תקופת המתנה.

שיא · PROG20 · מכוסה — סעיף 31 תקנון מאוחדת שיא (משופר חלופי). מבוטחים מגיל 5 זכאים לבדיקות TOVA, MOXO, BRC — ה.ע. ₪30 לבדיקה (מופחת לעומת עדיף). אותם תנאי הפניה. זכאות: עד 2 בדיקות לכל תקופת החברות. מבוטח שמימש ב-שיא אינו זכאי נוסף ב-עדיף ולהפך. BRC מוקפא כרגע. ללא תקופת המתנה.","כסף · PROG24 · אין מידע — מומלץ לבדוק

זהב · PROG25 · אין מידע — מומלץ לבדוק",טעון השוואה פרטנית,
666,ילדים והתפתחות הילד,,אבחון BRC (אבחון ממוחשב להפרעות קשב),"כלל מבוטחי השב""ן בקופות החולים (לפי תוכנית והקופה)","הטבת שב""ן בנושא אבחון BRC (אבחון ממוחשב להפרעות קשב)",החזר/הטבה לאבחון BRC (אבחון ממוחשב להפרעות קשב) עד 508 ₪,"זהב · PROG09 · אין מידע — מומלץ לבדוק

פלטינום · PROG10 · אין מידע — מומלץ לבדוק","זהב · PROG15 · מכבי זהב — סעיף 13.8: BRC מוזכר כאפשרות נוספת לצד TOVA; נכון לעכשיו BRC מוקפא בשל החלטת חברת BRC העולמית — לא זמין עד להודעה חדשה. השתתפות עצמית עד ₪508.01. ללא תקופת המתנה.

כסף · PROG14 · מכבי כסף — סעיף 11: BRC לא מוזכר מפורשות בסעיף 11; TOVA אחד בלבד. ללא תקופת המתנה.

שלי · PROG16 · מכבי שלי — סעיף 27: BRC מוזכר כאחת מ-4 אפשרויות; נכון לעכשיו מוקפא. השתתפות עצמית ₪27.10. תקופת המתנה 6 חודשים.","עדיף · PROG19 · אין מידע — מומלץ לבדוק

שיא · PROG20 · אין מידע — מומלץ לבדוק","כסף · PROG24 · אין מידע — מומלץ לבדוק

זהב · PROG25 · אין מידע — מומלץ לבדוק",טעון השוואה פרטנית,
667,ילדים והתפתחות הילד,,אבחון דידקטי ופסיכו-דידקטי לבגיר (18+),"כלל מבוטחי השב""ן בקופות החולים (לפי תוכנית והקופה)",מכבי שלי — סעיף 26.3: מבוטח בגיר (מגיל 18) זכאי לאבחון דידקטי/פסיכו-דידקטי; החזר 30% מעלות האבחון עד תקרה ₪589.74; האבחון יבוצע במוסד מוכר על ידי מוסדות להשכלה גבוהה ו/או לצורך ריש,החזר/הטבה לאבחון דידקטי ופסיכו-דידקטי לבגיר (18+) עד 590 ₪,"זהב · PROG09 · אין מידע — מומלץ לבדוק

פלטינום · PROG10 · אין מידע — מומלץ לבדוק","כסף · PROG14 · אין מידע — מומלץ לבדוק

זהב · PROG15 · אין מידע — מומלץ לבדוק

שלי · PROG16 · מכבי שלי — סעיף 26.3: מבוטח בגיר (מגיל 18) זכאי לאבחון דידקטי/פסיכו-דידקטי; החזר 30% מעלות האבחון עד תקרה ₪589.74; האבחון יבוצע במוסד מוכר על ידי מוסדות להשכלה גבוהה ו/או לצורך רישיונות מדינה/אגודות מקצועיות/לימודי תעודה. זכאות פעם אחת לכל חיי הבגרות. תקופת המתנה 6 חודשים.","עדיף · PROG19 · אין מידע — מומלץ לבדוק

שיא · PROG20 · אין מידע — מומלץ לבדוק","כסף · PROG24 · אין מידע — מומלץ לבדוק

זהב · PROG25 · אין מידע — מומלץ לבדוק",מכבי שלי,
668,ילדים והתפתחות הילד,,אבחון פסיכודידקטי (PROG25 בלבד),"כלל מבוטחי השב""ן בקופות החולים (לפי תוכנית והקופה)","הטבת שב""ן בנושא אבחון פסיכודידקטי (PROG25 בלבד)","החזר/הטבה לאבחון פסיכודידקטי (PROG25 בלבד) בין 579 ל-1,626 ₪","זהב · PROG09 · אין מידע — מומלץ לבדוק

פלטינום · PROG10 · אין מידע — מומלץ לבדוק","כסף · PROG14 · אין מידע — מומלץ לבדוק

זהב · PROG15 · אין מידע — מומלץ לבדוק

שלי · PROG16 · מכבי שלי — סעיף 26: אבחון פסיכו-דידקטי לילד גיל 6–18 — השתתפות עצמית ₪1,626.0 (לבגיר ראה סעיף 26.3). מימוש חד-פעמי לתקופת חברות. תקופת המתנה 6 חודשים.","עדיף · PROG19 · אין מידע — מומלץ לבדוק

שיא · PROG20 · אין מידע — מומלץ לבדוק","כסף · PROG24 · אין מידע — מומלץ לבדוק

זהב · PROG25 · פרק י""ט ס' 2 — אבחון פסיכודידקטי ללקויות למידה לעמית ""לאומית זהב"" בלבד: ה.ע. ₪1,109; גילאים 6–18; הפניית רופא מטפל; מכון שבהסדר; חד-פעמי לתקופת ההסכם (הזכאות לאחד: אבחון דידקטי ₪579 או פסיכודידקטי ₪1,109). תקופת אכשרה — לא מפורטת ספציפית.",טעון השוואה פרטנית,
669,ילדים והתפתחות הילד,,"אבחוני ADHD נוספים — Moxo, NeuroTrax","כלל מבוטחי השב""ן בקופות החולים (לפי תוכנית והקופה)","הטבת שב""ן בנושא אבחוני ADHD נוספים — Moxo, NeuroTrax",,"זהב · PROG09 · אין מידע — מומלץ לבדוק

פלטינום · PROG10 · אין מידע — מומלץ לבדוק","כסף · PROG14 · אין מידע — מומלץ לבדוק

זהב · PROG15 · אין מידע — מומלץ לבדוק

שלי · PROG16 · מכבי שלי — סעיף 27: Moxo ו-NeuroTrax מוזכרים במפורש כאפשרויות אבחון להפרעות קשב, לצד TOVA ו-BRC. בחירה אחת מבין ארבעת הכלים; השתתפות עצמית ₪27.10. תקופת המתנה 6 חודשים.","עדיף · PROG19 · אין מידע — מומלץ לבדוק

שיא · PROG20 · אין מידע — מומלץ לבדוק","כסף · PROG24 · אין מידע — מומלץ לבדוק

זהב · PROG25 · אין מידע — מומלץ לבדוק",טעון השוואה פרטנית,
670,ילדים והתפתחות הילד,,בדיקות אבחון הפרעות קשב וריכוז (TOVA / BRC / MOXO),"כלל מבוטחי השב""ן בקופות החולים (לפי תוכנית והקופה)","הטבת שב""ן בנושא בדיקות אבחון הפרעות קשב וריכוז (TOVA / BRC / MOXO)",החזר/הטבה לבדיקות אבחון הפרעות קשב וריכוז (TOVA / BRC / MOXO) בין 50 ל-508 ₪,"זהב · PROG09 · פרק ה' סעיף 24 — בדיקות TOVA / BRC / MOXO לאבחון הפרעות קשב וריכוז; זכאות לשתי בדיקות בלבד לכל תקופות החברות בתכנית; השתתפות עצמית ₪220 לבדיקה; במכוני הסדר בלבד; על פי דרישת נוירולוג

פלטינום · PROG10 · פרק ח' סעיף 4 — בדיקות TOVA / BRC / MOXO; זכאות חלופית לזהב — ה.ע. מופחתת ₪50 לבדיקה (במקום ₪220 בזהב); שתי בדיקות לכל תקופות החברות (משותף לשתי התכניות); במכוני הסדר; על פי דרישת נוירולוג; תקופת אכשרה 6 חודשים; לא ניתן לבצע יותר מ-2 בדיקות בשתי התכניות יחד","כסף · PROG14 · מכבי כסף — סעיף 11: TOVA אחד בלבד; השתתפות עצמית עד ₪508.01; BRC ו-Moxo לא מוזכרים בסעיף כסף. ללא תקופת המתנה.

זהב · PROG15 · מכבי זהב — סעיף 13.8: TOVA או BRC (BRC מוקפא); אחד בלבד; השתתפות עצמית עד ₪508.01; הפניה מרופא מוסמך. ללא תקופת המתנה.

שלי · PROG16 · מכבי שלי — סעיף 27: TOVA / BRC / Moxo / NeuroTrax — אחד לבחירה; השתתפות עצמית ₪27.10; ניתן לממש אבחון נוסף מסוג שונה גם ממכבי זהב. תקופת המתנה 6 חודשים.","עדיף · PROG19 · אין מידע — מומלץ לבדוק

שיא · PROG20 · אין מידע — מומלץ לבדוק","כסף · PROG24 · פרק י""ט ס' 3 — אבחון הפרעות קשב וריכוז (גילאים 6–18): ה.ע. ₪352; הפניית פסיכיאטר/נוירולוג; מכון שבהסדר; חד-פעמי לתקופת ההסכם.

זהב · PROG25 · פרק י""ט ס' 3 — אבחון הפרעות קשב וריכוז (גילאים 6–18): ה.ע. ₪28; הפניית פסיכיאטר/נוירולוג; מכון שבהסדר; חד-פעמי לתקופת ההסכם.",טעון השוואה פרטנית,
671,ילדים והתפתחות הילד,,טיפולים בהבעה ויצירה לילדים (מוזיקה/אמנות/דרמה/תנועה),"כלל מבוטחי השב""ן בקופות החולים (לפי תוכנית והקופה)","הטבת שב""ן בנושא טיפולים בהבעה ויצירה לילדים (מוזיקה/אמנות/דרמה/תנועה)",החזר/הטבה לטיפולים בהבעה ויצירה לילדים (מוזיקה/אמנות/דרמה/תנועה) בין 55 ל-152 ₪,"זהב · PROG09 · אין מידע — מומלץ לבדוק

פלטינום · PROG10 · אין מידע — מומלץ לבדוק","כסף · PROG14 · אין מידע — מומלץ לבדוק

זהב · PROG15 · מכבי זהב — סעיף 13.2: טיפולים ביצירה והבעה (לצד רכיבה טיפולית, ספורט טיפולי, בעלי חיים, פעילות במים) לגיל 3–10 ולגיל 10–12 ADHD ולגיל 10–18 סומאטי/אוטיזם. השתתפות עצמית ₪45 לטיפול. מקס' 30 טיפולים בשנה קלנדרית (סה""כ 100 בתקופת חברות). תקופת המתנה 6 חודשים.

שלי · PROG16 · מכבי שלי — סעיף 28: טיפולים ביצירה והבעה לגיל 3–18. גיל 3–10 (ADHD/סומאטי/אוטיזם גיל 3–18): 20 טיפולים נוספים בשנה ממכבי שלי (סה""כ 50 כולל מכבי זהב); גיל 10–18 ADHD: 50 טיפולים ממכבי שלי. השתתפות עצמית ₪45 לטיפול. תקופת המתנה 6 חודשים.","עדיף · PROG19 · אין מידע — מומלץ לבדוק

שיא · PROG20 · אין מידע — מומלץ לבדוק","כסף · PROG24 · פרק י""ז ס' 3.3 — תראפיה במוזיקה/אמנות/דרמה/תנועה/ביבליותרפיה לילדים (לידה עד גיל 18) עם בעיות התפתחות: 30 טיפולים בשנה (נכללים במכסת התפתחות הילד הכוללת). מכון שבהסדר: ה.ע. ₪90 לטיפול. מכון שאינו בהסדר: החזר 80% עד ₪114 לטיפול. עד 100 טיפולים בסעיפים 2.2–2.4 לכל תקופת ההסכם. תקופת אכשרה 6 חודשים.

זהב · PROG25 · פרק י""ז ס' 3.3 — תראפיה במוזיקה/אמנות/דרמה/תנועה/ביבליותרפיה לילדים (לידה עד גיל 18) עם בעיות התפתחות: 55 טיפולים בשנה (נכללים במכסת התפתחות הילד הכוללת). מכון שבהסדר: ה.ע. ₪55 לטיפול. מכון שאינו בהסדר: החזר 80% עד ₪152 לטיפול. עד 100 טיפולים בסעיפים 2.2–2.4 לכל תקופת ההסכם. תקופת אכשרה 6 חודשים.",טעון השוואה פרטנית,
672,ילדים והתפתחות הילד,,"טיפולים יצירתיים / טיפול בתנועה, דרמה וביבליותרפיה לילדים","כלל מבוטחי השב""ן בקופות החולים (לפי תוכנית והקופה)","הטבת שב""ן בנושא טיפולים יצירתיים / טיפול בתנועה, דרמה וביבליותרפיה לילדים",,"זהב · PROG09 · פרק ה' סעיף 22ב — בעיות התפתחות לילדים גיל 3–18; רכיבה, שחיה, ספורט טיפולי, אומנות, מוזיקה, תנועה, דרמה, ביבליותרפיה; השתתפות עצמית ₪45 לטיפול; עד 30 טיפולים/שנה קלנדרית; סך כולל לא יעלה על 100 טיפולים לכל תקופות החברות; במכוני הסדר בלבד; תקופת אכשרה 6 חודשים; סך טיפולי התפתחות הילד (סעיפים 22א'+22ב'): עד 45/שנה לגיל 3–9, עד 30/שנה לגיל 10–18

פלטינום · PROG10 · פרק ח' סעיף 7 — כללית מושלם זהב + תוספת פלטינום; ה.ע. ₪45 לטיפול; עד 25 טיפולים/שנה קלנדרית נוספים מעבר לזהב (לגיל 3–18); תנאי: לאחר מיצוי הזכאות בזהב (סעיפים 22א'+22ב'); במכוני הסדר; תקופת אכשרה 6 חודשים; סך טיפולי התפתחות הילד בפלטינום: עד 70/שנה לגיל 3–9, עד 55/שנה לגיל 10–18","כסף · PROG14 · אין מידע — מומלץ לבדוק

זהב · PROG15 · מכבי זהב — סעיף 13.2: מכוסה במסגרת טיפולים ביצירה והבעה (ראו לעיל). עד 30 טיפולים בשנה, ₪45 לטיפול. תקופת המתנה 6 חודשים.

שלי · PROG16 · מכבי שלי — סעיף 28: מכוסה במסגרת טיפולים ביצירה והבעה לגיל 3–18. תקופת המתנה 6 חודשים.","עדיף · PROG19 · אין מידע — מומלץ לבדוק

שיא · PROG20 · אין מידע — מומלץ לבדוק","כסף · PROG24 · אין מידע — מומלץ לבדוק

זהב · PROG25 · אין מידע — מומלץ לבדוק",טעון השוואה פרטנית,
673,ילדים והתפתחות הילד,,ניטור אפניאה — מוניטור לדום נשימה לתינוקות (השאלה),"כלל מבוטחי השב""ן בקופות החולים (לפי תוכנית והקופה)","הטבת שב""ן בנושא ניטור אפניאה — מוניטור לדום נשימה לתינוקות (השאלה)",החזר/הטבה לניטור אפניאה — מוניטור לדום נשימה לתינוקות (השאלה) עד 50 ₪,"זהב · PROG09 · נספח א' — אביזרים בהשאלה: אפניאה מוניטור קרדיאלי; השאלה באמצעות כללית מושלם; השתתפות עצמית ₪50 לחודש; תקופת אכשרה 3 חודשים

פלטינום · PROG10 · ככל כללית מושלם זהב (PROG09) — ניטור אפניאה לא מוזכר בנספח פלטינום; נספח א' זהב — אפניאה מוניטור קרדיאלי, השאלה ₪50/חודש, אכשרה 3 חודשים","כסף · PROG14 · אין מידע — מומלץ לבדוק

זהב · PROG15 · אין מידע — מומלץ לבדוק

שלי · PROG16 · אין מידע — מומלץ לבדוק","עדיף · PROG19 · אין מידע — מומלץ לבדוק

שיא · PROG20 · אין מידע — מומלץ לבדוק","כסף · PROG24 · אין מידע — מומלץ לבדוק

זהב · PROG25 · אין מידע — מומלץ לבדוק",טעון השוואה פרטנית,
674,ילדים והתפתחות הילד,,קורס טיפול בגמגום לילדים,"כלל מבוטחי השב""ן בקופות החולים (לפי תוכנית והקופה)","מכוסה — סעיף 19.1 תקנון מאוחדת עדיף. מבוטח עד גיל 18 שנה זכאי להשתתפות הקופה בעלות קורס אחד לטיפול בגמגום, מעבר לזכאות לפי חוק — 50% מעלות הקורס עד תקרה ₪1,307. בנוסף (סעיף 19.2): ","החזר/הטבה לקורס טיפול בגמגום לילדים עד 1,307 ₪","זהב · PROG09 · אין מידע — מומלץ לבדוק

פלטינום · PROG10 · אין מידע — מומלץ לבדוק","כסף · PROG14 · אין מידע — מומלץ לבדוק

זהב · PROG15 · אין מידע — מומלץ לבדוק

שלי · PROG16 · אין מידע — מומלץ לבדוק","עדיף · PROG19 · מכוסה — סעיף 19.1 תקנון מאוחדת עדיף. מבוטח עד גיל 18 שנה זכאי להשתתפות הקופה בעלות קורס אחד לטיפול בגמגום, מעבר לזכאות לפי חוק — 50% מעלות הקורס עד תקרה ₪1,307. בנוסף (סעיף 19.2): קורס 12 טיפולי קלינאי תקשורת לקשיי למידה על רקע בעיה שפתית אורגנית, ה.ע. 50% מהתעריף הנהוג. תקופת המתנה: 6 חודשים. דרוש אישור גורם מקצועי בקופה.

שיא · PROG20 · אין מידע — מומלץ לבדוק (קורס גמגום מפורט רק בתקנון עדיף סעיף 19; לא נמצא סעיף מקביל נפרד בתקנון שיא — ייתכן שהשיא כולל את הכיסוי של עדיף כבסיס).","כסף · PROG24 · אין מידע — מומלץ לבדוק

זהב · PROG25 · אין מידע — מומלץ לבדוק",מאוחדת עדיף,
675,ילדים והתפתחות הילד,,רכיבה טיפולית לילדים (PROG25 בלבד),"כלל מבוטחי השב""ן בקופות החולים (לפי תוכנית והקופה)","פרק י""ז ס' 3.2 — רכיבה טיפולית לעמיתי ""לאומית זהב"" בלבד: 20 טיפולים בשנה במסגרת מכסת התפתחות הילד + 10 טיפולים נוספים מעבר למכסה. הקופה מחזירה 80% עד ₪71 לטיפול. עד 100 טיפולים כול",החזר/הטבה לרכיבה טיפולית לילדים (PROG25 בלבד) עד 71 ₪,"זהב · PROG09 · אין מידע — מומלץ לבדוק

פלטינום · PROG10 · אין מידע — מומלץ לבדוק","כסף · PROG14 · אין מידע — מומלץ לבדוק

זהב · PROG15 · מכבי זהב — סעיף 13.2: רכיבה טיפולית כלולה במסגרת טיפולי התפתחות הילד. גיל 3–10 (ו-10–12 ADHD ו-10–18 סומאטי/אוטיסט). ₪45 לטיפול. עד 30 טיפולים בשנה, עד 100 סה""כ. תקופת המתנה 6 חודשים.

שלי · PROG16 · מכבי שלי — סעיף 28: רכיבה טיפולית כלולה לגיל 3–18. גיל 3–10: 20 טיפולים נוספים (סה""כ 50). גיל 10–18 ADHD: 50 טיפולים ממכבי שלי. ₪45 לטיפול. תקופת המתנה 6 חודשים.","עדיף · PROG19 · אין מידע — מומלץ לבדוק

שיא · PROG20 · אין מידע — מומלץ לבדוק","כסף · PROG24 · אין מידע — מומלץ לבדוק

זהב · PROG25 · פרק י""ז ס' 3.2 — רכיבה טיפולית לעמיתי ""לאומית זהב"" בלבד: 20 טיפולים בשנה במסגרת מכסת התפתחות הילד + 10 טיפולים נוספים מעבר למכסה. הקופה מחזירה 80% עד ₪71 לטיפול. עד 100 טיפולים כולל (בסעיפים 2.2–2.4) לתקופת ההסכם. תקופת אכשרה 6 חודשים.",לאומית זהב,
676,ילדים והתפתחות הילד,,שחייה טיפולית לילדים,"כלל מבוטחי השב""ן בקופות החולים (לפי תוכנית והקופה)","הטבת שב""ן בנושא שחייה טיפולית לילדים",החזר/הטבה לשחייה טיפולית לילדים בין 55 ל-90 ₪,"זהב · PROG09 · אין מידע — מומלץ לבדוק

פלטינום · PROG10 · אין מידע — מומלץ לבדוק","כסף · PROG14 · אין מידע — מומלץ לבדוק

זהב · PROG15 · מכבי זהב — סעיף 13.2: פעילות טיפולית במים (הידרותרפיה) כלולה במסגרת טיפולי התפתחות הילד. גיל 3–10 (ו-10–12 ADHD ו-10–18 סומאטי/אוטיסט). ₪45 לטיפול. עד 30 טיפולים בשנה, עד 100 סה""כ. תקופת המתנה 6 חודשים.

שלי · PROG16 · מכבי שלי — סעיף 28: פעילות טיפולית במים לגיל 3–18. גיל 3–10: 20 טיפולים נוספים (סה""כ 50). גיל 10–18 ADHD: 50 טיפולים. ₪45 לטיפול. תקופת המתנה 6 חודשים.","עדיף · PROG19 · אין מידע — מומלץ לבדוק

שיא · PROG20 · אין מידע — מומלץ לבדוק","כסף · PROG24 · פרק י""ז ס' 3.4 — שחיה טיפולית/ספורט טיפולי לילדים (לידה עד גיל 18) עם בעיות התפתחות: 30 טיפולים בשנה (נכללים במכסת התפתחות הילד הכוללת). מכון שבהסדר: ה.ע. ₪90 לטיפול. עד 100 טיפולים בסעיפים 2.2–2.4 לכל תקופת ההסכם. תקופת אכשרה 6 חודשים.

זהב · PROG25 · פרק י""ז ס' 3.4 — שחיה טיפולית/ספורט טיפולי לילדים (לידה עד גיל 18) עם בעיות התפתחות: 55 טיפולים בשנה (נכללים במכסת התפתחות הילד הכוללת). מכון שבהסדר: ה.ע. ₪55 לטיפול. עד 100 טיפולים בסעיפים 2.2–2.4 לכל תקופת ההסכם. תקופת אכשרה 6 חודשים.",טעון השוואה פרטנית,
677,ילדים והתפתחות הילד,,טיפולי הרטבה לילית — תעריפי השתתפות עצמית,"כלל מבוטחי השב""ן בקופות החולים (לפי תוכנית והקופה)","סדרת טיפול התנהגותי לטיפול בהרטבה לילית — 85% החזר מההוצאה, עד ₪1,028 לסדרה (עד 4 מפגשים). (מאוחדת שיא, סעיף 15)","החזר/הטבה לטיפולי הרטבה לילית — תעריפי השתתפות עצמית בין 405 ל-1,028 ₪","זהב · PROG09 · החזר 60% מהוצאה בפועל, עד ₪504 לסך הטיפולים, פעם אחת בלבד בכל תקופות החברות; טיפול התנהגותי במרפאה מוכרת (פרק ה׳ סעיף 21 — תקנון כללית מושלם זהב)

פלטינום · PROG10 · אין מידע — מומלץ לבדוק","כסף · PROG14 · החזר 50% מהעלות, עד ₪557.04 לסדרה אחת בכל תקופת חברות. מגיל 5 ומעלה. בטיפול כולל: אבחון, הדרכה, מכשור אלקטרוני, מעקב (מכבי כסף סעיף 12.1).

זהב · PROG15 · החזר 50% מהעלות, עד ₪557.04 לסדרה אחת בכל תקופת חברות. מגיל 5. הפניה מרופא מטפל (מכבי זהב סעיף 14.1).

שלי · PROG16 · אין מידע — מומלץ לבדוק","עדיף · PROG19 · אין מידע — מומלץ לבדוק

שיא · PROG20 · סדרת טיפול התנהגותי לטיפול בהרטבה לילית — 85% החזר מההוצאה, עד ₪1,028 לסדרה (עד 4 מפגשים). (מאוחדת שיא, סעיף 15)","כסף · PROG24 · בהסדר: ₪579 לסדרת טיפולים; לא בהסדר: החזר 80% עד ₪773 (לאומית כסף, פרק י""ח)

זהב · PROG25 · בהסדר: ₪405 לסדרת טיפולים; לא בהסדר: החזר 80% עד ₪799 (לאומית זהב, פרק י""ח)",מאוחדת שיא,
678,ילדים והתפתחות הילד,,טיפולי התפתחות הילד — תעריפים ומכסות,"כלל מבוטחי השב""ן בקופות החולים (לפי תוכנית והקופה)","הטבת שב""ן בנושא טיפולי התפתחות הילד — תעריפים ומכסות",החזר/הטבה לטיפולי התפתחות הילד — תעריפים ומכסות בין 108 ל-152 ₪,"זהב · PROG09 · החזר 75% מהוצאה בפועל, עד ₪108 לטיפול; עד 45 טיפולים בשנה לגילאים 3–9; עד 30 טיפולים לגילאים 10–18; מעבר לזכאות בסעיף 21א׳ של כללית מושלם (פרק ה׳ סעיף 22א׳ מסלול החזר — תקנון כללית מושלם זהב)

פלטינום · PROG10 · פלטינום מוסיף 25 טיפולים נוספים בשנה בתחומים: רכיבה טיפולית, שחייה, ספורט טיפולי, טיפולים ביצירה/הבעה; השתתפות עצמית ₪45 לטיפול; סה""כ עם מושלם: עד 70 טיפולים לגילאים 3–9; ללא הגבלת טיפולים לכל תקופת החברות (chaimvchessed.com; תקנון פלטינום פרק ח׳ סעיף 7)","כסף · PROG14 · אין מידע — מומלץ לבדוק

זהב · PROG15 · גיל 3–10: עד 30 טיפולים לשנה (כולל סעיפים 13.1+13.2), לא יותר מ-100 בתקופת חברות. בהסכם: ₪36.1 לטיפול; שלא בהסכם (מסלול החזר): החזר ₪126.91 לטיפול בניכוי ₪36.1. טיפולי ADHD/אוטיזם/סומאטי גיל 10–18: 100 טיפולים בתקופה ₪45 לטיפול. תקופת המתנה 6 חודשים (מכבי זהב סעיפים 13.1–13.3).

שלי · PROG16 · 20 טיפולים נוספים/שנה מעבר לזהב (סה""כ 50 טיפולים/שנה). ₪45 לטיפול. גיל 3–18 (מכבי שלי סעיף 28.2).","עדיף · PROG19 · אין מידע — מומלץ לבדוק

שיא · PROG20 · אין מידע — מומלץ לבדוק","כסף · PROG24 · עד 30 טיפולים בשנה; בהסדר: ₪38 לטיפול, לא בהסדר: החזר 80% עד ₪114 לטיפול (לאומית כסף, פרק י""ז סעיף 1)

זהב · PROG25 · עד 55 טיפולים בשנה; בהסדר: ₪23 לטיפול, לא בהסדר: החזר 80% עד ₪152 לטיפול (לאומית זהב, פרק י""ז סעיף 1)",טעון השוואה פרטנית,
679,ילדים והתפתחות הילד,,אבחון הפרעות קשב (ADHD/TOVA) — השתתפות עצמית,"כלל מבוטחי השב""ן בקופות החולים (לפי תוכנית והקופה)","הטבת שב""ן בנושא אבחון הפרעות קשב (ADHD/TOVA) — השתתפות עצמית",החזר/הטבה לאבחון הפרעות קשב (ADHD/TOVA) — השתתפות עצמית בין 150 ל-508 ₪,"זהב · PROG09 · אין מידע — מומלץ לבדוק

פלטינום · PROG10 · אין מידע — מומלץ לבדוק","כסף · PROG14 · השתתפות עצמית עד ₪508.01. אחת לכל תקופת חברות (מכבי כסף סעיף 11).

זהב · PROG15 · השתתפות עצמית עד ₪508.01. אחת לכל תקופת חברות. הפניה מרופא מכבי מוסמך (מכבי זהב סעיף 13.8).

שלי · PROG16 · השתתפות עצמית ₪27.10 (מופחת ממכבי זהב). כולל TOVA/Moxo/NeuroTrax. חד-פעמי לכל תקופת חברות. אחרי מיצוי ניתן ניתוב לבדיקה שנייה ממכבי זהב (מכבי שלי סעיף 27.2).","עדיף · PROG19 · אבחון ADHD (TOVA/MOXO/BRC) — ₪150 ה""ע לבדיקה. (מאוחדת עדיף, סעיף 31)

שיא · PROG20 · אבחון ADHD (TOVA/MOXO/BRC) — ₪30 ה""ע לבדיקה. (מאוחדת שיא, סעיף 31)","כסף · PROG24 · השתתפות עצמית ₪352 (לאומית כסף, פרק י""ט סעיף 3)

זהב · PROG25 · השתתפות עצמית ₪28 (לאומית זהב, פרק י""ט סעיף 3)",טעון השוואה פרטנית,
680,ילדים והתפתחות הילד,,אבחון דידקטי — תעריפי השתתפות עצמית,"כלל מבוטחי השב""ן בקופות החולים (לפי תוכנית והקופה)","הטבת שב""ן בנושא אבחון דידקטי — תעריפי השתתפות עצמית","החזר/הטבה לאבחון דידקטי — תעריפי השתתפות עצמית בין 941 ל-1,109 ₪","זהב · PROG09 · אין מידע — מומלץ לבדוק

פלטינום · PROG10 · אין מידע — מומלץ לבדוק","כסף · PROG14 · אין מידע — מומלץ לבדוק

זהב · PROG15 · אין מידע — מומלץ לבדוק

שלי · PROG16 · אין מידע — מומלץ לבדוק","עדיף · PROG19 · אין מידע — מומלץ לבדוק

שיא · PROG20 · אין מידע — מומלץ לבדוק","כסף · PROG24 · השתתפות עצמית ₪941 (לאומית כסף, פרק י""ט סעיף 1)

זהב · PROG25 · השתתפות עצמית ₪1,109 (לאומית זהב, פרק י""ט סעיף 2)",טעון השוואה פרטנית,
681,ילדים והתפתחות הילד,,אבחון פסיכו-דידקטי — תעריפי השתתפות עצמית,"כלל מבוטחי השב""ן בקופות החולים (לפי תוכנית והקופה)","גיל 6–18: דידקטי — ₪813 השתתפות עצמית; פסיכו-דידקטי — ₪1,626. חד-פעמי בתקופת חברות. בגיר (18+): החזר 30% עד ₪589.74; פעם אחת בחיים הבגירים (מכבי שלי סעיף 26.2). תקופת המתנה 6 חודשי","החזר/הטבה לאבחון פסיכו-דידקטי — תעריפי השתתפות עצמית בין 550 ל-1,626 ₪","זהב · PROG09 · אין מידע — מומלץ לבדוק

פלטינום · PROG10 · אין מידע — מומלץ לבדוק","כסף · PROG14 · אין מידע — מומלץ לבדוק

זהב · PROG15 · אין מידע — מומלץ לבדוק

שלי · PROG16 · גיל 6–18: דידקטי — ₪813 השתתפות עצמית; פסיכו-דידקטי — ₪1,626. חד-פעמי בתקופת חברות. בגיר (18+): החזר 30% עד ₪589.74; פעם אחת בחיים הבגירים (מכבי שלי סעיף 26.2). תקופת המתנה 6 חודשים.","עדיף · PROG19 · אין מידע — מומלץ לבדוק

שיא · PROG20 · אבחון דידקטי — ₪550 ה""ע, פעם אחת לכל תקופת חברות, גיל 6–26; אבחון פסיכו-דידקטי — ₪950 ה""ע, פעם אחת לכל תקופת חברות, גיל 6–26. (מאוחדת שיא, סעיף 37)","כסף · PROG24 · אין מידע — מומלץ לבדוק

זהב · PROG25 · אין מידע — מומלץ לבדוק",מכבי שלי,
682,ילדים והתפתחות הילד,,טיפולים בהבעה ויצירה ורכיבה טיפולית לילדים,"כלל מבוטחי השב""ן בקופות החולים (לפי תוכנית והקופה)","בהסדר: ₪55 לטיפול, עד 100 טיפולים בתקופת ההסכם (לאומית זהב, פרק י""ז סעיף 2) | שחייה: בהסדר: ₪55 לטיפול (לאומית זהב, פרק י""ז סעיף 3) | רכיבה: החזר 80% עד ₪71 לטיפול; עד 20 טיפולים ב",החזר/הטבה לטיפולים בהבעה ויצירה ורכיבה טיפולית לילדים בין 55 ל-90 ₪,"זהב · PROG09 · אין מידע — מומלץ לבדוק

פלטינום · PROG10 · אין מידע — מומלץ לבדוק","כסף · PROG14 · אין מידע — מומלץ לבדוק

זהב · PROG15 · אין מידע — מומלץ לבדוק

שלי · PROG16 · אין מידע — מומלץ לבדוק","עדיף · PROG19 · אין מידע — מומלץ לבדוק

שיא · PROG20 · רכיבה טיפולית, טיפולים ביצירה, טיפולים באמצעות בעלי חיים, ספורט טיפולי, מים — עד 25 טיפולים נוספים בשנה (מעבר לסל עדיף), ₪45 ה""ע לטיפול. (מאוחדת שיא, סעיף 22)","כסף · PROG24 · בהסדר: ₪90 לטיפול, עד 100 טיפולים בתקופת ההסכם (לאומית כסף, פרק י""ז סעיף 2) | שחייה: בהסדר: ₪90 לטיפול (לאומית כסף, פרק י""ז סעיף 3)

זהב · PROG25 · בהסדר: ₪55 לטיפול, עד 100 טיפולים בתקופת ההסכם (לאומית זהב, פרק י""ז סעיף 2) | שחייה: בהסדר: ₪55 לטיפול (לאומית זהב, פרק י""ז סעיף 3) | רכיבה: החזר 80% עד ₪71 לטיפול; עד 20 טיפולים במכסה + 10 מעבר למכסה (לאומית זהב, פרק י""ז סעיף 4)",לאומית זהב,
683,ילדים והתפתחות הילד,,טיפולי ילדים נוספים — גיל 3–9,"כלל מבוטחי השב""ן בקופות החולים (לפי תוכנית והקופה)","הטבת שב""ן בנושא טיפולי ילדים נוספים — גיל 3–9",,"זהב · PROG09 · אין מידע — מומלץ לבדוק

פלטינום · PROG10 · אין מידע — מומלץ לבדוק","כסף · PROG14 · אין מידע — מומלץ לבדוק

זהב · PROG15 · אין מידע — מומלץ לבדוק

שלי · PROG16 · אין מידע — מומלץ לבדוק","עדיף · PROG19 · גיל 3–6: עד 36 טיפולים נוספים, ₪36.5 ה""ע לטיפול; גיל 6–9: עד 18 טיפולים נוספים. (מאוחדת עדיף, סעיפים 18.1–18.2)

שיא · PROG20 · גיל 3–9: עד 15 טיפולים נוספים בשנה (מעבר לסל עדיף), ₪36.5 ה""ע לטיפול. (מאוחדת שיא, סעיף 27)","כסף · PROG24 · אין מידע — מומלץ לבדוק

זהב · PROG25 · אין מידע — מומלץ לבדוק",טעון השוואה פרטנית,
684,ילדים והתפתחות הילד,,טיפול בדחיפת לשון — לייזר/ריפוי,"כלל מבוטחי השב""ן בקופות החולים (לפי תוכנית והקופה)","הטבת שב""ן בנושא טיפול בדחיפת לשון — לייזר/ריפוי",החזר/הטבה לטיפול בדחיפת לשון — לייזר/ריפוי עד 109 ₪,"זהב · PROG09 · החזר 75% מהוצאה בפועל, עד ₪109 לטיפול, עד 5 טיפולים; לגילאים 10–18 (פרק ה׳ סעיף 29 — תקנון כללית מושלם זהב)

פלטינום · PROG10 · אין מידע — מומלץ לבדוק","כסף · PROG14 · אין מידע — מומלץ לבדוק

זהב · PROG15 · אין מידע — מומלץ לבדוק

שלי · PROG16 · אין מידע — מומלץ לבדוק","עדיף · PROG19 · אין מידע — מומלץ לבדוק

שיא · PROG20 · אין מידע — מומלץ לבדוק","כסף · PROG24 · אין מידע — מומלץ לבדוק

זהב · PROG25 · אין מידע — מומלץ לבדוק",כללית מושלם זהב,
685,ילדים והתפתחות הילד,,אפניאה מוניטור — דום נשימה לתינוקות,"כלל מבוטחי השב""ן בקופות החולים (לפי תוכנית והקופה)","הטבת שב""ן בנושא אפניאה מוניטור — דום נשימה לתינוקות",החזר/הטבה לאפניאה מוניטור — דום נשימה לתינוקות עד 50 ₪,"זהב · PROG09 · השאלה ב-₪50 לחודש (נספח א׳ — תקנון כללית מושלם זהב)

פלטינום · PROG10 · אין מידע — מומלץ לבדוק","כסף · PROG14 · אין מידע — מומלץ לבדוק

זהב · PROG15 · אין מידע — מומלץ לבדוק

שלי · PROG16 · אין מידע — מומלץ לבדוק","עדיף · PROG19 · אין מידע — מומלץ לבדוק

שיא · PROG20 · אין מידע — מומלץ לבדוק","כסף · PROG24 · אין מידע — מומלץ לבדוק

זהב · PROG25 · אין מידע — מומלץ לבדוק",טעון השוואה פרטנית,
686,"ניתוחים וטיפולים בחו""ל",,ניתוחים,"כלל מבוטחי השב""ן בקופות החולים (לפי תוכנית והקופה)",1.,החזר/הטבה לניתוחים בין 300 ל-343 ₪,"זהב · PROG09 · השתתפות בעלות ביצוע ניתוח פרטי (פרק ג' לתקנון כללית מושלם זהב) 1.
המתנה: 12 חודשים

פלטינום · PROG10 · ניתוחים פרטיים בארץ (פרק ג' לתקנון כללית מושלם פלטינום) הגדרות לפרק זה: אם לא נקבע במפורש אחרת, לכל המונחים בפרק זה תהא המשמעות אשר ניתנה להם בסעיף 1 לפרק ג' בתקנון ""כללית מושלם"".
שיעור: 25% | סכום: 300 ש""ח | המתנה: 12 חודשים","כסף · PROG14 · ניתוחים פרטיים בהסכם: 1.
סכום: 300 ש""ח | המתנה: 12 חודשים

זהב · PROG15 · ניתוחים פרטיים בהסכם: 1.
סכום: 300 ש""ח | המתנה: 12 חודשים

שלי · PROG16 · ניתוחים בהסכם: מהות הכיסוי ביחס לזכאות על פי ""מכבי זהב"": מתווסף.
שיעור: 50% | סכום: 300 ש""ח | המתנה: 6 חודשים","עדיף · PROG19 · 1.
שיעור: 50% | המתנה: 12 חודשים

שיא · PROG20 · 1.
שיעור: 70%, 20%, 85% | סכום: 343 ש""ח, 24,511 ש״ח | המתנה: 12 חודשים","כסף · PROG24 · כיסוי לניתוחים בבית חולים פרטי 1.
המתנה: 6 חודשים

זהב · PROG25 · כיסוי לניתוחים בבית חולים פרטי 1.
המתנה: 6 חודשים",מאוחדת שיא,
687,"ניתוחים וטיפולים בחו""ל",,אחות פרטית לאחר ניתוח,"כלל מבוטחי השב""ן בקופות החולים (לפי תוכנית והקופה)","חבר לאחר ניתוח, השוכר שירותי אח/אחות פרטי/ת להשגחה בבית חולים, תשיב לו ""מכבי זהב"" את הוצאותיו בפועל אך לא יותר מסך 634.21 ש""ח ליום עד 8 ימים בגין ניתוח אחד ובכל מקרה לא יותר מסך…","החזר/הטבה לאחות פרטית לאחר ניתוח בין 481 ל-9,350 ₪","זהב · PROG09 · השירות הרפואי אחות פרטית: השתתפות בהוצאות שכירת שירותי אחות פרטית לאחר ניתוח.
שיעור: 85% | סכום: 481 ש""ח | המתנה: 3 חודשים

פלטינום · PROG10 · הזכאות קיימת בתוכנית ""מושלם זהב"".","כסף · PROG14 · לא כלול במסלול זה

זהב · PROG15 · חבר לאחר ניתוח, השוכר שירותי אח/אחות פרטי/ת להשגחה בבית חולים, תשיב לו ""מכבי זהב"" את הוצאותיו בפועל אך לא יותר מסך 634.21 ש""ח ליום עד 8 ימים בגין ניתוח אחד ובכל מקרה לא יותר מסך…
סכום: 634.21 ש""ח, 9,350.37 ש""ח | המתנה: 3 חודשים

שלי · PROG16 · הזכאות קיימת בתוכנית ""מכבי זהב"".","עדיף · PROG19 · אחות פרטית תקופת ההמתנה: 6 חודשים מיום ההצטרפות לתוכנית.
שיעור: 75%

שיא · PROG20 · הזכאות קיימת בתוכנית ""מאוחדת עדיף"".","כסף · PROG24 · כיסוי לשירותי אחות פרטית לאחר ניתוח הגדרות לפרק זה ""אשפוז"" - שהייה רצופה בבית חולים לאחר ניתוח שבוצע בעמית.
שיעור: 80% | סכום: 579 ש""ח | המתנה: 3 חודשים

זהב · PROG25 · כיסוי לשירותי אחות פרטית לאחר ניתוח הגדרות לפרק זה ""אשפוז"" - שהייה רצופה בבית חולים לאחר ניתוח שבוצע בעמית.
שיעור: 80% | סכום: 651 ש""ח | המתנה: 3 חודשים",מכבי זהב,
688,"ניתוחים וטיפולים בחו""ל",,חוות דעת רפואית נוספת,"כלל מבוטחי השב""ן בקופות החולים (לפי תוכנית והקופה)",פרק ד' — פניה לרופא יועץ מומחה ורופא ילדים מומחה לחוות דעת שניה (כולל חוות דעת שניה לבדיקה פתולוגית),"החזר/הטבה לחוות דעת רפואית נוספת בין 150 ל-10,858 ₪","זהב · PROG09 · התייעצות עם רופא מומחה יועץ (חוות דעת נוספת): מסלול החזר — 80% מההוצאה בפועל עד ₪603 לביקור. רופא יועץ שאינו בהסדר (למעט שר""פ הדסה) — השתתפות עצמית ₪150 לביקור. רופא יועץ בהסדר בשר""פ הדסה — השתתפות עצמית ₪250 לביקור. זכאות: שלוש התייעצויות (מצטבר) לשנה קלנדרית; התייעצות נוספת אחת לעמיתים בני 60+; התייעצות נוספת אחת לאישה בהיריון בנושא היריון ולידה. תקופת אכשרה: 6 חודשים. בנוסף: התייעצות עם רופא מומחה במדינת חוץ — החזר 75% מההוצאה עד $1,000.

פלטינום · PROG10 · אין מידע — מומלץ לבדוק. אין בפלטינום סעיף נפרד ל'חוות דעת נוספת/דעה שנייה' מעבר ל'מושלם זהב'. מופיע רק שירות הכוונה וייעוץ רב-מקצועי לחולה בכפוף להשתתפות עצמית ₪500 (במסגרת חבילת חולי סרטן).","כסף · PROG14 · סעיף 22 — חוות דעת רפואית נוספת:
חבר זכאי להתייעצות אחת בלבד בכל שנה קלנדרית עם ""רופא מומחה יועץ"" הכלול ברשימה מאושרת. ההשתתפות העצמית תשולם ישירות במרפאת היועץ; לא ניתן החזר על ההשתתפות העצמית.
אינו כולל: ייעוץ רפואה משלימה, חוות דעת משפטית, ייעוץ שיניים.
תקופת המתנה: ללא תקופת המתנה.

זהב · PROG15 · סעיף 27 — חוות דעת רפואית נוספת / התייעצות עם מומחים:
27.1.2 הזכאות: 3 התייעצויות בשנה קלנדרית עם ""רופא מומחה יועץ"" (חבר אונקולוגי — 4); ביקור חוזר אצל יועץ נחשב התייעצות נפרדת.
27.1.5 השתתפות ""מכבי זהב"":
א. יועצים הכלולים ברשימת המנתחים — החבר ישלם השתתפות עצמית ישירות במרפאת היועץ; לא יינתן החזר.
ב. יועצים במסלול החזר — החבר זכאי להחזר של 80% מהעלות בפועל, ועד תקרה של ₪730.79 לייעוץ.
27.2 ייעוץ מומחה בחו""ל: שיפוי 75% מהוצאות ממשיות, לא יותר מ-$1,300 לשנה, בגין התייעצות אחת בכל שנה, בתנאים מוגדרים (כולל מחלות הדורשות השתלת איברים, מחלה ממארת, ניתוח גדול ועוד), לאחר הפניית רופא שאושרה מראש ע""י ""מכבי זהב"".
תקופת המתנה: 6 חודשים לסעיף 27.1; 12 חודשים לסעיף 27.2.
אינו כולל: חוות דעת משפטית, ייעוץ שיניים, ייעוץ רפואה משלימה, ביצוע מבחן קשב ממוחשב, טיפול פסיכותרפי (למעט פסיכיאטר).

שלי · PROG16 · סעיף 24 — התייעצות עם מומחים בארץ (מהות הכיסוי ביחס ל""מכבי זהב"": מתווסף):
24.2 מקרה מזכה: מבוטח זכאי לשתי התייעצויות נוספות בשנה (מעבר ל-3 התייעצויות מ""מכבי זהב""), או לקבלת חוות דעת אחת בנושא אפוטרופסות גוף הנוגעת אליו, עם ""רופא מומחה יועץ"" כהגדרתו. ביקור חוזר אצל יועץ נחשב התייעצות נפרדת. חוות דעת לאפוטרופסות גוף תחשב כשני ייעוצים.
תנאי: גילו של המבוטח 65 שנים ומעלה; כל החריגים שהוגדרו בסעיף 27.1.6 בתקנון ""מכבי זהב"" חלים, למעט החרגת ייעוצים בתחום אפוטרופסות גוף.
24.4 גובה הכיסוי:
א. יועצים הכלולים ברשימת המנתחים — החבר ישלם השתתפות עצמית ישירות במרפאת היועץ; לא יינתן החזר.
ב. יועצים במסלול החזר — החבר זכאי להחזר של 80% מהעלות בפועל, עד תקרה של ₪730.79 לייעוץ; או עד ₪1,461.58 לחוות דעת לאפוטרופסות גוף.
תקופת המתנה: 6 חודשים.","עדיף · PROG19 · סעיף ב'.5 — חוות דעת נוספת
תקופת המתנה: 6 חודשים מיום ההצטרפות לתוכנית.

5.1 חוות דעת רפואית נוספת — בישראל:
5.1.1 מבוטח זכאי לחוות דעת רפואית נוספת בגבולות מדינת ישראל.
5.1.2 מבוטח המבקש חוות דעת נוספת בישראל יהיה זכאי:
5.1.2.1 רופא מנתח הקשור בהסכם עם הקופה — בהשתתפות עצמית כפי שתפורסם באתר האינטרנט.
5.1.2.2 רופא מומחה יועץ שבהסכם עם הקופה — בהשתתפות עצמית כפי שתפורסם באתר.
רופא מומחה יועץ שאינו בהסכם עם הקופה — שיפוי בשיעור 85% מההוצאה לרכישת חוות הדעת הנוספת בלבד; השיפוי לא יעלה על 785 ש""ח, ובתנאי שחוות הדעת ניתנה ע'י רופא מומחה יועץ.
5.1.3 סייגים:
5.1.3.1 מבוטח זכאי לקבל שירות/שיפוי כאמור בגין עד 3 חוות דעת רפואיות נוספות סך הכל במהלך שנה קלנדרית אחת.
5.1.3.2 טיפול רפואי עליו המליץ היועץ יינתן בכפוף לאישור הסמכות המקצועית בקופה.

5.2 חוות דעת נוספת בחו'ל:
5.2.1 מבוטח זכאי להתייעץ עם מומחה בכיר ממרכזי הרפואה בחו'ל עמם קשורה הקופה בהסכם, בתנאי שהתייעץ קודם עם מומחה בכיר בתחום מטעם הקופה וקיבל אישור מראש מהסמכות המאשרת. הצורך בייעוץ נובע מאחד מאלה:
5.2.1.1 קיימת המלצה של יועץ אונקולוגי מטעם הקופה.
5.2.1.2 קיים חשש לצורך בניתוח לב פתוח או ניתוח מוח.
5.2.1.3 קיים צורך בהשתלת אחד האיברים הבאים: לב, כבד, מוח עצם, ריאות.
5.2.1.4 מחלה (שלא עקב תאונה) המצריכה כריתת גפה.
מבוטח שהוכר כזכאי לחוות דעת בחו'ל, זכאי לקבלה מאחד המרכזים הרפואיים בחו'ל בהסכם בהשתתפות עצמית שלא תעלה על 50 דולר. הזכאות הינה לחוות דעת אחת בשנה.
אם לא ניתן לקבל חוות דעת ממרכז בהסכם — שיפוי בשיעור 75% מהוצאותיו ועד תקרה של 800 דולר.

שיא · PROG20 · סעיף ב'.14 — חוות דעת נוספת — בישראל
תקופת המתנה: 6 חודשים מיום ההצטרפות לתוכנית.
מתווה השירות ביחס לזכאות על פי 'מאוחדת עדיף': משופר חלופי.
14.1 מבוטח המבקש חוות דעת נוספת בישראל יהיה זכאי:
14.1.1 רופא מנתח הקשור בהסכם — בהשתתפות עצמית כפי שתפורסם באתר האינטרנט.
14.1.2.1 רופא מומחה יועץ שבהסכם — בהשתתפות עצמית כפי שתפורסם באתר.
14.1.2.2 רופא מומחה יועץ שאינו בהסכם — שיפוי בשיעור 85% מההוצאה; השיפוי לא יעלה על 857 ש""ח, ובתנאי שחוות הדעת ניתנה ע'י 'רופא מומחה'.
14.2 סייגים:
14.2.1 מבוטח זכאי לשיפוי בגין עד 4 חוות דעת רפואיות נוספות סך הכל במהלך שנה קלנדרית אחת (לעומת 3 ב'עדיף').
14.2.4 מתום תקופת ההמתנה מחליפה זכאות ב'שיא' את זכאות 'עדיף'; ניצול ב'עדיף' ימנה מהמכסה ב'שיא'.

סעיף ב'.4 — התייעצות רפואית לפני בחירת מרכז רפואי בחו'ל (חוות דעת בחו'ל):
תקופת המתנה: לא צוינה. מתווסף.
4.1 מבוטח 'שיא' הזקוק לטיפול בחו'ל יהיה זכאי לקבל מהקופה רשימה של 3 מרכזים רפואיים בחו'ל ו-3 רופאים מומחים בתחום הרלוונטי — ללא השתתפות עצמית.
4.3 מבוטח שיבחר להתייעץ עם מרכז/רופא בחו'ל שבהסכם עם הקופה — יהיה זכאי לייעוץ בהשתתפות עצמית של 171 ש""ח להתייעצות. הזכאות הינה עד לשלוש חוות דעת לכל תקופת החברות.
4.4 התנאים לזכאות: המלצת יועץ אונקולוגי; חשש לניתוח לב פתוח/מוח; צורך בהשתלת לב, כבד, מוח-עצם, ריאות; מחלה המצריכה כריתת גפה.
4.5 אם לא ניתן לקבל חוות דעת ממרכז בהסכם — שיפוי בשיעור 85% ועד תקרה של 8,567 ש""ח.","כסף · PROG24 · פרק ד' — פניה לרופא יועץ מומחה ורופא ילדים מומחה לחוות דעת שניה (כולל חוות דעת שניה לבדיקה פתולוגית)

סעיף 1 — הגדרות:
""רופא יועץ מומחה"" — רופא המוכר על ידי השלטונות המוסמכים בישראל, בעל ותק 5 שנים לפחות כמומחה, שאינו רופא מומחה קופה, אינו רופא בהסדר התייעצות, ואינו רופא שיניים, אשר שמו נכלל ברשימת היועצים של תכניות השב""ן לאומית כסף/זהב.
""רופא ילדים מומחה"" — רופא יועץ מומחה המוכר כמומחה ברפואת ילדים, שאינו רופא קופה ואינו רופא שיניים.

סעיף 2 — המקרה המזכה: התייעצות עם רופא יועץ מומחה ו/או רופא ילדים מומחה ו/או רופא בהסדר התייעצות.

סעיף 3.1 — רופא יועץ מומחה / רופא ילדים מומחה:
3.1.2 הקופה תשפה 80% מההוצאות הממשיות.
3.1.3 השיפוי לעמיתי ""לאומית כסף"" — עד תקרה 690 ש""ח להתייעצות.

סעיף 3.2 — רופא בהסדר התייעצות:
3.2.1 הקופה תשלם ישירות לרופא, בכפוף להשתתפות עצמית של העמית כמפורט ברשימת ההשתתפויות העצמיות.

סעיף 4 — תנאי הזכאות:
4.1 עמית ""לאומית כסף"" — התייעצות אחת בשנה עם רופא יועץ מומחה או רופא בהסדר התייעצות, והתייעצות אחת עם רופא ילדים מומחה.

סעיף 5 — תקופת אכשרה: 6 חודשים.

פרק ה' — חוות דעת שניה בחו""ל

סעיף 3.1 — מרכז רפואי בהסכם:
3.1.2 עמית ""לאומית כסף"" — השתתפות עצמית $50 לכל התייעצות.

סעיף 3.2 — מרכז רפואי שאינו בהסכם:
3.2.2 הקופה תשפה 80% מההוצאות הממשיות.
3.2.3 השיפוי לעמיתי ""לאומית כסף"" — עד תקרה $500.

סעיף 3.3 — הבאת רופא מומחה מחו""ל לישראל — ייחודי ל""לאומית זהב"" בלבד.

סעיף 4 — תקופת אכשרה: 3 חודשים.

זהב · PROG25 · פרק ד' — פניה לרופא יועץ מומחה ורופא ילדים מומחה לחוות דעת שניה (כולל חוות דעת שניה לבדיקה פתולוגית)

סעיף 3.1 — רופא יועץ מומחה / רופא ילדים מומחה:
3.1.2 הקופה תשפה 80% מההוצאות הממשיות.
3.1.4 השיפוי לעמיתי ""לאומית זהב"" — עד תקרה 690 ש""ח להתייעצות.

סעיף 3.2 — רופא בהסדר התייעצות:
3.2.1 הקופה תשלם ישירות, בכפוף להשתתפות עצמית מופחתת כמפורט ברשימת ההשתתפויות העצמיות.

סעיף 4 — תנאי הזכאות:
4.2 עמית ""לאומית זהב"" — סך כולל של שלוש התייעצויות בשנה עם רופא יועץ מומחה ו/או רופא בהסדר התייעצות, והתייעצות אחת בשנה עם רופא ילדים מומחה.
4.3 במניין ההתייעצויות לשנה — יובאו רק התייעצויות שקוימו בפועל.

סעיף 5 — תקופת אכשרה: 6 חודשים.

פרק ה' — חוות דעת שניה בחו""ל

סעיף 3.1 — מרכז רפואי בהסכם:
3.1.3 עמית ""לאומית זהב"" — פטור מתשלום השתתפות עצמית בגין חוות דעת שניה בחו""ל.

סעיף 3.2 — מרכז רפואי שאינו בהסכם:
3.2.2 הקופה תשפה 80% מההוצאות הממשיות.
3.2.4 השיפוי לעמיתי ""לאומית זהב"" — עד תקרה $1,000.

סעיף 3.3 — הבאת רופא מומחה מחו""ל לישראל (ייחודי ל""לאומית זהב""):
3.3.2 הקופה תשפה את עמית ""לאומית זהב"" בסך 80% מההוצאות, ולא יותר מ-₪10,858 (כולל הוצאות טיסה, שהייה ומתן חוות דעת).
3.3.3 מותנה בקבלת אישור מראש.

סעיף 4 — תקופת אכשרה: 3 חודשים.",לאומית זהב,
689,"ניתוחים וטיפולים בחו""ל",,השתלות איברים,"כלל מבוטחי השב""ן בקופות החולים (לפי תוכנית והקופה)","הטבת שב""ן בנושא השתלות איברים","החזר/הטבה להשתלות איברים בין 171 ל-111,991 ₪","זהב · PROG09 · השתלת כליה במדינת חוץ (סעיף 40): עמית הזקוק לניתוח השתלת כליה שאין אפשרות לבצעו תוך מועד סביר במסגרת הרפואה הציבורית בארץ — זכאי להחזר מכללית מושלם עד $15,000, כפוף לקבלת אישור מראש. תקופת זכאות: 24 חודשים. בנוסף: המשך טיפול רפואי במדינת חוץ לאחר טיפול — עד $10,000 למקרה מזכה (תוך 18 חודשים מהטיפול); הוצאות הטסת גופה במקרה פטירה בחו""ל בעת טיפול. (אין פרק ייעודי כללי לכלל השתלות האיברים.)

פלטינום · PROG10 · אין מידע — מומלץ לבדוק. אין בפלטינום פרק ייעודי להשתלות איברים בארץ/בחו""ל. במסגרת חבילת חולי סרטן: השתתפות בעלות ניתוח/טיפולים בארץ, ועד ₪111,991 לטיפולים/ניתוחים במדינת חוץ הנדרשים לטיפול במחלה. השתלות איברים כלליות — ראו מושלם זהב והסל הבסיסי.","כסף · PROG14 · סעיף 8 — ניתוחים בחו""ל (השתלות):
סעיף 8.1א.1: בגין השתלת איברים (כבד, לב או ריאות) — עד $300,000, אך ורק בהתקיים כל התנאים הבאים, לפני נסיעת החבר לחו""ל:
(א) קבלת אישור ""מכבי כסף"" מראש על הצורך הרפואי לביצוע ההשתלה והמוסד הרפואי בו תבוצע.
(ב) מתן התחייבות כספית למוסד הרפואי ע""י ""מכבי כסף"" מראש ולפני ביצוע ההשתלה בלבד; לא יינתנו התחייבויות כספיות או תשלומים בדיעבד.
תקופת המתנה: 24 חודשים.
(אין סעיף ייעודי להשתלות בתוך הארץ; כיסוי ניתנים בחו""ל בלבד.)

זהב · PROG15 · סעיף 8 — ניתוחים בחו""ל:
8.1.א.1: בגין השתלת איברים (כבד, לב או ריאות) — תקרה $300,000 נוסף על תשלום מכבי על פי התקנות, בהתקיים התנאים: (א) קבלת אישור ""מכבי זהב"" מראש על הצורך הרפואי וזהות המוסד הרפואי; (ב) מתן התחייבות כספית למוסד הרפואי ע""י ""מכבי זהב"" מראש בלבד.
8.1.א.2: בגין ניתוחים להצלת חיים שאינם ניתנים לביצוע בארץ (להוציא השתלות) — עד $100,000.
8.1.א.3: טיפולים להצלת חיים שאינם ניתנים בארץ (להוציא השתלות) — עד $85,000.
תקופת המתנה: 24 חודשים.
סעיף 9 — השתלת כליה בחו""ל:
חבר הזקוק לניתוח השתלת כליה ואין אפשרות לבצעו תוך מועד סביר במסגרת הרפואה הציבורית בארץ, רשאי לבצעו פרטית בחו""ל לאחר אישור יועצי ""מכבי זהב"" המוסמכים. ""מכבי זהב"" תחזיר עד תקרה של $70,000 (כערכם בשקלים לפי שער יציג ביום התשלום). ההחזר לא יעלה על 50% מהתשלומים בפועל למנתח ולבית החולים, ולא יעלה על תשלומי החבר בפועל.
תקופת המתנה: 24 חודשים.
סעיף 27.2 — ייעוץ מומחה בחו""ל: כולל זכאות לחוות דעת ממומחה בכיר בחו""ל (75% מהוצאות ממשיות, עד $1,300 לשנה) גם עבור מחלה המצריכה השתלת אחד האיברים הבאים מגופו של תורם בן אנוש: כבד, כליה, לב, לב-ריאות, ריאות, מח-עצמות.

שלי · PROG16 · תקנון ""מכבי שלי"" אינו כולל סעיף ייעודי להשתלות איברים. סעיף 33.2.7 מציין במפורש כי ניתוחים פרטיים בחו""ל שבסעיף 33 אינם חלים על השתלות. כיסוי ניתוחים בחו""ל להשתלת איברים (לב, כבד, ריאות — $300,000; כליה — $70,000) ממשיך להינתן במסגרת ""מכבי זהב"" (סעיפים 8 ו-9) שנשאר הבסיס. אין מתווסף ייחודי ב""מכבי שלי"" בנושא השתלות — אין מידע — מומלץ לבדוק.","עדיף · PROG19 · סעיף ב'.4 — עזרה רפואית בחו'ל (כולל השתלות):
במסגרת כיסוי עזרה רפואית בחו'ל, מפורט בסעיף 4.2 לתוכנית 'מאוחדת עדיף':
מבוטח הזקוק לניתוח של השתלת לב, ריאות, כבד או מוח עצם יהיה זכאי לביצוע ההשתלה אך ורק במרכז רפואי בחו'ל. תשלם הקופה ישירות למרכז הרפואי את מלוא עלות ההשתלה. רשימת המרכזים הרפואיים בחו'ל המיועדים לביצוע ניתוחי השתלה תעמוד לרשות המבוטחים.
הזכאות לחוות דעת לפני ההחלטה על השתלה: על פי סעיף 5.2.1.3 — קיים צורך בהשתלת אחד האיברים הבאים: לב, כבד, מוח עצם, ריאות — מזכה בחוות דעת נוספת בחו'ל בהשתתפות עצמית של עד 50 דולר (מרכז בהסכם) או שיפוי 75% עד תקרת 800 דולר (מחוץ להסכם).
הערה: התקנון עוסק בהשתלת לב, כבד, מוח עצם וריאות בחו'ל. לגבי השתלת כליה ואיברים אחרים שמבוצעים בישראל — הכיסוי במסגרת ניתוחים בבית חולים פרטי (פרק ב' סעיף 1) לפי רשימת הניתוחים המאושרת.

שיא · PROG20 · סעיף ב'.4.4 — תנאים לחוות דעת בחו'ל הכוללים השתלה:
קיים צורך בהשתלת אחד האיברים הבאים: לב, כבד, מוח-עצם, ריאות — מזכה בחוות דעת בחו'ל מאחד המרכזים הרפואיים שבהסכם בהשתתפות עצמית של 171 ש""ח להתייעצות, עד 3 חוות דעת לכל תקופת החברות. אם לא ניתן לקבל חוות דעת ממרכז בהסכם — שיפוי 85% ועד תקרה 8,567 ש""ח.

סעיף ב'.5 — ניתוחים בחו'ל על פי בחירת המבוטח:
תקופת המתנה: 24 חודשים.
מבוטח 'שיא' הזקוק לניתוח הנמנה על החוק ואשר מבוצע דרך שגרה בישראל, למעט ניתוח להשתלת איברים, יהיה זכאי לבצעו בחו'ל בהחזר של עד 200% מתעריף הניתוח בישראל (250% לניתוחים שאושרו לפני 10.10.2023). הזכאות מוגבלת לניתוח אחד במהלך תקופת הביטוח. (לשים לב: סעיף זה מחריג במפורש השתלת איברים.)

לגבי השתלות המבוצעות בישראל: הכיסוי במסגרת ניתוחים בבתי חולים פרטיים (פרק ב' סעיף 1 לתקנון 'מאוחדת שיא') לפי רשימת הניתוחים המאושרת; ניתוחים בחו'ל לצורך השתלת לב, כבד, מוח-עצם, ריאות — כמפורט לעיל ובסעיף 5.2 לתקנון 'עדיף'.","כסף · PROG24 · פרק ו' — השתלות, ניתוחים וטיפולים בחו""ל

סעיף 1 — הגדרות:
1.1 ""השתלה"" — השתלת איבר מגופו של תורם בן-אנוש, של אחד מהאיברים: כבד, כליה, לב, לב-ריאות, ריאות, מח עצמות, לבלב, קרנית, כליה ולבלב.
1.2 ""טיפול מיוחד"" — טיפול רפואי המקובל על ידי הרשויות בארץ שבה הוא ניתן, מסוג: סרטן ממאיר, ניתוח/טיפול להצלת חיים, מניעת נכות לצמיתות מעל 75%, הצלת שמיעה/ראיה.

סעיף 2 — המקרה המזכה:
2.1 ביצוע השתלה בחו""ל (למעט השתלת כליה) שאינה ניתנת לביצוע בישראל, דרושה להצלת חיים, ואושרה על ידי רופא מומחה מטעם הקופה והגורם המאשר.
2.2 ביצוע השתלת כליה בחו""ל, בתנאי שהעמית זכאי לה על פי חוק הבריאות, ואושרה כנדרש.
2.3 ביצוע טיפול מיוחד בחו""ל שאינו ניתן לביצוע בישראל, ואין לו טיפול חלופי.
2.4 ביצוע טיפול מיוחד בחו""ל שניתן גם בישראל אך אושר.

סעיף 3 — התשלום:
3.1.1 השתלת איבר (למעט כליה, סעיף 2.1) — עמית ""לאומית כסף"": סכום מרבי $250,000 (מעבר לסכום הבסיס). תקופת אכשרה: 12 חודשים.
3.2.1 השתלת כליה (סעיף 2.2) — עמית ""לאומית כסף"": סכום מרבי כולל (כולל סל) $40,000. תקופת אכשרה: 18 חודשים.
3.3.1 טיפול מיוחד שאינו ניתן לביצוע בישראל (סעיף 2.3) — עמית ""לאומית כסף"": סכום מרבי $100,000 (מעבר לסכום הבסיס). תקופת אכשרה: 12 חודשים.
3.4.1 טיפול מיוחד שניתן גם בישראל (סעיף 2.4) — עמית ""לאומית כסף"": סכום מרבי $25,000. תקופת אכשרה: 18 חודשים.

סעיף 4 — אופן התשלום: כולל הוצאות שכר רופאים, אחיות, תרופות, השגת איברים (עד $20,000 לקציר איברים), טיסה (מחלקת תיירים, פעם אחת), מגורים וכלכלה (עד $100 ליום, עד 60 יום), אשפוז.

תנאי ייחודי: תור בישראל אינו מהווה עילה — השתלה שאינה ניתנת בישראל מחמת תור אינה מזכה, למעט כשאי-אפשר להשיג איבר מתאים.

זהב · PROG25 · פרק ו' — השתלות, ניתוחים וטיפולים בחו""ל

סעיף 1 — הגדרות: זהה ל""לאומית כסף"" — כבד, כליה, לב, לב-ריאות, ריאות, מח עצמות, לבלב, קרנית, כליה ולבלב.

סעיף 2 — המקרה המזכה: זהה ל""לאומית כסף"" (ראו PROG24).

סעיף 3 — התשלום (סכומים גבוהים יותר מ""כסף""):
3.1.2 השתלת איבר (למעט כליה, סעיף 2.1) — עמית ""לאומית זהב"": סכום מרבי $300,000 (מעבר לסכום הבסיס). תקופת אכשרה: 12 חודשים.
3.2.2 השתלת כליה (סעיף 2.2) — עמית ""לאומית זהב"": סכום מרבי כולל (כולל סל) $70,000. תקופת אכשרה: 18 חודשים.
3.3.2 טיפול מיוחד שאינו ניתן לביצוע בישראל (סעיף 2.3) — עמית ""לאומית זהב"": סכום מרבי $150,000 (מעבר לסכום הבסיס). תקופת אכשרה: 12 חודשים.
3.4.2 טיפול מיוחד שניתן גם בישראל (סעיף 2.4) — עמית ""לאומית זהב"": סכום מרבי $50,000. תקופת אכשרה: 18 חודשים.

סעיף 4 — אופן התשלום: זהה ל""לאומית כסף"" (כולל עלויות שכר רופאים, אחיות, השגת איברים, טיסה, מגורים עד $100/יום עד 60 יום, אשפוז).

תנאי ייחודי: זהה ל""לאומית כסף"" — תור אינו מהווה עילה, למעט כשאי-אפשר להשיג איבר.",טעון השוואה פרטנית,
690,"ניתוחים וטיפולים בחו""ל",,"טיפולים וניתוחים בחו""ל","כלל מבוטחי השב""ן בקופות החולים (לפי תוכנית והקופה)","הטבת שב""ן בנושא טיפולים וניתוחים בחו""ל","החזר/הטבה לטיפולים וניתוחים בחו""ל בין 171 ל-10,858 ₪","פלטינום · PROG10 · פרק ב': השתתפות בניתוחים פרטיים במדינת חוץ — ניתוח שהעמית בוחר לבצע בחו""ל, בכפוף לאישור מראש בעוד שוהה בישראל. תקרת החזר: סך ההחזרים לא יעלה על ההוצאות בפועל (במקרי חבילת סרטן עד 75% מההוצאה). מכוסה: אשפוז וטיפול עד 30 יום (חדר ניתוח, שכר רופאים/אחיות, בדיקות, מעבדה, תרופות, אביזרים מושתלים, מנתח פרטי בהסדר); הטסה רפואית במטוס רגיל/מיוחד בליווי צוות רפואי בכפוף לקריטריונים מאושרים; רופא/פרמדיק מלווה כולל כרטיס טיסתו; הוצאות שהייה (לינה+כלכלה); הטסת גופה עד $8,000 (פטירה בתקופת אשפוז או עד 7 ימים מהשחרור). נדרש אישור מראש של המנהל הרפואי. תקופת אכשרה: 24 חודשים. נדרש מיצוי הזכאות בתכנית כללית מושלם/פלטינום תחילה. מקור: תקנון מושלם פלטינום פרק ב'.

זהב · PROG09 · פרק ב': ניתוחים וטיפולים רפואיים במדינת חוץ להצלת שמיעה, ראייה ומניעת נכות (מעל 75% נכות לצמיתות), כאשר הטיפול אינו ניתן לביצוע בישראל ואין לו חלופה. תקרת החזר: $90,000 למקרה מזכה, שיפוי 100% מההוצאות בפועל (עד התקרה). מכוסה: אשפוז, ניתוח, שכר רופאים/אחיות, בדיקות, מעבדה, תרופות; כרטיסי טיסה לעמית + מלווה אחד (מחלקת תיירות, פעם אחת); רופא מלווה בטיסה עד $500; העברה יבשתית; שהייה+כלכלה לעמית+מלווה עד $10,000 (כלכלה עד $500/חודש); המשך טיפול בחו""ל עד $10,000; הטסת גופה במקרה פטירה בחו""ל. נדרש אישור מראש של המנהל הרפואי. תקופת אכשרה: 24 חודשים. מקור: תקנון מושלם זהב פרק ב'.","כסף · PROG14 · סעיף 8 — ניתוחים בחו""ל (תקנון מכבי כסף).

מקרים מזכים (סעיף 8.1):
א. מקרה מזכה על פי חוק ביטוח בריאות: חבר הזכאי ממכבי לשירותי בריאות במדינת חוץ על פי תקנות ביטוח בריאות ממלכתי (שירותי בריאות במדינות חוץ) התשנ""ה-1995, יקבל החזר נוסף מ""מכבי כסף"" מעבר לסכום שישולם ע""י מכבי על פי התקנות, בתקרות:
  (1) עד 300,000 דולר ארה""ב — בגין השתלת איברים (כבד, לב או ריאות), בכפוף לאישור ""מכבי כסף"" מראש על הצורך הרפואי ועל המוסד הרפואי, ולמתן התחייבות כספית מראש ולפני ביצוע ההשתלה.
  (2) עד 100,000 דולר ארה""ב — בגין ניתוחים להצלת חיים שאינם ניתנים לביצוע בארץ (להוציא השתלות).
  (3) עד 85,000 דולר ארה""ב — בגין טיפולים להצלת חיים שאינם ניתנים לביצוע בארץ (להוציא השתלות).

ב. מקרה שלא נמצא מזכה על פי חוק ביטוח בריאות: תקרה מרבית של 85,000 דולר ארה""ב, בהתקיים כל התנאים המצטברים: מצב בריאותי המחייב מניעת נכות צמיתה מעל 75% / אובדן שמיעה או ראייה / ניתוחים מיוחדים המבוצעים בדרך כלל בחו""ל; הטיפול אינו ניתן לביצוע בישראל; הטיפול אינו מחקר/ניסוי קליני; אישור המנהל הרפואי מראש — תקף 12 חודשים.

כיסוי הוצאות (סעיף 8.2.1.1) — שיפוי הוצאות ממשיות עד סכום התקרה:
• טיסה: החבר ומלווה אחד בטיסה מסחרית סדירה, מחלקת תיירות, הלוך וחזור. אם נדרש רופא מלווה (שאושר ע""י המנהל הרפואי): כרטיס טיסה הלוך וחזור + אש""ל עד 7 ימים + שכר יומי לפי דרגה עד 7 ימים.
• הסעה באמבולנס מקומי מנמל התעופה לבית החולים ובחזרה.
• שהייה: הוצאות שהייה וכלכלה של החבר ומלווה — מגורים עד 100 דולר ארה""ב ליום, ולא יותר מ-1,200 דולר לחודש; כלכלה עד 300 דולר לחודש (חבר ומלווה יחד); סה""כ הוצאות שהייה וכלכלה לא יעלו על 20% מסכום התקרה.
• אשפוז וטיפול רפואי: הוצאות הטיפול הרפואי ו/או האשפוז בבית החולים, לרבות שכר רופאים, אחיות, בדיקות, מעבדה, תרופות, אביזרים והוצאות נלוות.
• הטסת גופה: במקרה מות החבר בחו""ל — הוצאות הטסת הגופה לארץ.
• תוספת שיפוי: אם תגמולי השיפוי נמוכים מ-50% מסכום התקרה — החבר זכאי לשיפוי נוסף עבור עזרה במשק בית ומכשור רפואי עד ההפרש ממחצית התקרה, ולא יותר מ-7,000 דולר ארה""ב.

אחוז שיפוי: שיפוי הוצאות ממשיות (100% מההוצאה בפועל עד התקרה).
אישור מראש: נדרש לשני המסלולים — לסעיף א' (השתלה) נדרש אישור מראש והתחייבות כספית; לסעיף ב' נדרש אישור המנהל הרפואי לפני הטיפול.
תקופת המתנה (אכשרה): 24 חודשים (סעיף 8.3).
הגבלה נוספת: תשלום תגמולים רק בגין מקרה מזכה אחד לחבר למשך שנתיים (ניתוח חוזר בתוך השנתיים ייחשב כאותו מקרה).

מקור: תקנון מכבי כסף

זהב · PROG15 · סעיף 8 — ניתוחים בחו""ל (תקנון מכבי זהב).

מקרים מזכים (סעיף 8.1):
א. מקרה מזכה על פי חוק ביטוח בריאות: חבר הזכאי ממכבי לשירותי בריאות במדינת חוץ על פי תקנות ביטוח בריאות ממלכתי (שירותי בריאות במדינות חוץ) התשנ""ה-1995, יקבל החזר נוסף מ""מכבי זהב"" מעבר לסכום שישולם ע""י מכבי על פי התקנות, בתקרות:
  1. עד 300,000 דולר ארה""ב — בגין השתלת איברים (כבד, לב או ריאות), בכפוף לאישור ""מכבי זהב"" מראש על הצורך הרפואי ועל המוסד הרפואי, ולמתן התחייבות כספית מראש ולפני ביצוע ההשתלה.
  2. עד 100,000 דולר ארה""ב — בגין ניתוחים להצלת חיים שאינם ניתנים לביצוע בארץ (להוציא השתלות).
  3. עד 85,000 דולר ארה""ב — בגין טיפולים להצלת חיים שאינם ניתנים לביצוע בארץ (להוציא השתלות).

ב. מקרה שלא נמצא מזכה על פי חוק ביטוח בריאות: תקרה מרבית של 85,000 דולר ארה""ב, בהתקיים כל התנאים המצטברים: מצב בריאותי המחייב מניעת נכות צמיתה מעל 75% / אובדן שמיעה או ראייה / ניתוחים מיוחדים המבוצעים בדרך כלל בחו""ל; הטיפול אינו ניתן לביצוע בישראל; הטיפול אינו מחקר/ניסוי קליני; אישור המנהל הרפואי מראש — תקף 12 חודשים.

כיסוי הוצאות (סעיף 8.2.1.1) — שיפוי הוצאות ממשיות עד סכום התקרה:
• טיסה: החבר ומלווה אחד בטיסה מסחרית סדירה, מחלקת תיירות, הלוך וחזור. אם נדרש רופא מלווה (שאושר ע""י המנהל הרפואי): כרטיס טיסה הלוך וחזור + אש""ל עד 7 ימים + שכר יומי לפי דרגה עד 7 ימים.
• הסעה באמבולנס מקומי מנמל התעופה לבית החולים ובחזרה.
• שהייה: הוצאות שהייה וכלכלה של החבר ומלווה — מגורים עד 100 דולר ארה""ב ליום, ולא יותר מ-1,200 דולר לחודש; כלכלה עד 300 דולר לחודש (חבר ומלווה יחד); סה""כ הוצאות שהייה וכלכלה לא יעלו על 20% מסכום התקרה.
• אשפוז וטיפול רפואי: הוצאות הטיפול הרפואי ו/או האשפוז בבית החולים, לרבות שכר רופאים, אחיות, בדיקות, מעבדה, תרופות, אביזרים והוצאות נלוות.
• הטסת גופה: במקרה מות החבר בחו""ל — הוצאות הטסת הגופה לארץ.
• תוספת שיפוי: אם תגמולי השיפוי נמוכים מ-50% מסכום התקרה — החבר זכאי לשיפוי נוסף עבור עזרה במשק בית ומכשור רפואי עד ההפרש ממחצית התקרה, ולא יותר מ-7,000 דולר ארה""ב.

אחוז שיפוי: שיפוי הוצאות ממשיות (100% מההוצאה בפועל עד התקרה).
אישור מראש: נדרש לשני המסלולים — לסעיף א' (השתלה) נדרש אישור מראש והתחייבות כספית; לסעיף ב' נדרש אישור המנהל הרפואי לפני הטיפול.
תקופת המתנה (אכשרה): 24 חודשים (סעיף 8.3).
הגבלה נוספת: תשלום תגמולים רק בגין מקרה מזכה אחד לחבר למשך שנתיים (ניתוח חוזר בתוך השנתיים ייחשב כאותו מקרה).

מקור: תקנון מכבי זהב

שלי · PROG16 · סעיף 33 — ניתוחים פרטיים בחו""ל (תקנון מכבי שלי). מהות הכיסוי ביחס לזכאות על פי ""מכבי זהב"": חדש (כיסוי שאינו קיים ב""מכבי זהב"").

מקרה מזכה (סעיף 33.2): מבוטח ""מכבי שלי"" זכאי להחזר עבור ניתוח שבסל הבריאות (הכלול בסל ויש לו תעריף דיפרנציאלי ממשרד הבריאות, שנעשה באשפוז מלא), אשר על פי בחירת המבוטח יתבצע בחו""ל, בתנאים המצטברים הבאים:
  33.2.1 רופא מכבי מומחה בתחום קבע כי יש צורך רפואי בניתוח.
  33.2.2 הניתוח אינו רפואה אלטרנטיבית, ואינו מחקר/ניסוי קליני — הצטבר ניסיון קליני מספק.
  33.2.3 הניתוח אושר ע""י ""מכבי שלי"" מראש, בעוד המבוטח שוהה בישראל.
  33.2.4 הניתוח אינו מאושר לביצוע בחו""ל על פי חוק ביטוח בריאות ו/או תקנון ""מכבי זהב"" (ללא כפל כיסויים).
  33.2.5 לניתוח יש תעריף דיפרנציאלי בתעריפון משרד הבריאות.
  33.2.6 הניתוח ייעשה על פי אמות מידה אתיות מקובלות.
  33.2.7 אינו כולל: השתלות, טיפולים בעקרות/פוריות/לידה, הקרנות, כימותרפיה, טיפולים אונקולוגיים, טיפול היפותרמי, זריקות/הזלפות, בדיקות הדמיה (CT/MRI) שאינן חלק מהאשפוז.

גובה הכיסוי (סעיף 33.3):
• ניתוח בחו""ל: החזר הוצאות רפואיות (אשפוז, חדר ניתוח, רופאים, אחיות, הרדמה, בדיקות, מעבדה, תרופות — כל שבמהלך האשפוז) עד תקרה של 200% מהמחירון הדיפרנציאלי של משרד הבריאות עבור אותו ניתוח בבית חולים בישראל.
• ניתוח בישראל (ע""י מנתח זר): עד 100% מהמחירון הדיפרנציאלי של משרד הבריאות.
• התשלום יבוצע בשקלים לפי השער היציג ביום התשלום, כנגד הוצאות ממשיות ששולמו בפועל.
• אין כפל כיסויים: ניתוח שאושר ב""מכבי זהב"" לא יאושר בסעיף זה.

אחוז שיפוי: שיפוי הוצאות ממשיות עד 200% מהמחירון הדיפרנציאלי של משרד הבריאות (ניתוח בחו""ל).
אישור מראש: נדרש אישור ""מכבי שלי"" מראש לפני הנסיעה לחו""ל.
הוצאות נלוות (טיסה/שהייה/מלווה/הטסת גופה): אינן מכוסות במסגרת סעיף זה — הכיסוי מוגבל להוצאות רפואיות ואשפוז בלבד.
תקופת המתנה (אכשרה): 12 חודשים (סעיף 33.3.5).

מקור: תקנון מכבי שלי","עדיף · PROG19 · תקופת אכשרה: 24 חודשים מיום ההצטרפות לתוכנית. אישור מראש: נדרש אישור מראש ובכתב מ""הסמכות המאשרת"" בקופה לפני ביצוע הטיפול או הניתוח בחו""ל.

כיסוי רפואי (סעיף 4):
• ניתוח/אשפוז: ההוצאות הרפואיות כוללות אשפוז בבית חולים כללי ו/או טיפול אמבולטורי, שכר רופאים, אחיות, בדיקות רפואיות, שירותי מעבדה, תרופות, חדר ניתוח, מרדים, חדר התאוששות, טיפול נמרץ.
• ניתוח/טיפול להצלת חיים שאינו ניתן לביצוע בישראל (לא השתלה): תקרת שיפוי עד 100,000 דולר מעבר לסכום הבסיס מכוח חוק (סעיף 4.2.2). אם מרכז ההסכם אינו ערוך — תקרה עד 100,000 דולר (סעיף 4.6.2).
• השתלת כבד/לב/ריאות: ביצוע במרכז רפואי בחו""ל שבהסכם עם הקופה — הקופה משלמת את מלוא עלות ההשתלה ישירות (סעיף 4.2.1). אם מרכז ההסכם אינו ערוך — תקרה עד 250,000 דולר מעבר לסכום הבסיס (סעיף 4.6.1).
• השתלת כליה: תקרה עד 90,000 דולר (סעיף 4.3.1.3 + 4.3.2).
• מניעת אובדן שמיעה/ראייה: תקרה עד 85,000 דולר (סעיף 4.3.1.1 + 4.3.2).
• הצלת איבר: תקרה עד 35,000 דולר (סעיף 4.3.1.2 + 4.3.2).
• מצבים רפואיים מיוחדים שאינם ניתנים לביצוע בישראל (סעיף 4.3.1.4): שיפוי בגובה עלות ביצוע טיפול דומה בבית חולים ציבורי בישראל לפי תעריף משרד הבריאות — ללא הוצאות נלוות.

הוצאות נלוות — תקרה כוללת 10,000 דולר לכל מקרה מזכה (סעיף 4.8.1.1), למעט מקרי סעיף 4.3.1.4. כוללות:
• טיסה: הוצאות טיסה מישראל וחזרה בטיסה מסחרית סדירה, מחלקת תיירים, של מלווה אחד (סעיף 4.8.3.1).
• מלווה/רופא מלווה: טיסה מאושרת לתורם ו/או רופא מלווה בצורך רפואי מאושר; שכר הרופא המלווה — שכר יומי כמקובל לרופא בכיר בבית חולים ציבורי, עד 4 ימי שהות בחו""ל (סעיף 4.8.3.2).
• שהייה/אש""ל: $165 לכל יום שהייה למבוטח ולמלווים שיציאתם אושרה (לפני/תוך כדי/אחרי האשפוז), בכפוף לתקרה הכוללת (סעיף 4.8.3.4).
• העברה יבשתית: בכלי התחבורה הזול ביותר המתאים למצב הרפואי, משדה התעופה לבית החולים וחזרה (סעיף 4.8.3.3).
• הטסת גופה: כיסוי הוצאות הטסת הגופה לישראל במקרה מות המבוטח/התורם כתוצאה מהטיפול, עד 30% מיתרת השיפוי שלא נוצלה (סעיף 4.8.3.5).
• ביטוח נוסעים: על המבוטח והמלווים חלה חובה לרכוש פוליסת ביטוח נוסעים לכל תקופת השהות בחו""ל; עלות הפרמיה אינה מכוסה ע""י הקופה (סעיף 4.9).

מקור: תקנון מאוחדת עדיף

שיא · PROG20 · פרק א — ניתוחים בחו""ל על פי בחירת המבוטח (סעיף 5 — מתווסף על זכויות מאוחדת עדיף):
תקופת אכשרה: 24 חודשים מיום ההצטרפות לתוכנית.
אישור מראש: נדרשת קביעת הגורם המקצועי בקופה שהמבוטח זקוק לניתוח.

כיסוי ניתוח:
• מבוטח מאוחדת שיא הזקוק לניתוח מהרשימה שבחוק ביטוח בריאות ממלכתי אשר מבוצע דרך שגרה בישראל (למעט השתלת איברים) — זכאי לביצוע הניתוח בחו""ל בהחזר של עד 200% מתעריף ניתוח זהה המבוצע בישראל לפי מחירון משרד הבריאות מעודכן ליום הניתוח (סעיף 5.1).
• הזכאות מוגבלת לניתוח אחד במהלך כל תקופת הביטוח (סעיף 5.2).
• הערה: לא יינתן החזר בגין ניתוח שיבוצע ע""י רופא בעל רישיון ישראלי לעסוק ברפואה המקבל מטופלים באופן סדור בישראל.
• הוצאות נלוות: אישור לניתוח לפי סעיף 5 אינו מזכה בהוצאות נלוות על פי סעיף 4.8 של תקנון מאוחדת עדיף (סעיף 5.3).
• ביטוח נוסעים: על המבוטח והנלווים חלה חובה לרכוש פוליסת ביטוח נוסעים למלוא תקופת השהות בחו""ל; עלות הפרמיה אינה מכוסה ע""י הקופה (סעיף 5.4).
• הוראת מעבר: מבוטח שאושרה השתתפות הקופה לפני 10.10.2023 — זכאי לשיעור גבוה יותר של 250% (סעיף 5.5).

פרק ב — התייעצות רפואית לפני בחירת מרכז רפואי בחו""ל (סעיף 4 — מתווסף על זכויות מאוחדת עדיף):
תקופת אכשרה: לא נדרשת.
• הקופה מספקת רשימה של 3 מרכזים רפואיים בחו""ל ו-3 רופאים מומחים בחו""ל המתאימים למצב הרפואי (סעיף 4.1).
• ייעוץ ממרכז בחו""ל שבהסכם עם הקופה — השתתפות עצמית 171 ש""ח להתייעצות, עד 3 חוות דעת לכל תקופת החברות (סעיף 4.3); מותנה בצרכים רפואיים מוגדרים: המלצה אונקולוגית, חשש לניתוח לב פתוח/מוח, השתלת לב/כבד/מוח עצם/ריאות, מחלה המצריכה כריתת גפה (סעיף 4.4).
• ייעוץ ממרכז שאינו בהסכם: שיפוי 85% מההוצאות בפועל, עד תקרה של 8,567 ש""ח (שכר רופא + שיגור חומר רפואי); בכפוף לאישור הסמכות המקצועית בקופה (סעיף 4.5–4.6).

כל יתר הזכויות הנוגעות לניתוחים/טיפולים בחו""ל (ניתוחים להצלת חיים, השתלות, הוצאות נלוות, הטסת גופה, שהייה, מלווה וכו') — נובעות מתקנון מאוחדת עדיף הבסיסי (סעיף 4 לתקנון עדיף) אשר חל גם על מבוטחי שיא.

מקור: תקנון מאוחדת שיא","כסף · PROG24 · פרק ו' — השתלות, ניתוחים וטיפולים בחו""ל (לאומית כסף):

1. השתלות (למעט השתלת כליה) שאושרו עפ""י חוק הבריאות: תקרה מרבית $250,000 (ארה""ב) מעבר לסכום הבסיס. תקופת אכשרה: 12 חודשים.
2. השתלת כליה: תקרה מרבית $40,000 (ארה""ב) כולל סכום הבסיס (סל הבריאות). תקופת אכשרה: 18 חודשים.
3. טיפול מיוחד בחו""ל שאושר עפ""י חוק הבריאות (סרטן ממאיר, הצלת חיים, מניעת נכות >75%, הצלת שמיעה/ראיה — שאינו ניתן לביצוע בישראל ואין לו טיפול חלופי): תקרה מרבית $100,000 (ארה""ב) מעבר לסכום הבסיס. תקופת אכשרה: 12 חודשים.
4. טיפול מיוחד בחו""ל שלא אושר עפ""י חוק הבריאות (סעיפים 1.2.2–1.2.4 בלבד): תקרה מרבית $25,000 (ארה""ב). תקופת אכשרה: 18 חודשים.

מה מכוסה:
- שכר רופאים, אחיות, בדיקות, מעבדה, תרופות, דמי אשפוז.
- טיסה: החזר הוצאות ממשיות לעמית ומלווה אחד, מחלקת תיירים, קו סדיר, פעם אחת.
- הטסה רפואית: החזר הוצאות ממשיות (הטסה בשכיבה + ציוד רפואי), פעם אחת.
- רופא מלווה: עד $500 ליום, עד 4 ימים (בתנאי שנדרש ע""י שלטונות התעופה ו/או שני רופאים מומחים).
- העברה יבשתית: החזר סביר משדה התעופה לבית החולים וחזרה.
- מגורים וכלכלה לעמית ומלווה אחד: עד $100 ליום, עד 60 יום (בתנאי שהשהייה אושרה כחיונית רפואית ע""י רופא הקופה).
- המשך טיפול בחו""ל: עד $10,000 למקרה, עד 12 חודשים מהטיפול, בתנאי שאושר מראש.
- הטסת גופה: החזר הוצאות ממשיות.
- השגת איברים ושימורם: עד $20,000 למקרה מזכה.

אישור מראש: נדרש אישור מראש מהגורם המאשר בקופה לכל קטגוריה (השתלה, השתלת כליה, טיפול מיוחד). טיפול שלא אושר עפ""י חוק הבריאות — נדרש אישור מראש של רופא מומחה מטעם הקופה.

מקור: תקנון לאומית כסף (פרק ו', סעיפים 2–4, עמ' 35–39).

זהב · PROG25 · פרק ו' — השתלות, ניתוחים וטיפולים בחו""ל (לאומית זהב):

1. השתלות (למעט השתלת כליה) שאושרו עפ""י חוק הבריאות: תקרה מרבית $300,000 (ארה""ב) מעבר לסכום הבסיס. תקופת אכשרה: 12 חודשים.
2. השתלת כליה: תקרה מרבית $70,000 (ארה""ב) כולל סכום הבסיס (סל הבריאות). תקופת אכשרה: 18 חודשים.
3. טיפול מיוחד בחו""ל שאושר עפ""י חוק הבריאות (סרטן ממאיר, הצלת חיים, מניעת נכות >75%, הצלת שמיעה/ראיה — שאינו ניתן לביצוע בישראל ואין לו טיפול חלופי): תקרה מרבית $150,000 (ארה""ב) מעבר לסכום הבסיס. תקופת אכשרה: 12 חודשים.
4. טיפול מיוחד בחו""ל שלא אושר עפ""י חוק הבריאות (סעיפים 1.2.2–1.2.4 בלבד): תקרה מרבית $50,000 (ארה""ב). תקופת אכשרה: 18 חודשים.

מה מכוסה:
- שכר רופאים, אחיות, בדיקות, מעבדה, תרופות, דמי אשפוז.
- טיסה: החזר הוצאות ממשיות לעמית ומלווה אחד, מחלקת תיירים, קו סדיר, פעם אחת.
- הטסה רפואית: החזר הוצאות ממשיות (הטסה בשכיבה + ציוד רפואי), פעם אחת.
- רופא מלווה: עד $500 ליום, עד 4 ימים (בתנאי שנדרש ע""י שלטונות התעופה ו/או שני רופאים מומחים).
- העברה יבשתית: החזר סביר משדה התעופה לבית החולים וחזרה.
- מגורים וכלכלה לעמית ומלווה אחד: עד $100 ליום, עד 60 יום (בתנאי שהשהייה אושרה כחיונית רפואית ע""י רופא הקופה).
- המשך טיפול בחו""ל: עד $10,000 למקרה, עד 12 חודשים מהטיפול, בתנאי שאושר מראש.
- הטסת גופה: החזר הוצאות ממשיות.
- השגת איברים ושימורם: עד $20,000 למקרה מזכה.
- ייחודי לזהב: הבאת מומחה מחו""ל לישראל לצורך חוות דעת שניה — החזר 80% עד ₪10,858 (מפרק ה').

אישור מראש: נדרש אישור מראש מהגורם המאשר בקופה לכל קטגוריה (השתלה, השתלת כליה, טיפול מיוחד). טיפול שלא אושר עפ""י חוק הבריאות — נדרש אישור מראש של רופא מומחה מטעם הקופה.

מקור: תקנון לאומית זהב (פרק ו', סעיפים 2–4, עמ' 35–39).",טעון השוואה פרטנית,
691,"ניתוחים וטיפולים בחו""ל",,טיפולים להאטת הזדקנות (Anti-Aging),"כלל מבוטחי השב""ן בקופות החולים (לפי תוכנית והקופה)",סעיף 6 — טיפולים להאטת הליכי ההזדקנות (Anti Aging). תקופת אכשרה: 6 חודשים מיום ההצטרפות. אין צורך באישור מראש פורמלי (ביצוע במרכז רפואי בהסכם). הזכאות: הנחה בשיעור 30% מהמחירון הרג,,"זהב · PROG09 · אין מידע — מומלץ לבדוק. לא מופיע כזכאות; רק מוצרי קוסמטיקה ברשימת הנחות. מקור: תקנון מושלם זהב.

פלטינום · PROG10 · לא מופיע בפלטינום — חל הכיסוי של מושלם זהב. אין מידע — מומלץ לבדוק. מקור: תקנון מושלם פלטינום.","כסף · PROG14 · אין מידע — מומלץ לבדוק. מקור: תקנון מכבי כסף.

זהב · PROG15 · אין מידע — מומלץ לבדוק. מקור: תקנון מכבי זהב.

שלי · PROG16 · אין מידע — מומלץ לבדוק. מקור: תקנון מכבי שלי.","עדיף · PROG19 · אין מידע — מומלץ לבדוק. מסלול עדיף אינו כולל סעיף ייעודי לטיפולים להאטת הזדקנות. מקור: תקנון מאוחדת עדיף.

שיא · PROG20 · סעיף 6 — טיפולים להאטת הליכי ההזדקנות (Anti Aging). תקופת אכשרה: 6 חודשים מיום ההצטרפות. אין צורך באישור מראש פורמלי (ביצוע במרכז רפואי בהסכם). הזכאות: הנחה בשיעור 30% מהמחירון הרגיל של הספק, עד תקרה של 2,000 דולר לסדרת טיפולים שנתית אחת לכל תקופת הביטוח. רשימת הטיפולים הכלולים מפורטת בהסכם שבין הקופה למכון (זמינה בסניפי הקופה). מקור: תקנון מאוחדת שיא.","כסף · PROG24 · אין מידע — מומלץ לבדוק. מקור: תקנון לאומית כסף.

זהב · PROG25 · אין מידע — מומלץ לבדוק. מקור: תקנון לאומית זהב.",מאוחדת שיא,
692,"ניתוחים וטיפולים בחו""ל",,טיפולים באמצעות גלי הלם (Shockwave),"כלל מבוטחי השב""ן בקופות החולים (לפי תוכנית והקופה)","סעיף 7 — טיפולים באמצעות גלי הלם. תקופת אכשרה: 6 חודשים מיום ההצטרפות. הטיפול מיועד לריסוק הסתיידויות בפרקים (כתף, מרפק), טיפול בדורבן בכפות הרגליים, והסתיידויות של גידים. מספר טיפ",החזר/הטבה לטיפולים באמצעות גלי הלם (Shockwave) עד 771 ₪,"זהב · PROG09 · אין מידע — מומלץ לבדוק. לא מופיע בתקנון. מקור: תקנון מושלם זהב.

פלטינום · PROG10 · לא מופיע בפלטינום — חל הכיסוי של מושלם זהב. אין מידע — מומלץ לבדוק. מקור: תקנון מושלם פלטינום.","כסף · PROG14 · אין מידע — מומלץ לבדוק. מקור: תקנון מכבי כסף.

זהב · PROG15 · אין מידע — מומלץ לבדוק. מקור: תקנון מכבי זהב.

שלי · PROG16 · אין מידע — מומלץ לבדוק. מקור: תקנון מכבי שלי.","עדיף · PROG19 · אין מידע — מומלץ לבדוק. מסלול עדיף אינו כולל סעיף ייעודי לטיפולים בגלי הלם. מקור: תקנון מאוחדת עדיף.

שיא · PROG20 · סעיף 7 — טיפולים באמצעות גלי הלם. תקופת אכשרה: 6 חודשים מיום ההצטרפות. הטיפול מיועד לריסוק הסתיידויות בפרקים (כתף, מרפק), טיפול בדורבן בכפות הרגליים, והסתיידויות של גידים. מספר טיפולים: עד 4 טיפולים לכל תקופת הביטוח, על פי קביעת הרופא המטפל. השתתפות עצמית: 50% מהמחירון הרגיל של הספק ולא יותר מ-771 ש""ח לטיפול. ביצוע באחד מהמרכזים בהסכם עם הקופה. מקור: תקנון מאוחדת שיא.","כסף · PROG24 · כיסוי לטיפולים בגלי הלם לריסוק הסתיידויות במפרקים (מפרק הכתף, מפרק המרפק) והסתיידויות של גידים ודורבנים בכפות הרגליים, במכון שבהסדר (פרק ל' סעיף 1). הקופה נושאת ב-45% מעלות הטיפול; העמית משלם את יתרת 55% ישירות למכון. אין תקרה שנתית נקובה. תקופת אכשרה: ללא. אישור מראש: לא נדרש מפורשות. מקור: תקנון לאומית כסף.

זהב · PROG25 · כיסוי לטיפולים בגלי הלם לריסוק הסתיידויות במפרקים (מפרק הכתף, מפרק המרפק) והסתיידויות של גידים ודורבנים בכפות הרגליים, במכון שבהסדר (פרק ל' סעיף 1). הקופה נושאת ב-45% מעלות הטיפול; העמית משלם את יתרת 55% ישירות למכון. אין תקרה שנתית נקובה. תקופת אכשרה: ללא. אישור מראש: לא נדרש מפורשות. מקור: תקנון לאומית זהב.",מאוחדת שיא,
693,"ניתוחים וטיפולים בחו""ל",,"התייעצות לפני מרכז רפואי בחו""ל","כלל מבוטחי השב""ן בקופות החולים (לפי תוכנית והקופה)",סעיף 4 — התייעצות רפואית לפני בחירת מרכז רפואי בחו״ל. הזכאות מתווספת (אינה קיימת כפרק עצמאי במאוחדת עדיף). מבוטח שיא הזקוק לטיפול/ייעוץ בחו״ל זכאי לקבל מהקופה רשימה של 3 מרכזים רפו,"החזר/הטבה להתייעצות לפני מרכז רפואי בחו""ל בין 171 ל-10,858 ₪","זהב · PROG09 · החזר 75% מההוצאה הישירה בפועל לביצוע התייעצות רפואית לפני בחירת מרכז בחו""ל, עד תקרה של $1,000, פעם אחת לכל מקרה מזכה. אכשרה 6 חודשים. נדרש אישור מראש מהמנהל הרפואי של כללית מושלם. מקור: תקנון מושלם זהב.

פלטינום · PROG10 · לא מופיע בפלטינום — חל הכיסוי של מושלם זהב (החזר 75% עד $1,000). מקור: תקנון מושלם פלטינום.","כסף · PROG14 · אין מידע — מומלץ לבדוק. תקנון מכבי כסף כולל כיסוי לניתוחים בחו""ל (סעיף 8) אך אינו כולל סעיף ייעודי לייעוץ/חוות דעת לפני בחירת מרכז רפואי בחו""ל. מקור: תקנון מכבי כסף.

זהב · PROG15 · סעיף 27.2 — התייעצות עם מומחים בחו""ל: חבר הזקוק להתייעצות עם מומחה בכיר בחו""ל זכאי לשיפוי בשיעור של 75% מהוצאותיו הממשיות (בגין משלוח חומר רפואי ותשלום עבור חוות הדעת בלבד), ולא יותר מ-1,300 דולר ארה""ב (לפי השער היציג במועד התשלום). מספר התייעצויות: אחת בשנה, בכל אחד מהמקרים המזכים (מחלה ממארת, ניתוחי חזה/כלי דם כליליים, השתלות, כריתת גפה, נוירוכירורגיה, הפרעות הורמונאליות/מטבוליות קשות). אכשרה: 12 חודשים. אישור מראש נדרש: כן — על פי הפניית רופא שאושרה מראש על ידי 'מכבי זהב'. הערה: כיסוי זה מתייחס לקבלת חוות דעת ממומחה בכיר בחו""ל בתחום ספציפי, לא ייעוץ כללי לבחירת מרכז; תחולה על מקרים מזכים מוגדרים בלבד. מקור: תקנון מכבי זהב.

שלי · PROG16 · אין מידע — מומלץ לבדוק. תקנון מכבי שלי כולל כיסוי לניתוחים פרטיים בחו""ל (סעיף 33) אך אינו כולל סעיף ייעודי לייעוץ/חוות דעת לפני בחירת מרכז רפואי בחו""ל. מקור: תקנון מכבי שלי.","עדיף · PROG19 · סעיף 5.2 — חוות דעת נוספת בחו״ל (קיים במאוחדת עדיף, אך אינו זהה לנושא ה'התייעצות לפני בחירת מרכז'). מבוטח עדיף זכאי להתייעץ עם מומחה בכיר באחד המרכזים הרפואיים בחו״ל עמם קשורה הקופה בהסכם, בהשתתפות עצמית שלא תעלה על 50 דולר, לחוות דעת אחת בשנה. זאת בתנאים: (1) קיימת המלצת יועץ אונקולוגי מטעם הקופה, (2) חשש לניתוח לב פתוח/מוח, (3) השתלת לב/כבד/מוח עצם/ריאות, (4) מחלה המצריכה כריתת גפה. אם לא ניתן לקבל חוות דעת ממרכזים בהסכם — שיפוי 75% מההוצאה עד 800 דולר. תקופת אכשרה: 6 חודשים. אישור מראש: נדרש מהסמכות המאשרת בקופה. הערה: 'התייעצות רפואית לפני בחירת מרכז רפואי בחו״ל' כפרק עצמאי (סעיף 4 בשיא) אינה קיימת בתקנון מאוחדת עדיף. מקור: תקנון מאוחדת עדיף.

שיא · PROG20 · סעיף 4 — התייעצות רפואית לפני בחירת מרכז רפואי בחו״ל. הזכאות מתווספת (אינה קיימת כפרק עצמאי במאוחדת עדיף). מבוטח שיא הזקוק לטיפול/ייעוץ בחו״ל זכאי לקבל מהקופה רשימה של 3 מרכזים רפואיים בחו״ל ושמות 3 רופאים מומחים, כולל פרטי התקשרות — ללא השתתפות עצמית. מבוטח שיבחר להתייעץ עם אחד המרכזים/רופאים בהסכם ועומד בתנאים (המלצת יועץ אונקולוגי / חשש לניתוח לב פתוח/מוח / השתלת לב/כבד/מוח עצם/ריאות / מחלה המצריכה כריתת גפה) — זכאי לקבל הייעוץ בהשתתפות עצמית של 171 ₪ להתייעצות, עד 3 חוות דעת בכל תקופת החברות. אם לא ניתן לקבל חוות דעת ממרכז בהסכם — שיפוי 85% מההוצאה עד תקרה של 8,567 ₪ (בגין שכר הרופא ושיגור חומר רפואי). תקופת אכשרה: לא נדרשת. אישור מראש: נדרש אישור הסמכות המקצועית בקופה. מקור: תקנון מאוחדת שיא.","כסף · PROG24 · חוות דעת שניה בחו""ל (פרק ה'): כיסוי להתייעצות עם רופא מומחה בחו""ל לצורך קביעת סוג הטיפול המומלץ ו/או אישור האבחנה; מרכז שבהסכם — השתתפות עצמית 50$ להתייעצות; מרכז שלא בהסכם — שיפוי 80% מההוצאה הממשית, עד תקרה 500$; אישור מראש חובה מהגורם המאשר בקופה; נדרשת הפניה בכתב של רופא מומחה בכיר; תקופת אכשרה 6 חודשים. הערה: הכיסוי הוא לחוות דעת רפואית שניה בחו""ל ולא ספציפית ""לייעוץ לפני בחירת מרכז"" — ייתכן שמדובר בשירות נפרד שאינו מוזכר בתקנון זה; אין מידע — מומלץ לבדוק. מקור: תקנון לאומית כסף.

זהב · PROG25 · חוות דעת שניה בחו""ל (פרק ה'): כיסוי להתייעצות עם רופא מומחה בחו""ל לצורך קביעת סוג הטיפול המומלץ ו/או אישור האבחנה; מרכז שבהסכם — ללא השתתפות עצמית; מרכז שלא בהסכם — שיפוי 80% מההוצאה הממשית, עד תקרה 1,000$; אפשרות הבאת הרופא מחו""ל לישראל לצורך הבדיקה — שיפוי 80% עד 10,858 ₪; אישור מראש חובה מהגורם המאשר בקופה; נדרשת הפניה בכתב של רופא מומחה בכיר; תקופת אכשרה 6 חודשים. הערה: הכיסוי הוא לחוות דעת רפואית שניה בחו""ל ולא ספציפית ""לייעוץ לפני בחירת מרכז"" — ייתכן שמדובר בשירות נפרד שאינו מוזכר בתקנון זה; אין מידע — מומלץ לבדוק. מקור: תקנון לאומית זהב.",מאוחדת שיא,
694,"ניתוחים וטיפולים בחו""ל",,"השתלת כליה / ניתוחים בחו""ל (מסלולים מיוחדים)","כלל מבוטחי השב""ן בקופות החולים (לפי תוכנית והקופה)","סעיף 33 — ניתוח מסל הבריאות שנעשה בחו""ל לפי בחירת המבוטח: החזר עד 200% מהתעריפון הדיפרנציאלי של משרד הבריאות. תקופת המתנה: 12 חודשים. מקור: תקנון מכבי שלי סעיף 33","החזר/הטבה להשתלת כליה / ניתוחים בחו""ל (מסלולים מיוחדים) עד 300 ₪","זהב · PROG09 · שני כיסויים: (א) ניתוח השתלת כליה בחו""ל כאשר אין אפשרות לבצע בישראל תוך מועד סביר — עד $15,000, כפוף לאישור מראש (פרק ה' סעיף 40). (ב) טיפולים ייחודיים בחו""ל למניעת איבוד שמיעה/ראייה מוחלט או נכות צמיתה מעל 75% שאינם זמינים בישראל — תקרה $90,000; כולל: כרטיסי טיסה (מחלקת תיירות) לעמית ומלווה אחד, הוצאות מגורים וכלכלה עד $10,000, הוצאות רפואיות בלבד להמשך טיפול עד $10,000 (בתוך 18 חודשים). במקרת פטירה — הטסת גופה כלולה (פרק ב'). מקור: תקנון כללית מושלם זהב, פרק ה' סעיף 40 ופרק ב'.

פלטינום · PROG10 · פרק ב' בתקנון מושלם פלטינום: כיסוי ניתוחים פרטיים במדינת חוץ — ניתוח שנכלל ברשימת ניתוחי כללית מושלם או בסל שירותי הבריאות, שנעשה באשפוז מלא, לפי בחירת העמית ובאישור מראש של כללית מושלם. כיסוי: הוצאות רפואיות (עד 30 יום), אשפוז, חדר ניתוח, שכר רופאים, תרופות, בדיקות. הטסה רפואית — בתנאי שאושרה מראש ע""י המנהל הרפואי. הוצאות שהייה (לינה, כלכלה). במקרת פטירה: הטסת גופה עד $8,000. תקופת אכשרה: 24 חודשים. השתתפות עצמית לניתוחים בארץ: לא תפחת מ-₪300. מקור: תקנון כללית מושלם פלטינום, פרק ב'.","כסף · PROG14 · סעיף 8 — השתלת איברים בחו""ל: עד $300,000. ניתוח מציל חיים בחו""ל: עד $100,000. טיפולים להצלת חיים שלא ניתנים בארץ: עד $85,000. מחייב אישור ""מכבי כסף"" מראש בכתב. מקור: תקנון מכבי כסף סעיף 8

זהב · PROG15 · סעיף 9 — השתלת כליה בחו""ל כאשר ההמתנה בארץ ארוכה מדי: עד $70,000. סעיף 10 — ניתוחים גדולים / טיפולים מיוחדים בחו""ל (למעט השתלות) שלא ניתנים בארץ: עד $150,000, כולל טיסה רפואית ועלות שהייה. מקור: תקנון מכבי זהב סעיפים 9–10

שלי · PROG16 · סעיף 33 — ניתוח מסל הבריאות שנעשה בחו""ל לפי בחירת המבוטח: החזר עד 200% מהתעריפון הדיפרנציאלי של משרד הבריאות. תקופת המתנה: 12 חודשים. מקור: תקנון מכבי שלי סעיף 33","עדיף · PROG19 · אין מידע — מומלץ לבדוק. תקנון מאוחדת עדיף כולל סעיף לעזרה רפואית בחו""ל (פרק ב' סעיף 4) אך אינו מפרט מסלול ייחודי להשתלת כליה בחו""ל. מומלץ לבדוק ישירות עם הקופה. מקור: תקנון מאוחדת עדיף.

שיא · PROG20 · אין מידע — מומלץ לבדוק. תקנון מאוחדת שיא כולל סעיפי ניתוחים בחו""ל (סעיף 5) וטיפולים רפואיים בחו""ל אך אינו מזכיר במפורש השתלת כליה ייעודית. מומלץ לבדוק ישירות עם הקופה. מקור: תקנון מאוחדת שיא, סעיף 5.","כסף · PROG24 · כיסוי בפרק ו' — השתלות, ניתוחים וטיפולים בחו""ל: (1) השתלת איבר בחו""ל (כבד, לב, ריאות, מח עצמות, לבלב, קרנית וכו') — תשלום מרבי $250,000 מעבר לסכום הבסיס. תקופת אכשרה: 12 חודשים. (2) השתלת כליה בחו""ל (כולל סכום הבסיס) — תשלום מרבי $40,000. תקופת אכשרה: 18 חודשים. (3) טיפול מיוחד בחו""ל שאינו ניתן בישראל (סרטן, הצלת חיים, מניעת נכות מעל 75%, הצלת שמיעה/ראייה) — תשלום מרבי $100,000 מעבר לסכום הבסיס. (4) טיפול מיוחד לסוגים 2–4 — $25,000. תנאים: אישור גורם מאשר בקופה; ביצוע בבית חולים מורשה; לא יינתן כיסוי אם הסיבה היחידה לטיפול בחו""ל היא תור המתנה, למעט עצם זמינות איבר. כולל הוצאות טיסה וטסה רפואית. מקור: תקנון לאומית כסף, פרק ו'.

זהב · PROG25 · כיסוי בפרק ו' — כמו כסף, אך תשלומים גבוהים יותר: (1) השתלת איבר בחו""ל (למעט כליה) — תשלום מרבי $300,000 מעבר לסכום הבסיס (לעומת $250,000 בכסף). (2) השתלת כליה בחו""ל — תשלום מרבי $70,000 (לעומת $40,000 בכסף). (3) טיפול מיוחד שאינו ניתן בישראל (סרטן, הצלת חיים, מניעת נכות מעל 75%) — תשלום מרבי $150,000 מעבר לסכום הבסיס (לעומת $100,000 בכסף). (4) טיפול מיוחד סוגים 2–4 — $50,000 (לעומת $25,000 בכסף). תנאים: זהים לכסף. כולל הוצאות טיסה וטסה רפואית. מקור: תקנון לאומית זהב, פרק ו'.",מכבי שלי,
695,"ניתוחים וטיפולים בחו""ל",,"ביטוח/עזרה רפואית בחו""ל בעת נסיעה","כלל מבוטחי השב""ן בקופות החולים (לפי תוכנית והקופה)","הטבת שב""ן בנושא ביטוח/עזרה רפואית בחו""ל בעת נסיעה","החזר/הטבה לביטוח/עזרה רפואית בחו""ל בעת נסיעה עד 171 ₪","זהב · PROG09 · פרק ב' עוסק בניתוחים וטיפולים רפואיים במדינת חוץ להצלת שמיעה, ראייה ומניעת נכות (אינו כיסוי נסיעות כללי). הכיסוי כולל: כרטיסי טיסה לעמית ולמלווה; כרטיס טיסה לרופא מלווה עד $500 בעת הצורך; העברה יבשתית; הוצאות מגורים וכלכלה עד $10,000; הוצאות אשפוז וטיפול; הוצאות המשך טיפול עד $10,000; הטסת גופת העמית עד $8,000 במקרה פטירה במדינת חוץ (ראו גם נושא הטסת גופה). תקופת אכשרה: 24 חודשים; נדרש אישור מראש. אין כיסוי חירום כללי לנסיעות/תיירות — מומלץ לבדוק. מקור: תקנון כללית מושלם זהב (פרק ב', סעיפים 1, 3.1–3.7).

פלטינום · PROG10 · פרק ב' מכסה ניתוח שנבחר על ידי העמית במדינת חוץ לאחר אישור מראש מכללית מושלם בזמן שהייה בישראל. הכיסוי כולל: הוצאות רפואיות (אשפוז וטיפול עד 30 יום, כולל חדר ניתוח, רופאים, בדיקות, תרופות); הוצאות הטסה רפואית (כולל מטוס רגיל או מיוחד עם צוות רפואי, וכרטיס טיסה לרופא/פרמדיק); הוצאות שהייה; הטסת גופת העמית עד $8,000 בפטירה במהלך אשפוז או תוך 7 ימים מהשחרור. תקופת אכשרה: 24 חודשים; נדרש אישור מראש של המנהל הרפואי של מושלם פלטינום. מקור: תקנון כללית מושלם פלטינום (פרק ב', סעיפים 1–6).","כסף · PROG14 · §8 — ניתוחים וטיפולים בחו""ל להצלת חיים: עד $300,000 להשתלת איברים (כבד/לב/ריאות); עד $100,000 לניתוחים להצלת חיים שאינם ניתנים לביצוע בארץ; עד $85,000 לטיפולים להצלת חיים. כיסוי גם עבור טיסה למלווה אחד ושהייה. §8.2.1.1ה: הוצאות הטסת גופת החבר לארץ במקרה פטירה בחו""ל. דורש אישור מנהל רפואי מראש. תקופת המתנה 24 חודשים. אין כיסוי ביטוח נסיעות כללי. מקור: תקנון מכבי כסף, §8.

זהב · PROG15 · §8 — זהה למכבי כסף: עד $300,000 להשתלות; עד $100,000 לניתוחים; עד $85,000 לטיפולים להצלת חיים. כיסוי טיסה ושהייה למלווה אחד. §8.2.1.1ו: הוצאות הטסת גופת החבר לארץ בפטירה בחו""ל. דורש אישור מנהל רפואי מראש. תקופת המתנה 24 חודשים. אין כיסוי ביטוח נסיעות כללי. מקור: תקנון מכבי זהב, §8.

שלי · PROG16 · §33 — ניתוחים פרטיים בחו""ל: כיסוי עד 200% ממחירון דיפרנציאלי של משרד הבריאות לאותו ניתוח בישראל. מותנה בקריטריונים (ניתוח שאינו מאושר ע""י מכבי זהב, יש תעריף דיפרנציאלי, אושר מראש ע""י מכבי שלי). אין כפל עם מכבי זהב. תקופת המתנה 12 חודשים. אין כיסוי ביטוח נסיעות כללי. מקור: תקנון מכבי שלי, §33.","עדיף · PROG19 · סעיף 4 לתקנון מאוחדת עדיף — עזרה רפואית בחו""ל: אכשרה 24 חודשים. הכיסוי מתייחס לשירותים שאושרו על ידי הסמכות המאשרת (ניתוחים להצלת חיים, השתלות, מניעת אובדן שמיעה/ראייה, השתלת כליה, מצבים רפואיים מיוחדים). תקרות: השתלת לב/כבד/ריאות — ישירות מול מרכז בהסכם; ניתוחים להצלת חיים שלא ניתן בישראל — עד $100,000 מעבר לסל; מניעת אובדן שמיעה/ראייה — עד $85,000; הצלת גפה — עד $35,000; השתלת כליה — עד $90,000. הוצאות נלוות: עד $10,000 למקרה (טיסות, אשל $165/יום, העברה יבשתית). הטסת גופה — עד 30% מיתרת תקרת הנלוות. חשוב: סעיף 4.9 מחייב רכישת פוליסת ביטוח נוסעים פרטית לכיסוי נסיעות בריאות שוטפות — תכנית עדיף אינה מחליפה ביטוח נסיעות. הכיסוי בעדיף הוא לטיפולים שאושרו מראש, לא לטיפולי חירום ספונטניים. אישור מראש: חובה. מקור: תקנון מאוחדת עדיף, סעיף 4.

שיא · PROG20 · מאוחדת שיא מוסיפה על עדיף (סעיפים 4-5 לתקנון שיא): (א) ייעוץ רפואי לפני בחירת מרכז רפואי בחו""ל (סעיף 4 שיא) — רשימת 3 מרכזים ו-3 רופאים מומחים בחו""ל, ללא השתתפות עצמית; חוות דעת ממרכז בהסכם — ₪171 לכל ייעוץ, עד 3 חוות דעת בכל תקופת החברות; (ב) ניתוחים בחו""ל על פי בחירת המבוטח (סעיף 5 שיא) — ניתוחים שמבוצעים בישראל בדרך שגרה: החזר עד 200% מתעריף ניתוח זהה בישראל לפי מחירון משרד הבריאות, ניתוח אחד לכל תקופת הביטוח. גם בשיא: נדרשת רכישת ביטוח נוסעים פרטי. אכשרה ניתוחים בחו""ל: 24 חודשים. אישור מראש: חובה. מקור: תקנון מאוחדת שיא, סעיפים 4-5; תקנון מאוחדת עדיף, סעיף 4.","כסף · PROG24 · כיסוי בחו""ל מוגבל לטיפולים רפואיים שאושרו מראש על ידי הקופה (פרק ו' — השתלות, ניתוחים וטיפולים בחו""ל). אין כיסוי לחירום רפואי כללי בחו""ל (תיירות/עסקים) ו/או אשפוז חירום לא מתוכנן. הכיסוי בפרק ו' הוא אך ורק לטיפולים שאינם ניתנים לביצוע בישראל, לפי אישור חוק הבריאות. הטסה רפואית: מכוסה במסגרת פרק ו' בלבד (לא כביטוח נסיעות). הטסת גופה: מכוסה רק אם הפטירה ארעה במהלך טיפול שאושר בחו""ל. | ביטוח נסיעות לחו""ל (כיסוי ביטוחי תיירות): אין מידע — מומלץ לבדוק. | מקור: תקנון לאומית כסף, פרק ו' סעיפים 2 ו-4.13.

זהב · PROG25 · כיסוי בחו""ל — זהה לכסף במהות אך עם תקרות גבוהות יותר (פרק ו'). אין כיסוי לחירום רפואי כללי בחו""ל (תיירות/עסקים). כיסוי לטיפולים שאינם ניתנים לביצוע בישראל (בכפוף לאישור): השתלה — עד 300,000$; טיפול מיוחד שאושר לפי החוק — עד 150,000$; טיפול מיוחד שלא אושר — עד 50,000$. הטסה רפואית: מכוסה בפרק ו'. הטסת גופה: מכוסה רק אם הפטירה ארעה במהלך טיפול שאושר בחו""ל. | ביטוח נסיעות לחו""ל: אין מידע — מומלץ לבדוק. | אכשרה: 12–18 חודשים בהתאם לסוג הטיפול. | אישור מראש: חובה. | מקור: תקנון לאומית זהב, פרק ו' סעיפים 3 ו-4.13.",טעון השוואה פרטנית,
696,"ניתוחים וטיפולים בחו""ל",,"הטסת גופה במקרה פטירה בחו""ל","כלל מבוטחי השב""ן בקופות החולים (לפי תוכנית והקופה)","סעיף 4.8.3.5 לתקנון מאוחדת עדיף: במקרה מות המבוטח (או התורם) כתוצאה מטיפול שאושר מכוח תקנון זה (""מקרה מזכה"") ובהעדר מימון מסל הבריאות — הקופה מכסה הטסת הגופה לישראל, בכפוף לתקרת הנ",,"זהב · PROG09 · כיסוי הוצאות הטסת גופת העמית במקרה פטירתו בעת שהייה במדינת חוץ לצורך ביצוע טיפול רפואי. אין סכום מדויק נקוב בסעיף זה; לא מכוסות הוצאות בישראל הקשורות בהבאת הגופה. אכשרה ואישור מראש: לא צוין בסעיף זה. מקור: תקנון כללית מושלם זהב (פרק ב', סעיף 3.6).

פלטינום · PROG10 · כיסוי הוצאות הטסת גופת העמית אם נפטר במדינת חוץ במהלך תקופת האשפוז או תוך 7 ימים מיום שחרורו מבית החולים; תקרה: עד $8,000; לא מכוסות הוצאות בישראל הקשורות בהבאת הגופה; סך ההחזרים לא יעלה על ההוצאות בפועל; אכשרה: 24 חודשים (כחלק מפרק ב'). מקור: תקנון כללית מושלם פלטינום (פרק ב', סעיף 3.5).","כסף · PROG14 · §8.2.1.1ה — במקרה מותו של החבר בחו""ל, מכוסות הוצאות הטסת גופתו לארץ, בכפוף לתנאי מקרה מזכה לניתוחים בחו""ל (כלומר, רק אם החבר היה בחו""ל לצורך קבלת טיפול רפואי מאושר). אין כיסוי עצמאי להטסת גופה מחוץ לסיטואציה זו. מקור: תקנון מכבי כסף, §8.2.1.1ה.

זהב · PROG15 · §8.2.1.1ו — במקרה מותו של החבר בחו""ל (במסגרת ניתוח/טיפול בחו""ל מאושר), מכוסות הוצאות הטסת גופתו לארץ. בכפוף לתנאי §8. אין כיסוי עצמאי להטסת גופה. מקור: תקנון מכבי זהב, §8.2.1.1ו.

שלי · PROG16 · אין מידע על כיסוי עצמאי להטסת גופה בתקנון מכבי שלי — מומלץ לבדוק. מקור: תקנון מכבי שלי.","עדיף · PROG19 · סעיף 4.8.3.5 לתקנון מאוחדת עדיף: במקרה מות המבוטח (או התורם) כתוצאה מטיפול שאושר מכוח תקנון זה (""מקרה מזכה"") ובהעדר מימון מסל הבריאות — הקופה מכסה הטסת הגופה לישראל, בכפוף לתקרת הנלוות ($10,000 למקרה) ובלבד שסכום זה לא יעלה על 30% מיתרת השיפוי שלא נוצלה עד אותו מועד. הקופה לא מכסה הוצאות העברה וטיפול בגופה בישראל. חשוב: כיסוי זה תלוי בכך שהאשפוז/טיפול בחו""ל אושר מראש על ידי הקופה. נסיעה ספונטנית ללא אישור — אין כיסוי. אכשרה: 24 חודשים (כאכשרה לסעיף 4). אישור מראש: חובה. מקור: תקנון מאוחדת עדיף, סעיף 4.8.3.5.

שיא · PROG20 · מאוחדת שיא: תקנון שיא אינו מרחיב באופן מפורש את כיסוי הטסת הגופה מעבר לאמור בתקנון עדיף (סעיף 4.8.3.5). הכיסוי הבסיסי מתקנון עדיף בתוקף: הטסת גופה לישראל עד 30% מיתרת תקרת הנלוות ($10,000), בתנאי שהטיפול אושר מראש. סעיף 5 בתקנון שיא (ניתוחים בחו""ל לפי בחירה) אינו כולל הוצאות נלוות. אין מידע על הרחבה נוספת — מומלץ לבדוק. אכשרה: 24 חודשים. אישור מראש: חובה. מקור: תקנון מאוחדת עדיף, סעיף 4.8.3.5 (חל גם על מאוחדת שיא).","כסף · PROG24 · הטסת גופה (פרק ו', סעיף 4.13): הקופה תשלם החזר הוצאות ממשיות בגין הטסת גופת עמית שנפטר בחו""ל, אך ורק בעת שהייתו בחו""ל לצורך ביצוע טיפול רפואי שאושר בפרק ו'. הכיסוי אינו חל על פטירה בחו""ל בנסיעה פרטית/תיירות. הוצאות בישראל הנלוות להבאת הגופה אינן מכוסות. | תקרה: הוצאות ממשיות (ללא תקרה כספית מפורטת מעבר לאמור). | אכשרה: הכיסוי כחלק מפרק ו' (12–18 חודשים). | אישור מראש: הטיפול בחו""ל טעון אישור מראש. | מקור: תקנון לאומית כסף, פרק ו' סעיף 4.13.

זהב · PROG25 · הטסת גופה (פרק ו', סעיף 4.13): כיסוי זהה במהותו לכסף — הוצאות ממשיות בגין הטסת גופת עמית, אך ורק בעת שהייה בחו""ל לצורך טיפול רפואי שאושר במסגרת פרק ו'. הכיסוי אינו חל על פטירה בנסיעה פרטית. | הבדל: עמיתי זהב זכאים לכיסויים גבוהים יותר בפרק ו' עצמו. | אכשרה: 12–18 חודשים. | אישור מראש: חובה. | מקור: תקנון לאומית זהב, פרק ו' סעיף 4.13.",מאוחדת עדיף,
697,"ניתוחים וטיפולים בחו""ל",,הפחתת השתתפות עצמית בניתוחים פרטיים,"כלל מבוטחי השב""ן בקופות החולים (לפי תוכנית והקופה)","סעיף 1 לתקנון מאוחדת שיא — ניתוחים בבית חולים פרטי: ניתוח ברופא ובית חולים פרטי בהסכם — ההשתתפות העצמית של מבוטח שיא היא 70% מההשתתפות הנדרשת בתקנון עדיף (הפחתה של 30%), ולא פחות מ","החזר/הטבה להפחתת השתתפות עצמית בניתוחים פרטיים בין 300 ל-24,511 ₪","פלטינום · PROG10 · ניתוחים פרטיים בבית חולים פרטי: ההשתתפות העצמית שישלם העמית לא תפחת מ-₪300; הסכום לכל ניתוח מפורט ברשימת הניתוחים והמנתחים המורשים באתר; הכיסוי כולל: אשפוז במחלקה שנייה, חדר ניתוח, הרדמה, אביזרים מושתלים, עלות המנתח הפרטי, בדיקות מעבדה, הדמיה ותרופות. מקור: תקנון כללית מושלם פלטינום (פרק ח', סעיפים 21–24).

זהב · PROG09 · ניתוחים פרטיים בבית חולים פרטי בהסדר: העמית משלם השתתפות עצמית קבועה לפי ניתוח כמפורט ברשימת הניתוחים והמנתחים המורשים; הכיסוי כולל את כלל שירותי האשפוז (חדר ניתוח, הרדמה, אביזרים מושתלים, מנתח פרטי, בדיקות, תרופות); לא ישולמו סכומים נוספים מעבר לסכום ההשתתפות. הפחתה מיוחדת מעבר לכך אינה מצוינת. מקור: תקנון כללית מושלם זהב (פרק ג', סעיפים 4.1–4.3).","כסף · PROG14 · §6 — ניתוחים פרטיים בבית חולים פרטי בהסכם: השתתפות עצמית על פי רשימת ניתוחים (כולל שירותי מנתח, אשפוז, חדר ניתוח, מרדים ובדיקות). ההשתתפות העצמית מפורטת ברשימה, אינה פחות מ-₪300 בכל מקרה. אישור מראש נדרש לחלק מהניתוחים. תקופת המתנה 12 חודשים. מקור: תקנון מכבי כסף, §6.

זהב · PROG15 · §6 — כנ""ל: ניתוחים פרטיים לפי רשימה, השתתפות עצמית לא פחות מ-₪300. תקופת המתנה 12 חודשים. מקור: תקנון מכבי זהב, §6.

שלי · PROG16 · §34 — הנחה נוספת על גבי זכאות מכבי זהב: מבוטח הבוחר מנתח מרשימת ההסכם יהיה זכאי להנחה נוספת של עד 50% מההשתתפות העצמית של מכבי זהב לאותו ניתוח. בחלק מהמקרים ההשתתפות זהה. בכל מקרה ההשתתפות לא תפחת מ-₪300. תקופת המתנה 6 חודשים. מקור: תקנון מכבי שלי, §34.","עדיף · PROG19 · סעיף 1 לתקנון מאוחדת עדיף — טיפולים/ניתוחים בבית חולים פרטי: ניתוח ברופא ובית חולים פרטי בהסכם — הקופה מכסה מלוא עלות הניתוח (מנתח, חדר ניתוח, אשפוז, מרדים, בדיקות, שתלים), למעט השתתפות עצמית של המבוטח כמפורסם באתר/סניפים. ניתוח שלא ברופא/בית חולים בהסכם — שיפוי לפי טבלת החזרים. שתלים שלא בהסדר: 50% עד $3,000 לשנה. אכשרה: 12 חודשים. אישור מראש: חובה. מקור: תקנון מאוחדת עדיף, סעיף 1.

שיא · PROG20 · סעיף 1 לתקנון מאוחדת שיא — ניתוחים בבית חולים פרטי: ניתוח ברופא ובית חולים פרטי בהסכם — ההשתתפות העצמית של מבוטח שיא היא 70% מההשתתפות הנדרשת בתקנון עדיף (הפחתה של 30%), ולא פחות מ-₪368. ניתוח שלא בהסכם — החזר גבוה ב-20% מההחזר בעדיף לאותו שירות. שתלים: שיפוי 85% עד ₪24,511 לשנה (לעומת 50% / $3,000 בעדיף). אכשרה: 12 חודשים. אישור מראש: חובה. מקור: תקנון מאוחדת שיא, סעיפים 1.3.3, 1.4.1.2.","כסף · PROG24 · ניתוחים בבית חולים פרטי (פרק א'): השתתפות עצמית כמפורט ברשימת ההשתתפויות העצמיות (לפי סוג הניתוח ומוסד). הסדר ניתוח: הקופה נושאת במלוא עלות הניתוח פחות ההשתתפות העצמית של עמית כסף. | אין הנחה נוספת על ההשתתפות העצמית — ההפחתה ייחודית לזהב. | תנאי: רופא מנתח בהסדר, מוסד בהסדר, אישור מראש. | אכשרה: 12 חודשים. | מקור: תקנון לאומית כסף, פרק א' סעיף 3.1.

זהב · PROG25 · ניתוחים בבית חולים פרטי (פרק א'): השתתפות עצמית מופחתת כמפורט ברשימת ההשתתפויות העצמיות (נמוכה מזו של כסף). הקופה נושאת במלוא עלות הניתוח פחות ההשתתפות העצמית המופחתת לעמית זהב. | שר""פ/שר""נ: גם כאן השתתפות עצמית מופחתת לעומת כסף. | תנאי: רופא מנתח בהסדר, מוסד בהסדר, אישור מראש חובה. | אכשרה: 12 חודשים. | מקור: תקנון לאומית זהב, פרק א' סעיפים 3.1 ו-3.6.2.",מאוחדת שיא,
698,"ניתוחים וטיפולים בחו""ל",,טיפול בכאבי גב (IDET),"כלל מבוטחי השב""ן בקופות החולים (לפי תוכנית והקופה)","הטבת שב""ן בנושא טיפול בכאבי גב (IDET)","החזר/הטבה לטיפול בכאבי גב (IDET) בין 7,273 ל-9,091 ₪","זהב · PROG09 · אין מידע — מומלץ לבדוק. טיפול IDET (Intra Discal Electro Thermal Therapy) לכאבי גב כרוניים אינו מוזכר בתקנון כללית מושלם זהב. מקור: תקנון כללית מושלם זהב.

פלטינום · PROG10 · אין מידע — מומלץ לבדוק. טיפול IDET לכאבי גב כרוניים אינו מוזכר בתקנון מושלם פלטינום. מקור: תקנון כללית מושלם פלטינום.","כסף · PROG14 · אין מידע — מומלץ לבדוק. הטיפול אינו מוזכר בתקנון מכבי כסף. מקור: תקנון מכבי כסף

זהב · PROG15 · אין מידע — מומלץ לבדוק. הטיפול אינו מוזכר בתקנון מכבי זהב. מקור: תקנון מכבי זהב

שלי · PROG16 · אין מידע — מומלץ לבדוק. הטיפול אינו מוזכר בתקנון מכבי שלי. מקור: תקנון מכבי שלי","עדיף · PROG19 · אין מידע — מומלץ לבדוק. תקנון מאוחדת עדיף אינו מזכיר טיפול IDET (Intra Discal Electro Thermal Therapy). בנספח ניתוחים כלולות כריתת דיסק ושאיבת דיסק אך לא IDET. מקור: תקנון מאוחדת עדיף 2026.

שיא · PROG20 · אין מידע — מומלץ לבדוק. תקנון מאוחדת שיא אינו מזכיר טיפול IDET. הכיסוי בניתוחים פלסטיים ובניתוחים בבתי חולים פרטיים (פרק ב סעיפים 1–2) אינו כולל IDET. מקור: תקנון מאוחדת שיא 2026.","כסף · PROG24 · מכוסה — פרק ל', סעיף 2. טיפול IDET (Intra Discal Electro Thermal Therapy) לכאבי גב כרוניים הנובעים מניוון דיסק או בלט דיסק, לעמית שאינו מגיב לטיפול תרופתי ו/או פיזיותרפי. מבוצע במכון הסדר על פי הפניית אורטופד מומחה. השתתפות עצמית: ₪9,091. זכאות חד-פעמית לכל תקופת ההסכם. אין אחוזי כיסוי — הקופה נושאת במלוא יתרת העלות. אכשרה: 6 חודשים. אישור מראש: נדרש הפניית רופא. מקור: תקנון לאומית כסף.

זהב · PROG25 · מכוסה — פרק ל', סעיף 2. טיפול IDET (Intra Discal Electro Thermal Therapy) לכאבי גב כרוניים הנובעים מניוון דיסק או בלט דיסק, לעמית שאינו מגיב לטיפול תרופתי ו/או פיזיותרפי. מבוצע במכון הסדר על פי הפניית אורטופד מומחה. השתתפות עצמית: ₪7,273. זכאות חד-פעמית לכל תקופת ההסכם. אין אחוזי כיסוי — הקופה נושאת במלוא יתרת העלות. אכשרה: 6 חודשים. אישור מראש: נדרש הפניית רופא. מקור: תקנון לאומית זהב.",טעון השוואה פרטנית,
699,"ניתוחים וטיפולים בחו""ל",,טיפול בתפקוד מיני (פסיכו-סקסואלי / NPT / ART ASSIST),"כלל מבוטחי השב""ן בקופות החולים (לפי תוכנית והקופה)","הטבת שב""ן בנושא טיפול בתפקוד מיני (פסיכו-סקסואלי / NPT / ART ASSIST)",החזר/הטבה לטיפול בתפקוד מיני (פסיכו-סקסואלי / NPT / ART ASSIST) בין 146 ל-507 ₪,"זהב · PROG09 · אין מידע — מומלץ לבדוק. טיפולי ART ASSIST (השכרת מכשיר לטיפול בהיצרות עורקי גפיים תחתונות), טיפול פסיכו-סקסואלי (הפרעות תפקוד מיני שאינן על רקע אורגני) ובדיקת NPT (Nocturnal Penile Tumescence) אינם מוזכרים בתקנון כללית מושלם זהב. מקור: תקנון כללית מושלם זהב.

פלטינום · PROG10 · אין מידע — מומלץ לבדוק. טיפולי ART ASSIST, פסיכו-סקסואלי ובדיקת NPT אינם מוזכרים בתקנון מושלם פלטינום. מקור: תקנון כללית מושלם פלטינום.","כסף · PROG14 · אין מידע — מומלץ לבדוק. טיפולים בתפקוד מיני, NPT ו-ART ASSIST אינם מוזכרים בתקנון מכבי כסף. מקור: תקנון מכבי כסף

זהב · PROG15 · אין כיסוי ישיר לטיפול פסיכו-סקסואלי עצמאי. הסעיף 18.4.2ב מחריג במפורש תרופות לאין-אונות. אין מידע על NPT או ART ASSIST — מומלץ לבדוק. מקור: תקנון מכבי זהב, סעיף 18.4.2ב

שלי · PROG16 · אין מידע — מומלץ לבדוק. הנושא אינו מוזכר בתקנון מכבי שלי. מקור: תקנון מכבי שלי","עדיף · PROG19 · אין מידע — מומלץ לבדוק. תקנון מאוחדת עדיף אינו מזכיר ART ASSIST (מכשיר לטיפול בכיבים בגפיים תחתונות), בדיקת NPT (Nocturnal Penile Tumescence), או טיפולים פסיכו-סקסואליים. בנספח ה' (אביזרים רפואיים) מופיע: תותב לאיבר מין במקרה 'אין אונות' — השתתפות עצמית 50%, תקרת השתתפות המבוטח $175. זאת בהמלצה רפואית ובאישור האגף הרפואי בלבד. הזכאות נכללת בתקרה שנתית כוללת של $750 לאביזרים. אין כיסוי ל-ART ASSIST או NPT. מקור: תקנון מאוחדת עדיף 2026.

שיא · PROG20 · אין מידע — מומלץ לבדוק. תקנון מאוחדת שיא אינו מוסיף כיסוי ל-ART ASSIST, NPT, או טיפולים פסיכו-סקסואליים. בנספח אביזרים רפואיים של שיא (נספח ה') — תותב לאיבר מין בלבד כמפורט בעדיף, בהוראה רפואית ובאישור מראש. אין מידע על NPT או ART ASSIST. מקור: תקנון מאוחדת שיא 2026.","כסף · PROG24 · מכוסה חלקית — שלושה כיסויים: (1) פרק ל""א — השכרת מכשיר ART ASSIST לטיפול לא פולשני בהיצרות עורקי גפיים תחתונות (טרשת עורקים/סוכרת עם כיבים). כיסוי: 80% מהוצאת השכירות. תקרה: ₪290 לחודש. זכאות: עד 3 חודשים בתקופת ההסכם. אכשרה: 6 חודשים. נדרש אישור כירורג כלי דם. (2) פרק ל""ג סעיף 1 — טיפול בהפרעות תפקוד מיני שאינן על רקע אורגני, אצל מטפל/ת שבהסדר. השתתפות עצמית: ₪203 לטיפול. מכסה: 12 טיפולים בכל תקופת ההסכם. אכשרה: 6 חודשים. (3) פרק ל""ג סעיף 2 — בדיקת NPT (Nocturnal Penile Tumescence) לאבחון גורם לאין-אונות. על פי הפניית אורולוג. השתתפות עצמית: ₪465. אכשרה: 3 חודשים. מקור: תקנון לאומית כסף.

זהב · PROG25 · מכוסה חלקית — שלושה כיסויים: (1) פרק ל""א — השכרת מכשיר ART ASSIST לטיפול לא פולשני בהיצרות עורקי גפיים תחתונות (טרשת עורקים/סוכרת עם כיבים). כיסוי: 80% מהוצאת השכירות. תקרה: ₪507 לחודש. זכאות: עד 3 חודשים בתקופת ההסכם. אכשרה: 6 חודשים. נדרש אישור כירורג כלי דם. (2) פרק ל""ג סעיף 1 — טיפול בהפרעות תפקוד מיני שאינן על רקע אורגני, אצל מטפל/ת שבהסדר. השתתפות עצמית: ₪146 לטיפול. מכסה: 24 טיפולים בכל תקופת ההסכם. אכשרה: 6 חודשים. (3) פרק ל""ג סעיף 2 — בדיקת NPT (Nocturnal Penile Tumescence) לאבחון גורם לאין-אונות. על פי הפניית אורולוג. השתתפות עצמית: ₪465. אכשרה: 3 חודשים. מקור: תקנון לאומית זהב.",טעון השוואה פרטנית,
700,"ניתוחים וטיפולים בחו""ל",,בדיקת זקפה לילית (NPT),"כלל מבוטחי השב""ן בקופות החולים (לפי תוכנית והקופה)","הטבת שב""ן בנושא בדיקת זקפה לילית (NPT)",החזר/הטבה לבדיקת זקפה לילית (NPT) עד 465 ₪,"זהב · PROG09 · אין מידע — מומלץ לבדוק

פלטינום · PROG10 · אין מידע — מומלץ לבדוק","כסף · PROG14 · אין מידע — מומלץ לבדוק

זהב · PROG15 · אין מידע — מומלץ לבדוק

שלי · PROG16 · אין מידע — מומלץ לבדוק","עדיף · PROG19 · אין מידע — מומלץ לבדוק

שיא · PROG20 · אין מידע — מומלץ לבדוק","כסף · PROG24 · כן — פרק ל""ג ס' 2: בדיקת N.P.T (זקפה לילית) בהפניית רופא אורולוג בקופה, במכון שבהסדר. השתתפות עצמית ₪465. תקופת אכשרה 3 חודשים.

זהב · PROG25 · כן — פרק ל""ג ס' 2: בדיקת N.P.T (זקפה לילית) בהפניית רופא אורולוג בקופה, במכון שבהסדר. השתתפות עצמית ₪465. תקופת אכשרה 3 חודשים.",טעון השוואה פרטנית,
701,"ניתוחים וטיפולים בחו""ל",,"הבאת מומחה רפואי מחו""ל לישראל לבדיקה (PROG25 בלבד)","כלל מבוטחי השב""ן בקופות החולים (לפי תוכנית והקופה)","פרק ה' ס' 3.3 — הבאת רופא מומחה מחו""ל לישראל לבדיקת עמית ""לאומית זהב"": הקופה מחזירה 80% מהוצאות ממשיות (כולל טיסה, שהייה, חוות דעת), תקרה ₪10,858 למקרה. נדרש אישור מראש. תקופת אכשר","החזר/הטבה להבאת מומחה רפואי מחו""ל לישראל לבדיקה (PROG25 בלבד) עד 10,858 ₪","זהב · PROG09 · אין מידע — מומלץ לבדוק

פלטינום · PROG10 · אין מידע — מומלץ לבדוק","זהב · PROG15 · אין מידע — מומלץ לבדוק

שלי · PROG16 · אין מידע — מומלץ לבדוק

כסף · PROG14 · אין מידע — מומלץ לבדוק","עדיף · PROG19 · אין מידע — מומלץ לבדוק

שיא · PROG20 · אין מידע — מומלץ לבדוק","כסף · PROG24 · אין מידע — מומלץ לבדוק

זהב · PROG25 · פרק ה' ס' 3.3 — הבאת רופא מומחה מחו""ל לישראל לבדיקת עמית ""לאומית זהב"": הקופה מחזירה 80% מהוצאות ממשיות (כולל טיסה, שהייה, חוות דעת), תקרה ₪10,858 למקרה. נדרש אישור מראש. תקופת אכשרה 3 חודשים (פרק ה').",לאומית זהב,
702,"ניתוחים וטיפולים בחו""ל",,הפחתת השתתפות עצמית בניתוחים פרטיים (50% הנחה על השתתפות של מכבי זהב),"כלל מבוטחי השב""ן בקופות החולים (לפי תוכנית והקופה)","מכבי שלי — סעיף 34: מבוטח מכבי שלי הזכאי לניתוח פרטי לפי סעיף 6 בתקנון מכבי זהב ובוחר מנתח בהסכם, זכאי להנחה של עד 50% מסכום ההשתתפות העצמית של מבוטח מכבי זהב. ההשתתפות העצמית לא ת",החזר/הטבה להפחתת השתתפות עצמית בניתוחים פרטיים (50% הנחה על השתתפות של מכבי זהב) עד 300 ₪,"פלטינום · PROG10 · אין מידע — מומלץ לבדוק

זהב · PROG09 · אין מידע — מומלץ לבדוק","כסף · PROG14 · אין מידע — מומלץ לבדוק

זהב · PROG15 · אין מידע — מומלץ לבדוק

שלי · PROG16 · מכבי שלי — סעיף 34: מבוטח מכבי שלי הזכאי לניתוח פרטי לפי סעיף 6 בתקנון מכבי זהב ובוחר מנתח בהסכם, זכאי להנחה של עד 50% מסכום ההשתתפות העצמית של מבוטח מכבי זהב. ההשתתפות העצמית לא תפחת מ-₪300. תקופת המתנה 6 חודשים.","עדיף · PROG19 · אין מידע — מומלץ לבדוק

שיא · PROG20 · אין מידע — מומלץ לבדוק","כסף · PROG24 · אין מידע — מומלץ לבדוק

זהב · PROG25 · אין מידע — מומלץ לבדוק",מכבי שלי,
703,"ניתוחים וטיפולים בחו""ל",,"התייעצות עם מומחה בכיר בחו""ל (חוות דעת שנייה) — אינדיקציות ספציפיות","כלל מבוטחי השב""ן בקופות החולים (לפי תוכנית והקופה)","הטבת שב""ן בנושא התייעצות עם מומחה בכיר בחו""ל (חוות דעת שנייה) — אינדיקציות ספציפיות",,"זהב · PROG09 · אין מידע — מומלץ לבדוק

פלטינום · PROG10 · אין מידע — מומלץ לבדוק","כסף · PROG14 · מכבי כסף — סעיף 22: התייעצות בארץ בלבד — פעם אחת בשנה עם רופא מומחה יועץ מהרשימה. אין כיסוי מפורש להתייעצות עם מומחה בכיר בחו""ל.

זהב · PROG15 · מכבי זהב — סעיף 27.2: שיפוי 75% מהוצאות ממשיות, עד $1,300 (לפי שער יציג), להתייעצות אחת בשנה. אינדיקציות: גידול ממאיר; ניתוח גדול בחזה/כלי דם כליליים; השתלת איבר; כריתת גפה; נוירוכירורגיה; הפרעות הורמונליות/מטבוליות קשות. הוצאות מוכרות: משלוח חומר רפואי + חוות הדעת בלבד. תקופת המתנה 12 חודשים.

שלי · PROG16 · אין מידע — מומלץ לבדוק","עדיף · PROG19 · אין מידע — מומלץ לבדוק

שיא · PROG20 · אין מידע — מומלץ לבדוק","כסף · PROG24 · פרק ה' — חוות דעת שניה בחו""ל: במרכז שבהסכם — ה.ע. $50 לכל התייעצות; במרכז שאינו בהסכם — החזר 80% עד $500. נדרשת הפניית רופא מומחה בכיר + אישור מראש. תקופת אכשרה 3 חודשים.

זהב · PROG25 · פרק ה' — חוות דעת שניה בחו""ל: במרכז שבהסכם — פטור מה.ע.; במרכז שאינו בהסכם — החזר 80% עד $1,000. נדרשת הפניית רופא מומחה בכיר + אישור מראש. תקופת אכשרה 3 חודשים.",טעון השוואה פרטנית,
704,"ניתוחים וטיפולים בחו""ל",,"ניתוח פרטי בחו""ל (השתתפות — מסלול פלטינום)","כלל מבוטחי השב""ן בקופות החולים (לפי תוכנית והקופה)","מכבי שלי — סעיף 33: כיסוי ניתוחים פרטיים בחו""ל עבור ניתוחים שבסל הבריאות (בעלי תעריף דיפרנציאלי). עד 200% מהמחירון הדיפרנציאלי של משרד הבריאות (100% אם מנתח ישראלי). תנאי: אישור מו",,"זהב · PROG09 · אין מידע — מומלץ לבדוק

פלטינום · PROG10 · פרק ב', סעיפים 2, 3.6, 6 — ניתוח פרטי בחו""ל לפי בחירת העמית; תנאי: הצורך בניתוח הוכר ואושר מראש על-ידי כללית מושלם בעוד העמית שוהה בישראל; הכיסוי: הוצאות רפואיות + הטסה רפואית + הוצאות שהייה; סך ההחזרים לא יעלה על ההוצאות בפועל; פטירה בזמן אשפוז — השתתפות בהטסת גופה עד $8,000; תקופת אכשרה 24 חודשים","כסף · PROG14 · אין מידע — מומלץ לבדוק

זהב · PROG15 · אין מידע — מומלץ לבדוק

שלי · PROG16 · מכבי שלי — סעיף 33: כיסוי ניתוחים פרטיים בחו""ל עבור ניתוחים שבסל הבריאות (בעלי תעריף דיפרנציאלי). עד 200% מהמחירון הדיפרנציאלי של משרד הבריאות (100% אם מנתח ישראלי). תנאי: אישור מוקדם מ""מכבי שלי""; אינו מכוסה על פי חוק/מכבי זהב. תקופת המתנה 12 חודשים.","עדיף · PROG19 · אין מידע — מומלץ לבדוק

שיא · PROG20 · אין מידע — מומלץ לבדוק","כסף · PROG24 · אין מידע — מומלץ לבדוק

זהב · PROG25 · אין מידע — מומלץ לבדוק",מכבי שלי,
705,"ניתוחים וטיפולים בחו""ל",,"ניתוחים פרטיים בחו""ל עבור ניתוחים הכלולים בסל (מכבי שלי)","כלל מבוטחי השב""ן בקופות החולים (לפי תוכנית והקופה)","מכבי שלי — סעיף 33: כיסוי ניתוחים פרטיים בחו""ל עבור ניתוחים הכלולים בסל הבריאות (בעלי תעריף דיפרנציאלי). תגמול עד 200% מהמחירון הדיפרנציאלי של משרד הבריאות לאותו ניתוח. מותנה: רופא",,"זהב · PROG09 · אין מידע — מומלץ לבדוק

פלטינום · PROG10 · אין מידע — מומלץ לבדוק","כסף · PROG14 · אין מידע — מומלץ לבדוק

זהב · PROG15 · אין מידע — מומלץ לבדוק

שלי · PROG16 · מכבי שלי — סעיף 33: כיסוי ניתוחים פרטיים בחו""ל עבור ניתוחים הכלולים בסל הבריאות (בעלי תעריף דיפרנציאלי). תגמול עד 200% מהמחירון הדיפרנציאלי של משרד הבריאות לאותו ניתוח. מותנה: רופא מכבי אישר הצורך; אישור מוקדם מ""מכבי שלי""; הניתוח אינו מאושר לפי חוק/מכבי זהב. תקופת המתנה 12 חודשים.","עדיף · PROG19 · אין מידע — מומלץ לבדוק

שיא · PROG20 · אין מידע — מומלץ לבדוק","כסף · PROG24 · אין מידע — מומלץ לבדוק

זהב · PROG25 · אין מידע — מומלץ לבדוק",מכבי שלי,
706,"ניתוחים וטיפולים בחו""ל",,טיפול פסיכו-סקסואלי לתפקוד מיני,"כלל מבוטחי השב""ן בקופות החולים (לפי תוכנית והקופה)","הטבת שב""ן בנושא טיפול פסיכו-סקסואלי לתפקוד מיני",החזר/הטבה לטיפול פסיכו-סקסואלי לתפקוד מיני בין 146 ל-203 ₪,"זהב · PROG09 · אין מידע — מומלץ לבדוק

פלטינום · PROG10 · אין מידע — מומלץ לבדוק","כסף · PROG14 · אין מידע — מומלץ לבדוק

זהב · PROG15 · אין מידע — מומלץ לבדוק

שלי · PROG16 · אין מידע — מומלץ לבדוק","עדיף · PROG19 · אין מידע — מומלץ לבדוק

שיא · PROG20 · אין מידע — מומלץ לבדוק","כסף · PROG24 · פרק ל""ג ס' 1 — לאומית כסף: טיפול בהפרעות בתפקוד המיני שאינן על רקע אורגני, ע""י מטפל שבהסדר; 12 טיפולים לכל תקופת ההסכם; השתתפות עצמית ₪203 לטיפול; תקופת אכשרה 6 חודשים.

זהב · PROG25 · פרק ל""ג ס' 1 — לאומית זהב: טיפול בהפרעות בתפקוד המיני שאינן על רקע אורגני, ע""י מטפל שבהסדר; 24 טיפולים לכל תקופת ההסכם; השתתפות עצמית ₪146 לטיפול; תקופת אכשרה 6 חודשים.",טעון השוואה פרטנית,
707,"ניתוחים וטיפולים בחו""ל",,"ניתוחים וטיפולים בחו""ל — תקרות ותנאים","כלל מבוטחי השב""ן בקופות החולים (לפי תוכנית והקופה)","החזר עד 200% ממחירון דיפרנציאלי משרד הבריאות לאותו ניתוח. לניתוח שבוצע בישראל — עד 100%. רק ניתוחים הכלולים בסל; לא כולל השתלות, פוריות, אונקולוגיה, לידה, הקרנות, כימו (מכבי שלי סע","החזר/הטבה לניתוחים וטיפולים בחו""ל — תקרות ותנאים עד 18,271 ₪","זהב · PROG09 · עד $90,000 לטיפול שאינו ניתן לביצוע בישראל; כולל: טיסות (עמית + מלווה), מגורים + כלכלה עד $10,000, הוצאות אשפוז + רפואה, המשך טיפול בחו""ל עד $10,000; תקופת אכשרה 24 חודשים (פרק ב׳ — תקנון כללית מושלם זהב)

פלטינום · PROG10 · פלטינום מוסיף: מימון ניתוחים פרטיים בחו""ל גם ללא הגבלת 'אין חלופה בארץ'; הכיסוי מקיף יותר (תקנון פלטינום פרק ב׳)","כסף · PROG14 · השתלות: עד $300,000; ניתוחים מצילי חיים: עד $100,000; טיפולים מצילי חיים: עד $85,000 (מכבי כסף סעיף 8.1).

זהב · PROG15 · השתלת כליה בחו""ל: עד $70,000 (50% מהוצאות בפועל, לא יותר מ-50%). תקופת המתנה 24 חודשים (סעיף 9.1–9.2). ניתוחים גדולים/טיפולים מיוחדים (לא השתלות): עד $150,000 — כולל הערכה מוקדמת, אשפוז, שתל עד ₪18,271.35/שנה, נסיעה ממסחרית, הטסה רפואית עד $20,000, לינה $180/יום עד $45,000, הטסת גופה. תקופת המתנה 24 חודשים (מכבי זהב סעיפים 10.3–10.5).

שלי · PROG16 · החזר עד 200% ממחירון דיפרנציאלי משרד הבריאות לאותו ניתוח. לניתוח שבוצע בישראל — עד 100%. רק ניתוחים הכלולים בסל; לא כולל השתלות, פוריות, אונקולוגיה, לידה, הקרנות, כימו (מכבי שלי סעיף 33.3). תקופת המתנה 12 חודשים.","עדיף · PROG19 · אין מידע — מומלץ לבדוק

שיא · PROG20 · אין מידע — מומלץ לבדוק","כסף · PROG24 · השתלת איבר: עד $250,000; השתלת כליה: עד $40,000; טיפול מיוחד מאושר: עד $100,000; לא מאושר: עד $25,000 (לאומית כסף, פרק ו')

זהב · PROG25 · השתלת איבר: עד $300,000; השתלת כליה: עד $70,000; טיפול מיוחד מאושר: עד $150,000; לא מאושר: עד $50,000 (לאומית זהב, פרק ו')",מכבי שלי,
708,"ניתוחים וטיפולים בחו""ל",,"ניתוח השתלת כליה בחו""ל","כלל מבוטחי השב""ן בקופות החולים (לפי תוכנית והקופה)","הטבת שב""ן בנושא ניתוח השתלת כליה בחו""ל",,"זהב · PROG09 · השתתפות בהוצאה בפועל עד $15,000 לניתוח השתלת כליה בחו""ל (פרק ה׳ סעיף 40 — תקנון כללית מושלם זהב)

פלטינום · PROG10 · פלטינום מוסיף מימון לניתוחים בחו""ל — עד $8,000 להטסת גופה; הוצאות שהייה עד $10,000; הוצאות המשך טיפול בחו""ל עד $10,000 (תקנון פלטינום פרק ב׳)","כסף · PROG14 · אין מידע — מומלץ לבדוק

זהב · PROG15 · אין מידע — מומלץ לבדוק

שלי · PROG16 · אין מידע — מומלץ לבדוק","עדיף · PROG19 · אין מידע — מומלץ לבדוק

שיא · PROG20 · אין מידע — מומלץ לבדוק","כסף · PROG24 · אין מידע — מומלץ לבדוק

זהב · PROG25 · אין מידע — מומלץ לבדוק",טעון השוואה פרטנית,
709,"ניתוחים וטיפולים בחו""ל",,"חוות דעת שנייה בחו""ל — תנאים","כלל מבוטחי השב""ן בקופות החולים (לפי תוכנית והקופה)","הטבת שב""ן בנושא חוות דעת שנייה בחו""ל — תנאים","החזר/הטבה לחוות דעת שנייה בחו""ל — תנאים עד 10,858 ₪","זהב · PROG09 · החזר 75% מהוצאות בפועל, עד $1,000 להתייעצות אחת עם מומחים ממרכזים רפואיים מהשורה הראשונה במדינת חוץ (פרק ה׳, סעיף 2 — תקנון כללית מושלם זהב)

פלטינום · PROG10 · אין מידע — מומלץ לבדוק; הפלטינום מסייע בחבילת סרטן (פרק ט׳) אך לא מציין הרחבה ייחודית לחוות דעת שנייה","כסף · PROG14 · אין מידע — מומלץ לבדוק

זהב · PROG15 · אין מידע — מומלץ לבדוק

שלי · PROG16 · אין מידע — מומלץ לבדוק","עדיף · PROG19 · אין מידע — מומלץ לבדוק

שיא · PROG20 · אין מידע — מומלץ לבדוק","כסף · PROG24 · במרכז בהסדר: השתתפות עצמית $50; לא בהסדר: החזר 80% עד $500 (לאומית כסף, פרק ה' סעיף 3.1–3.2)

זהב · PROG25 · במרכז בהסדר: ללא השתתפות עצמית; לא בהסדר: החזר 80% עד $1,000; הבאת מומחה מחו""ל לישראל: החזר 80% עד ₪10,858, חד-פעמי (לאומית זהב, פרק ה' סעיף 3.3)",טעון השוואה פרטנית,
710,"ניתוחים וטיפולים בחו""ל",,"ייעוץ לפני בחירת מרכז רפואי בחו""ל","כלל מבוטחי השב""ן בקופות החולים (לפי תוכנית והקופה)","הטבת שב""ן בנושא ייעוץ לפני בחירת מרכז רפואי בחו""ל","החזר/הטבה לייעוץ לפני בחירת מרכז רפואי בחו""ל עד 72 ₪","זהב · PROG09 · אין מידע — מומלץ לבדוק

פלטינום · PROG10 · אין מידע — מומלץ לבדוק","כסף · PROG14 · אין מידע — מומלץ לבדוק

זהב · PROG15 · אין מידע — מומלץ לבדוק

שלי · PROG16 · אין מידע — מומלץ לבדוק","עדיף · PROG19 · ייעוץ רפואי עם מומחה לפני בחירת מרכז רפואי בחו""ל — ללא המתנה; ₪72 השתתפות עצמית לייעוץ (מאוחדת עדיף, סעיף 1)

שיא · PROG20 · ייעוץ רפואי לפני בחירת מרכז רפואי בחו""ל — ללא תקופת המתנה. (מאוחדת שיא, נספח ז' — ללא המתנה)","כסף · PROG24 · אין מידע — מומלץ לבדוק

זהב · PROG25 · אין מידע — מומלץ לבדוק",טעון השוואה פרטנית,
711,"ניתוחים וטיפולים בחו""ל",,"ניתוח בחו""ל לפי בחירת המבוטח","כלל מבוטחי השב""ן בקופות החולים (לפי תוכנית והקופה)","ניתוחים בחו""ל על פי בחירת המבוטח — שיפוי עד 200% מתעריף הניתוח הישראלי המקביל, בכפוף לרשימת הניתוחים המאושרת. תקופת המתנה 24 חודשים. (מאוחדת שיא, סעיף 5)",,"זהב · PROG09 · אין מידע — מומלץ לבדוק

פלטינום · PROG10 · אין מידע — מומלץ לבדוק","כסף · PROG14 · אין מידע — מומלץ לבדוק

זהב · PROG15 · אין מידע — מומלץ לבדוק

שלי · PROG16 · אין מידע — מומלץ לבדוק","עדיף · PROG19 · אין מידע — מומלץ לבדוק

שיא · PROG20 · ניתוחים בחו""ל על פי בחירת המבוטח — שיפוי עד 200% מתעריף הניתוח הישראלי המקביל, בכפוף לרשימת הניתוחים המאושרת. תקופת המתנה 24 חודשים. (מאוחדת שיא, סעיף 5)","כסף · PROG24 · אין מידע — מומלץ לבדוק

זהב · PROG25 · אין מידע — מומלץ לבדוק",מאוחדת שיא,
712,"ניתוחים וטיפולים בחו""ל",,הפחתת השתתפות עצמית בניתוח פרטי,"כלל מבוטחי השב""ן בקופות החולים (לפי תוכנית והקופה)",הנחה נוספת של עד 50% מההשתתפות העצמית של מכבי זהב לאותו ניתוח בבית חולים פרטי בהסכם. לא תפחת מ-₪300. לניתוחים עם מנתח בהסכם עם מכבי (מכבי שלי סעיף 34.2). תקופת המתנה: בהתאם לתקנון ,החזר/הטבה להפחתת השתתפות עצמית בניתוח פרטי עד 300 ₪,"זהב · PROG09 · אין מידע — מומלץ לבדוק

פלטינום · PROG10 · אין מידע — מומלץ לבדוק","כסף · PROG14 · אין מידע — מומלץ לבדוק

זהב · PROG15 · אין מידע — מומלץ לבדוק

שלי · PROG16 · הנחה נוספת של עד 50% מההשתתפות העצמית של מכבי זהב לאותו ניתוח בבית חולים פרטי בהסכם. לא תפחת מ-₪300. לניתוחים עם מנתח בהסכם עם מכבי (מכבי שלי סעיף 34.2). תקופת המתנה: בהתאם לתקנון מכבי זהב.","עדיף · PROG19 · אין מידע — מומלץ לבדוק

שיא · PROG20 · אין מידע — מומלץ לבדוק","כסף · PROG24 · אין מידע — מומלץ לבדוק

זהב · PROG25 · אין מידע — מומלץ לבדוק",מכבי שלי,
713,"ניתוחים וטיפולים בחו""ל",,"הטסת גופה בפטירה בחו""ל","כלל מבוטחי השב""ן בקופות החולים (לפי תוכנית והקופה)","הטבת שב""ן בנושא הטסת גופה בפטירה בחו""ל",,"זהב · PROG09 · אין מידע — מומלץ לבדוק (תקנון זהב אינו מציין כיסוי זה במפורש לחו""ל)

פלטינום · PROG10 · פלטינום: עד $8,000 להטסת גופה אם העמית נפטר בחו""ל תוך 7 ימים מהשחרור מבית חולים (תקנון פלטינום פרק ב׳ סעיף 3.5)","כסף · PROG14 · אין מידע — מומלץ לבדוק

זהב · PROG15 · אין מידע — מומלץ לבדוק

שלי · PROG16 · אין מידע — מומלץ לבדוק","עדיף · PROG19 · אין מידע — מומלץ לבדוק

שיא · PROG20 · אין מידע — מומלץ לבדוק","כסף · PROG24 · אין מידע — מומלץ לבדוק

זהב · PROG25 · אין מידע — מומלץ לבדוק",טעון השוואה פרטנית,
714,אונקולוגיה (סרטן),,נסיעה באמבולנס,"כלל מבוטחי השב""ן בקופות החולים (לפי תוכנית והקופה)",מבוטח יהיה זכאי להשתתפות הקופה בשיעור 50% מעלות הסעה דחופה באמבולנס אשר לא הסתיימה באשפוז.,החזר/הטבה לנסיעה באמבולנס בין 244 ל-386 ₪,"זהב · PROG09 · לא כלול במסלול זה

פלטינום · PROG10 · מקרה מזכה מקרה מזכה הינו פינוי דחוף של עמית למיון באמצעות אמבולנס (כולל נט""ן) שאושר על ידי משרד הבריאות לבית חולים ציבורי והמקרה לא הסתיים באשפוזו של העמית.נ מועד קרות המקרה המזכה…
שיעור: 50% | סכום: 333 ש""ח | המתנה: 6 חודשים","כסף · PROG14 · לא כלול במסלול זה

זהב · PROG15 · מקרה מזכה מבוטח ""מכבי זהב"" שפונה באמצעות אמבולנס (כולל נט""ן/אט""ן), שאושר על ידי משרד הבריאות, לבית חולים ציבורי ולא אושפז, יהא זכאי להשתתפות ""מכבי זהב"" בגובה 50% מההוצאה בפועל ועד…
שיעור: 50% | סכום: 385.83 ש""ח | המתנה: 6 חודשים

שלי · PROG16 · כל שירות הניתן למבוטחי ""מכבי זהב"" ניתן גם למבוטחי תוכנית ""מכבי שלי"".
שיעור: 50% | סכום: 243.61 ש""ח | המתנה: 6 חודשים","עדיף · PROG19 · מבוטח יהיה זכאי להשתתפות הקופה בשיעור 50% מעלות הסעה דחופה באמבולנס אשר לא הסתיימה באשפוז.
שיעור: 50%, 75% | המתנה: לא נדרשת תקופת המתנה

שיא · PROG20 · השירות ניתן במסגרת תוכנית ""מאוחדת - עדיף"".","כסף · PROG24 · לא כלול במסלול זה

זהב · PROG25 · לא כלול במסלול זה",מאוחדת עדיף,
715,אונקולוגיה (סרטן),,תרופות שאינן בסל,"כלל מבוטחי השב""ן בקופות החולים (לפי תוכנית והקופה)",1.,"החזר/הטבה לתרופות שאינן בסל בין 300 ל-1,000,000 ₪","זהב · PROG09 · זכאות * כאשר התרופה אינה כלולה בסל התרופות לפי חוק ביטוח בריאות, או שהיא כלולה בסל הבריאות אולם לא להתוויה המבוקשת על ידי העמית.
שיעור: 50% | סכום: 1,000,000 ש""ח, 300 ש""ח, 600 ש""ח | המתנה: 3 חודשים

פלטינום · PROG10 · הזכאות קיימת בתוכנית ""מושלם זהב"".","כסף · PROG14 · חבר יהא זכאי לרכוש תרופות שאינן בסל השירותים של חוק ביטוח בריאות ממלכתי בתנאים הבאים: א.
המתנה: 3 חודשים

זהב · PROG15 · חבר יהא זכאי לרכוש תרופות שאינן בסל השירותים של חוק ביטוח בריאות ממלכתי בתנאים הבאים: א.
שיעור: 5% | סכום: 1,000,000 ש""ח, 356 ש""ח, 712 ש""ח | המתנה: 3 חודשים

שלי · PROG16 · הזכאות קיימת בתוכנית ""מכבי זהב"".","עדיף · PROG19 · 10.6 תרופות שאינן כלולות בסל הבריאות הממלכתי תרופה ברשימה (נספח ד' 1): תקופת המתנה - 12 חודשים מיום הצטרפות לתכנית.
שיעור: 5%, 50% | סכום: 1,000,000 ₪, 315 ש""ח, 630 ש""ח | המתנה: 12 חודשים

שיא · PROG20 · 10.7 אספקת תרופות שאינן כלולות ב“סל התרופות“ של הקופה תקופת המתנה: 24 חודשים מיום ההצטרפות לתוכנית.
המתנה: 24 חודשים","כסף · PROG24 · 10.8 המקרה המזכה רכישת תרופה לצורך צריכה עצמית של העמית, על פי מרשם של רופא קופה או רכישת תרופה לצורך צריכה עצמית של העמית, ללא מרשם רופא לתרופות שאינן מחייבות מרשם.

זהב · PROG25 · 1.
שיעור: 50%, 95% | סכום: 1,000,000 ש""ח, 300 ש""ח, 600 ש""ח",לאומית זהב,
716,אונקולוגיה (סרטן),,סדנת החלמה ממחלה אונקולוגית,"כלל מבוטחי השב""ן בקופות החולים (לפי תוכנית והקופה)","זכאות: מבוטח מעל גיל 18 אשר סיים טיפולים אונקולוגיים (רדיו/כימותרפיה/ביולוגי/כירורגי) על פי פרוטוקול קליני, ואונקולוג מומחה מאשר שסיים את תכנית הטיפול ואין עדות למחלה פעילה — זכאי ","החזר/הטבה לסדנת החלמה ממחלה אונקולוגית בין 190 ל-111,991 ₪","זהב · PROG09 · סדנת החלמה למחלימים מסרטן — עמית מעל גיל 18, שסיים טיפולים אונקולוגיים (רדיו/כימותרפיה/ביולוגי/כירורגי) לפי פרוטוקול קליני, ואונקולוג מומחה מאשר שאין עדות למחלה פעילה. משך: עד 7 ימים. תקופת זכאות: מחודש לאחר ההחלמה ועד שנתיים ממועד ההחלמה. זכאות: סדנה אחת לכל תקופות החברות בתכנית. השתתפות עצמית: ₪195 ליום. מקור: תקנון כללית מושלם זהב, פרק ה' סעיף 52.

פלטינום · PROG10 · תקנון מושלם פלטינום אינו מזכיר סדנת החלמה אונקולוגית במפורש. עם זאת, פרק ט' (חבילה תומכת לחולי סרטן) מעניק כיסוי מורחב: 75% מהוצאה בפועל עד תקרות: ₪44,796 לניתוח בארץ, ₪111,991 לטיפולים במדינת חוץ, ₪11,199 להוצאות שונות (ייעוץ, פסיכולוגיה, רפואה משלימה, שמירה, נסיעות). אכשרה: 12 חודשים. כיסוי זה לאחר מיצוי זכאות הזהב. אין הפניה מפורשת לסדנת החלמה — אין מידע — מומלץ לבדוק. מקור: תקנון כללית מושלם פלטינום, פרק ט'.","כסף · PROG14 · אין מידע — מומלץ לבדוק. מקור: תקנון מכבי כסף

זהב · PROG15 · סעיף 22 — גיל 18 ומעלה שהחלים ממחלה אונקולוגית, ללא מחלה פעילה (נדרש אישור אונקולוג). עד 6 ימי סדנה. השתתפות עצמית ₪218.81 ליום. מימוש: בין חודש לשנתיים מסיום הטיפולים. זכאות: סדנה אחת לכל תקופות החברות לאותו סוג מחלה. תקופת המתנה: 6 חודשים. מקור: תקנון מכבי זהב סעיף 22

שלי · PROG16 · אין מידע — מומלץ לבדוק. מקור: תקנון מכבי שלי","עדיף · PROG19 · זכאות: מבוטח מעל גיל 18 אשר סיים טיפולים אונקולוגיים (רדיו/כימותרפיה/ביולוגי/כירורגי) על פי פרוטוקול קליני, ואונקולוג מומחה מאשר שסיים את תכנית הטיפול ואין עדות למחלה פעילה — זכאי לסדנת החלמה אצל ספק בהסדר. תקופת הסדנה: עד 7 ימים. מועד הזכאות: מחודש לאחר ההחלמה ועד שנתיים ממועד ההחלמה. השתתפות עצמית: 190 ש""ח ליום. תכיפות: זכאות לסדנה אחת לכל תקופות החברות בתוכנית. תקופת המתנה: 6 חודשים. מקור: תקנון מאוחדת עדיף, סעיף 33.

שיא · PROG20 · אין מידע — מומלץ לבדוק. תקנון מאוחדת שיא אינו כולל סעיף ייחודי לסדנת החלמה אונקולוגית נוסף על הקיים בעדיף. מבוטחי שיא נהנים מזכאות עדיף (190 ש""ח ליום, עד 7 ימים, פעם אחת בכל תקופת הביטוח). מקור: תקנון מאוחדת שיא; תקנון מאוחדת עדיף סעיף 33.","כסף · PROG24 · אין מידע — מומלץ לבדוק. תקנון לאומית כסף אינו מציין סדנת החלמה ממחלה אונקולוגית. הנושא אינו מופיע בפרקי הכיסוי.

זהב · PROG25 · אין מידע — מומלץ לבדוק. תקנון לאומית זהב אינו מציין סדנת החלמה ממחלה אונקולוגית. הנושא אינו מופיע בפרקי הכיסוי.",מאוחדת עדיף,
717,אונקולוגיה (סרטן),,בדיקת פרופיל מולקולרי לגידול (NGS),"כלל מבוטחי השב""ן בקופות החולים (לפי תוכנית והקופה)","הטבת שב""ן בנושא בדיקת פרופיל מולקולרי לגידול (NGS)","החזר/הטבה לבדיקת פרופיל מולקולרי לגידול (NGS) עד 2,000 ₪","זהב · PROG09 · בדיקת פרופיל מולקולרי מקיף לרקמת גידול סולידי בשלב גרורתי, שאין זכאות לה בסל הבריאות הבסיסי: השתתפות עצמית ₪2,000; זכאות: פעם אחת לאותה מחלה ואותו גידול; אכשרה: 3 חודשים; נדרש אישור מראש של המנהל הרפואי של כללית מושלם. במקרה שנפח רקמה אינו מספיק לפרופיל מקיף — יבוצע פרופיל מורחב. מקור: תקנון כללית מושלם זהב (פרק ה', סעיף 53).

פלטינום · PROG10 · אין מידע — מומלץ לבדוק. הנושא לא מופיע בתקנון הפלטינום; ייתכן שהכיסוי מזהב נשמר — מומלץ לברר מול כללית מושלם. מקור: תקנון כללית מושלם פלטינום.","כסף · PROG14 · אין מידע — בדיקת NGS / פרופיל מולקולרי לגידול לא נמצאה בתקנון מכבי כסף — מומלץ לבדוק. מקור: תקנון מכבי כסף.

זהב · PROG15 · אין מידע — בדיקת NGS / פרופיל מולקולרי לגידול לא נמצאה בתקנון מכבי זהב — מומלץ לבדוק. מקור: תקנון מכבי זהב.

שלי · PROG16 · אין מידע — בדיקת NGS / פרופיל מולקולרי לגידול לא נמצאה בתקנון מכבי שלי — מומלץ לבדוק. מקור: תקנון מכבי שלי.","עדיף · PROG19 · תקנון מאוחדת עדיף אינו מזכיר במפורש בדיקת פרופיל מולקולרי (NGS) לגידול סולידי. אין מידע — מומלץ לבדוק. מקור: תקנון מאוחדת עדיף.

שיא · PROG20 · תקנון מאוחדת שיא אינו מזכיר במפורש בדיקת NGS/פרופיל מולקולרי לגידול סולידי. אין מידע — מומלץ לבדוק. מקור: תקנון מאוחדת שיא.","כסף · PROG24 · אין מידע — מומלץ לבדוק. תקנון לאומית כסף אינו מזכיר בדיקת NGS או פרופיל מולקולרי לגידול סולידי.

זהב · PROG25 · אין מידע — מומלץ לבדוק. תקנון לאומית זהב אינו מזכיר בדיקת NGS או פרופיל מולקולרי לגידול סולידי.",טעון השוואה פרטנית,
718,אונקולוגיה (סרטן),,חבילה תומכת / ניווט לחולי סרטן,"כלל מבוטחי השב""ן בקופות החולים (לפי תוכנית והקופה)","הטבת שב""ן בנושא חבילה תומכת / ניווט לחולי סרטן","החזר/הטבה לחבילה תומכת / ניווט לחולי סרטן בין 171 ל-111,991 ₪","זהב · PROG09 · אין מידע — מומלץ לבדוק. פרק ט' (חבילה תומכת לחולי סרטן) לא מופיע בתקנון זהב. מקור: תקנון כללית מושלם זהב.

פלטינום · PROG10 · חבילה תומכת לחולי סרטן (פרק ט'): מקרה מזכה — עמית שאובחן על ידי רופא מומחה כחולה במחלה (דרישת מסמכים כולל בדיקות פתולוגיות/ציטולוגיות). תקופת זכאות: שנתיים מיום האבחון לראשונה. תקרות כיסוי ב-75% מהוצאה בפועל: ניתוח בישראל עד ₪44,796; טיפולים בחו""ל עד ₪111,991; הוצאות שונות (כולל נסיעות, אמבולנס) עד ₪11,199. שירות הכוונה רב-מקצועי לחולה (ייעוץ זכויות, ניווט מערכת בריאות): השתתפות עצמית ₪500, באמצעות ספקי הסדר. אכשרה: 12 חודשים. אישור מראש: הכללית רשאית לדרוש מסמכים; שירות הכוונה — דרך ספקי הסדר. מקור: תקנון כללית מושלם פלטינום (פרק ט', סעיפים 1–5, סעיף 3ד).","כסף · PROG14 · אין מידע על חבילה תומכת/ניווט ייעודי לחולי סרטן בתקנון מכבי כסף — מומלץ לבדוק. מקור: תקנון מכבי כסף.

זהב · PROG15 · §22 — סדנת החלמה למחלימים ממחלה אונקולוגית (גיל 18+): זכאות ל-6 ימי סדנה לכל היותר, לאחר סיום תכנית הטיפול (אישור מרופא אונקולוג מומחה). מימוש בין חודש אחד עד שנתיים לאחר ההחלמה. השתתפות עצמית ₪218.81 ליום סדנה. זכאות לסדנה אחת לכל תקופות החברות לאותו סוג מחלה. §27.1.2ב: חבר הלוקה במחלה אונקולוגית פעילה זכאי לייעוץ אחד נוסף בשנה עם רופא מומחה יועץ. תקופת המתנה 6 חודשים. אין ניווט/מנהל טיפול ייעודי. מקור: תקנון מכבי זהב, §22, §27.1.

שלי · PROG16 · אין מידע על חבילה תומכת/ניווט ייעודי לחולי סרטן בתקנון מכבי שלי — מומלץ לבדוק. מקור: תקנון מכבי שלי.","עדיף · PROG19 · סעיף 33 לתקנון מאוחדת עדיף — סדנא למחלימים ממחלה אונקולוגית: מבוטח מעל גיל 18 שסיים טיפולים אונקולוגיים (כימו/רדיו/ביולוגי/כירורגי לפי פרוטוקול) ואין עדות למחלה פעילה — זכאי לסדנת החלמה למחלימים ממחלה אונקולוגית, לצורך שיקום ומיסוד אורחות חיים, אצל ספקים בהסדר. תקופת הסדנה: עד 7 ימים, בין חודש לשנתיים ממועד ההחלמה. השתתפות עצמית: ₪190 ליום. זכאות לסדנה אחת בכל תקופות החברות. אכשרה: 6 חודשים. אישור מראש: כן (אישור אונקולוג מומחה). חבילה/ניווט מקיפה לחולים פעילים — אין מידע — מומלץ לבדוק. מקור: תקנון מאוחדת עדיף, סעיף 33.

שיא · PROG20 · מאוחדת שיא מוסיפה: (א) ייעוץ רפואי וחוות דעת בחו""ל (סעיף 4 שיא) — רלוונטי לחולי סרטן: זכאות לרשימת 3 מרכזים + 3 רופאים מומחים בחו""ל ללא עלות; חוות דעת ממרכז בהסכם — ₪171 להתייעצות, עד 3 חוות דעת; (ב) סדנת מחלימים מאוחדת עדיף (סעיף 33 עדיף) — ₪190 ליום, עד 7 ימים, זכאות אחת; (ג) בדיקות אונקוגנטיות (סעיף 9 שיא) — BRCA1/BRCA2. חבילת ניווט ייעודית לחולים אקטיביים — אין מידע — מומלץ לבדוק. אכשרה: 6 חודשים לסדנה; 3 חודשים לבדיקות. אישור מראש: כן. מקור: תקנון מאוחדת שיא, סעיפים 4, 9; תקנון מאוחדת עדיף, סעיף 33.","כסף · PROG24 · אין מידע — מומלץ לבדוק. תקנון לאומית כסף אינו מזכיר חבילת תמיכה ייעודית לחולי סרטן או שירות ניווט/הכוונה רב-מקצועי לחולי סרטן. טיפולים אונקולוגיים בחו""ל מכוסים בפרק ו' (כטיפול מיוחד בחו""ל), ופאה לחולה אונקולוגי מכוסה בפרק כ""ד (שיפוי 80% עד ₪733).

זהב · PROG25 · אין מידע — מומלץ לבדוק. תקנון לאומית זהב אינו מזכיר חבילת תמיכה ייעודית לחולי סרטן (כגון ניווט רב-מקצועי, כיסוי 75% בתקרה שנתית כמקובל בקופות אחרות). טיפולים אונקולוגיים בחו""ל מכוסים בפרק ו' (עד 150,000$ לטיפול מיוחד). פאה לחולה אונקולוגי: שיפוי 80% עד ₪1,866 פעם אחת בשנה. | מקור: תקנון לאומית זהב, פרק ו' ופרק כ""ד סעיף 5.2.",כללית מושלם פלטינום,
719,אונקולוגיה (סרטן),,פאה לחולים אונקולוגיים,"כלל מבוטחי השב""ן בקופות החולים (לפי תוכנית והקופה)","פאה לחולה אונקולוגי — החזר בשיעור 33% מהעלות בפועל, עד תקרה של ₪680.89. זכאות אחת לשנה, לאוכלוסייה שאינה זכאית להשתתפות 100% של משרד הבריאות. ספק על פי הסכם. אכשרה: לא צוינה מפורשו","החזר/הטבה לפאה לחולים אונקולוגיים בין 681 ל-1,866 ₪","זהב · PROG09 · פרק ה', סעיף 43 — פאה לחולים אונקולוגיים (מעבר לזכאות בסל הבסיסי). השתתפות הכללית: 85% מההוצאה בפועל. תקרה: עד ₪1,445. זכאות: פעם אחת בכל תקופות החברות בתכנית. אישור מראש: כן, בכפוף לאישור רפואי. אופן קבלה: העמית יקבל את האביזר לצמיתות או בהשאלה (בהתאם לרשימה) באמצעות כללית מושלם. תקופת אכשרה: 6 חודשים. מקור: תקנון כללית מושלם זהב.

פלטינום · PROG10 · אין מידע — מומלץ לבדוק. פאה לחולים אונקולוגיים אינה מוזכרת במפורש כסעיף נפרד בתקנון מושלם פלטינום (הפלטינום הוא תוספת מעל הזהב; הזכות בזהב — פרק ה' סעיף 43 — ממשיכה לחול). מקור: תקנון כללית מושלם פלטינום.","כסף · PROG14 · פאה לחולה אונקולוגי — החזר בשיעור 33% מהעלות בפועל, עד תקרה של ₪680.89. זכאות אחת לשנה, לאוכלוסייה שאינה זכאית להשתתפות 100% של משרד הבריאות. ספק על פי הסכם. אכשרה: לא צוינה מפורשות (בסעיף אביזרים רפואיים). מקור: תקנון מכבי כסף, נספח א' (אביזרים רפואיים בהחזר)

זהב · PROG15 · פאה לחולה אונקולוגי — תקרת החזר ₪1,712.56. זכאות אחת לשנה. ההחזר בשיעור 83% מהעלות בפועל עד לתקרה. ספק על פי הסכם. אכשרה: לא צוינה מפורשות (בסעיף אביזרים). מקור: תקנון מכבי זהב, נספח א' (אביזרים רפואיים)

שלי · PROG16 · אין מידע — מומלץ לבדוק. פאה לחולה אונקולוגי לא מוזכרת בתקנון מכבי שלי. זכאות מכבי זהב חלה (ראו PROG15). מקור: תקנון מכבי שלי","עדיף · PROG19 · מאוחדת עדיף — כלול בנספח ה' (רשימת אביזרים רפואיים). פאה נוכרית לאחר טיפול כימותרפי/אונקולוגי: השתתפות עצמית המבוטח 50%, תקרת השתתפות הקופה $600, ספק: בית מרקחת פנימי בלבד. הכיסוי נכלל בתקרה שנתית כוללת של $750 לכל האביזרים. נדרש אישור מראש. אין תקופת המתנה מיוחדת לאביזרים. מקור: תקנון מאוחדת עדיף 2026, נספח ה'.

שיא · PROG20 · מאוחדת שיא — כלול בנספח ה' (אביזרים רפואיים משותף לעדיף ושיא). פאה נוכרית לאחר טיפול כימותרפי/אונקולוגי: השתתפות עצמית 50%, תקרת השתתפות הקופה $600, ספק: בית מרקחת פנימי בלבד. תנאים זהים לעדיף. מקור: תקנון מאוחדת שיא 2026, נספח ה'.","כסף · PROG24 · מכוסה — פרק כ""ד סעיף 5.2 (השתתפות בהוצאות אביזרים רפואיים). פאה לחולה אונקולוגי* — שיפוי 80% מהוצאה ממשית כנגד קבלות מקוריות. תקרת שיפוי מרבי: ₪733 למקרה. מספר אביזרים מכוסים: 1 בשנה. (*הכיסוי כולל את הכיסוי בסל הבריאות). אכשרה: 3 חודשים. אישור מראש: נדרשת הפניית רופא מומחה. מקור: תקנון לאומית כסף.

זהב · PROG25 · מכוסה — פרק כ""ד סעיף 5.2 (השתתפות בהוצאות אביזרים רפואיים). פאה לחולה אונקולוגי* — שיפוי 80% מהוצאה ממשית כנגד קבלות מקוריות. תקרת שיפוי מרבי: ₪1,866 למקרה. מספר אביזרים מכוסים: 1 בשנה. (*הכיסוי כולל את הכיסוי בסל הבריאות). אכשרה: 3 חודשים. אישור מראש: נדרשת הפניית רופא מומחה. מקור: תקנון לאומית זהב.",מכבי כסף,
720,אונקולוגיה (סרטן),,תותבת שד חיצונית לאחר כריתה,"כלל מבוטחי השב""ן בקופות החולים (לפי תוכנית והקופה)",נספח א' סעיף 7 (תקנון מכבי זהב) — פרוטזה חיצונית לשד: החזר 83% עד תקרה ₪527.41; זכאות אחת לשנה.,החזר/הטבה לתותבת שד חיצונית לאחר כריתה בין 210 ל-527 ₪,"זהב · PROG09 · אין מידע — מומלץ לבדוק

פלטינום · PROG10 · אין מידע — מומלץ לבדוק","כסף · PROG14 · נספח א' סעיף 6 (תקנון מכבי כסף) — פרוטזה חיצונית לשד: החזר 33% עד תקרה ₪209.50; זכאות אחת לשנה.

זהב · PROG15 · נספח א' סעיף 7 (תקנון מכבי זהב) — פרוטזה חיצונית לשד: החזר 83% עד תקרה ₪527.41; זכאות אחת לשנה.

שלי · PROG16 · אין מידע — מומלץ לבדוק","עדיף · PROG19 · מכוסה — נספח ה׳, תותבות (עמ׳ 56 תקנון עדיף): תותב שד חיצוני (למקרה שאין כיסוי ע""י משהב""ר) — השתתפות המבוטח 50%. כפוף לתקרה שנתית כוללת של $750 על כלל האביזרים.

שיא · PROG20 · מכוסה — נספח ה׳, תותבות (עמ׳ 47 תקנון שיא): תותב שד חיצוני (למקרה שאין כיסוי ע""י משהב""ר) — השתתפות המבוטח 50%, ספק בהסכם.","כסף · PROG24 · אין מידע — מומלץ לבדוק

זהב · PROG25 · אין מידע — מומלץ לבדוק",מכבי זהב,
721,אונקולוגיה (סרטן),,"חבילה תומכת לחולי סרטן — ניווט, ייעוץ, נסיעות ומטפל אישי (פלטינום)","כלל מבוטחי השב""ן בקופות החולים (לפי תוכנית והקופה)","אין חבילה תומכת לחולי סרטן (ניווט, נסיעות, מטפל אישי) במכבי שלי. קולונוסקופיה וירטואלית לאבחון מוקדם של סרטן המעי הגס לגיל 50–75, השתתפות עצמית ₪677.51 (סעיף 37). ניתוחים בחו""ל — כ","החזר/הטבה לחבילה תומכת לחולי סרטן — ניווט, ייעוץ, נסיעות ומטפל אישי (פלטינום) בין 219 ל-11,199 ₪","זהב · PROG09 · אין מידע — מומלץ לבדוק

פלטינום · PROG10 · פרק ט' — מושלם פלטינום: עמית שאובחן כחולה במחלה גידולית ממארת (אבחנה פתולוגית) זכאי לתקרת הוצאות נלוות של ₪11,199 (סעיף ג') לכיסוי: ייעוץ רפואי נוסף, ייעוצים פסיכולוגיים ותזונתיים, שירותי רפואה משלימה, שמירה על חולה ע""י מטפל אישי שאינו בן משפחה, אביזרי עזר תומכים לבית, והחזר הוצאות נסיעה (מונית/אמבולנס/תחבורה ציבורית/רכב פרטי בתעריפי תחב""צ). בנוסף (סעיף ד'): שירותי הכוונה לחולה וייעוץ כללי רב-מקצועי ע""י ספקי הסדר בהשתתפות עצמית של ₪500. כיסוי תוקף שנתיים ממועד האבחון הראשוני; תקופת אכשרה 12 חודשים.","כסף · PROG14 · אין חבילה תומכת לחולי סרטן (ניווט, נסיעות, מטפל אישי) במכבי כסף. ישנה הנחה של כ-10% בטיפולי רפואה משלימה במרפאות מכבי טבעי, כולל יוגה לחולי סרטן (סעיף 15); פאה לחולה אונקולוגי ₪1,041.43 אחת לשנתיים (נספח ב').

זהב · PROG15 · סדנת החלמה למחלימים ממחלה אונקולוגית (סעיף 22): חבר מעל גיל 18 שהחלים, זכאי לעד 6 ימי סדנה (פעם אחת לכל תקופת החברות לאותו סוג מחלה) אצל ספקים בהסכם; השתתפות עצמית ₪218.81 ליום; אישור אונקולוג על סיום טיפול ואין מחלה פעילה; מימוש עד שנתיים לאחר ההחלמה; תקופת המתנה 6 חודשים. פאה לחולה אונקולוגי ₪1,041.43 אחת לשנתיים (נספח ג'). אין חבילת ניווט/נסיעות/מטפל אישי.

שלי · PROG16 · אין חבילה תומכת לחולי סרטן (ניווט, נסיעות, מטפל אישי) במכבי שלי. קולונוסקופיה וירטואלית לאבחון מוקדם של סרטן המעי הגס לגיל 50–75, השתתפות עצמית ₪677.51 (סעיף 37). ניתוחים בחו""ל — כיסוי עד 200% ממחירון דיפרנציאלי משה""ב (סעיף 33).","עדיף · PROG19 · אין מידע — מומלץ לבדוק

שיא · PROG20 · אין מידע — מומלץ לבדוק","כסף · PROG24 · אין מידע — מומלץ לבדוק

זהב · PROG25 · אין מידע — מומלץ לבדוק",מכבי שלי,
722,אונקולוגיה (סרטן),,בדיקת BRCA ובדיקות אונקוגנטיות — השתתפות עצמית,"כלל מבוטחי השב""ן בקופות החולים (לפי תוכנית והקופה)","הטבת שב""ן בנושא בדיקת BRCA ובדיקות אונקוגנטיות — השתתפות עצמית",החזר/הטבה לבדיקת BRCA ובדיקות אונקוגנטיות — השתתפות עצמית בין 308 ל-521 ₪,"זהב · PROG09 · אין מידע — מומלץ לבדוק

פלטינום · PROG10 · אין מידע — מומלץ לבדוק","כסף · PROG14 · אין מידע — מומלץ לבדוק

זהב · PROG15 · אין מידע — מומלץ לבדוק

שלי · PROG16 · אין מידע — מומלץ לבדוק","עדיף · PROG19 · בדיקת BRCA ובדיקות אונקוגנטיות — ₪308 השתתפות עצמית, פעם אחת בתקופת חברות. (מאוחדת עדיף, סעיף 9)

שיא · PROG20 · בדיקת BRCA ובדיקות אונקוגנטיות — ₪308 השתתפות עצמית, פעם אחת בתקופת חברות. (מאוחדת שיא, סעיף 9)","כסף · PROG24 · סרטן מעי גס בלבד: ₪319; שד/שחלות: ₪363; כל שלושה: ₪521 (לאומית כסף, פרק כ""ב)

זהב · PROG25 · סרטן מעי גס בלבד: ₪319; שד/שחלות: ₪363; כל שלושה: ₪521 (לאומית זהב, פרק כ""ב)",טעון השוואה פרטנית,
723,אונקולוגיה (סרטן),,סדנת החלמה ממחלה אונקולוגית,"כלל מבוטחי השב""ן בקופות החולים (לפי תוכנית והקופה)","הטבת שב""ן בנושא סדנת החלמה ממחלה אונקולוגית",החזר/הטבה לסדנת החלמה ממחלה אונקולוגית בין 195 ל-219 ₪,"זהב · PROG09 · השתתפות עצמית ₪195 ליום; סדנה של עד 7 ימים; סדנה אחת לכל תקופות החברות בתכנית (פרק ה׳ סעיף 52 — תקנון כללית מושלם זהב)

פלטינום · PROG10 · אין מידע — מומלץ לבדוק","כסף · PROG14 · אין מידע — מומלץ לבדוק

זהב · PROG15 · מעל גיל 18, לאחר החלמה ממחלה אונקולוגית (אישור אונקולוג). עד 6 ימי סדנה, ₪218.81 ליום. סדנה אחת לתקופת חברות לאותו סוג מחלה. 1 חודש–2 שנים מרגע ההחלמה. תקופת המתנה 6 חודשים (מכבי זהב סעיף 22.1).

שלי · PROG16 · אין מידע — מומלץ לבדוק","עדיף · PROG19 · אין מידע — מומלץ לבדוק

שיא · PROG20 · אין מידע — מומלץ לבדוק","כסף · PROG24 · אין מידע — מומלץ לבדוק

זהב · PROG25 · אין מידע — מומלץ לבדוק",טעון השוואה פרטנית,
724,אונקולוגיה (סרטן),,חבילה תומכת לחולי סרטן — ניווט ופיקוח רפואי,"כלל מבוטחי השב""ן בקופות החולים (לפי תוכנית והקופה)","הטבת שב""ן בנושא חבילה תומכת לחולי סרטן — ניווט ופיקוח רפואי","החזר/הטבה לחבילה תומכת לחולי סרטן — ניווט ופיקוח רפואי בין 500 ל-111,991 ₪","זהב · PROG09 · השתתפות עצמית חד-פעמית ₪500 לשירות הכוונה רב-מקצועי (ייעוץ, ניווט זכויות) דרך מכון מור; 75% מהוצאה בפועל לניתוחים בארץ עד ₪44,796; לניתוחים בחו""ל עד ₪111,991; להוצאות שונות (ייעוץ, תזונה, נסיעות, מטפל אישי) עד ₪11,199; תקופת זכאות 2 שנים (פרק ה׳ סעיף 53 + פרק ט׳ — תקנון פלטינום)

פלטינום · PROG10 · פלטינום (פרק ט׳ לתקנון פלטינום): 75% מהוצאה בפועל לניתוחים בארץ עד ₪44,796; לניתוחים בחו""ל עד ₪111,991; להוצאות שונות עד ₪11,199; בנוסף לזהב — ₪500 לשירות הכוונה. סה""כ הכיסוי מצטבר מעל לזהב (תקנון פלטינום פרק ט׳ סעיף 3)","כסף · PROG14 · אין מידע — מומלץ לבדוק

זהב · PROG15 · אין מידע — מומלץ לבדוק

שלי · PROG16 · אין מידע — מומלץ לבדוק","עדיף · PROG19 · אין מידע — מומלץ לבדוק

שיא · PROG20 · אין מידע — מומלץ לבדוק","כסף · PROG24 · אין מידע — מומלץ לבדוק

זהב · PROG25 · אין מידע — מומלץ לבדוק",טעון השוואה פרטנית,
725,אונקולוגיה (סרטן),,בדיקת פרופיל מולקולרי לגידול (NGS),"כלל מבוטחי השב""ן בקופות החולים (לפי תוכנית והקופה)","הטבת שב""ן בנושא בדיקת פרופיל מולקולרי לגידול (NGS)","החזר/הטבה לבדיקת פרופיל מולקולרי לגידול (NGS) עד 2,000 ₪","פלטינום · PROG10 · אין מידע — מומלץ לבדוק

זהב · PROG09 · השתתפות עצמית ₪2,000 לבדיקה במעבדות הסדר; זכאות אחת לאותה מחלה ולאותו גידול (פרק ה׳ סעיף 53 — תקנון כללית מושלם זהב)","כסף · PROG14 · אין מידע — מומלץ לבדוק

זהב · PROG15 · אין מידע — מומלץ לבדוק

שלי · PROG16 · אין מידע — מומלץ לבדוק","עדיף · PROG19 · אין מידע — מומלץ לבדוק

שיא · PROG20 · אין מידע — מומלץ לבדוק","כסף · PROG24 · אין מידע — מומלץ לבדוק

זהב · PROG25 · אין מידע — מומלץ לבדוק",טעון השוואה פרטנית,
726,אונקולוגיה (סרטן),,פאה אונקולוגית — תעריפי השתתפות עצמית,"כלל מבוטחי השב""ן בקופות החולים (לפי תוכנית והקופה)","הטבת שב""ן בנושא פאה אונקולוגית — תעריפי השתתפות עצמית","החזר/הטבה לפאה אונקולוגית — תעריפי השתתפות עצמית בין 2,238 ל-5,574 ₪","זהב · PROG09 · אין מידע — מומלץ לבדוק

פלטינום · PROG10 · אין מידע — מומלץ לבדוק","כסף · PROG14 · אין מידע — מומלץ לבדוק

זהב · PROG15 · אין מידע — מומלץ לבדוק

שלי · PROG16 · אין מידע — מומלץ לבדוק","עדיף · PROG19 · אין מידע — מומלץ לבדוק

שיא · PROG20 · אין מידע — מומלץ לבדוק","כסף · PROG24 · החזר 80% עד ₪2,238 (לאומית כסף, פרק כ""ד רשימה 5.2)

זהב · PROG25 · החזר 80% עד ₪5,574 (לאומית זהב, פרק כ""ד רשימה 5.2)",טעון השוואה פרטנית,
727,"לב, כלי דם וקרדיולוגיה",,שהייה במוסד החלמה לאחר אירוע לב,"כלל מבוטחי השב""ן בקופות החולים (לפי תוכנית והקופה)","הטבת שב""ן בנושא שהייה במוסד החלמה לאחר אירוע לב",החזר/הטבה לשהייה במוסד החלמה לאחר אירוע לב בין 261 ל-345 ₪,"זהב · PROG09 · השתתפות בהוצאות שהייה במוסד החלמה לאחר ""אירוע לב"".
שיעור: 50% | סכום: 345 ש""ח | המתנה: 3 חודשים

פלטינום · PROG10 · הזכאות קיימת בתוכנית ""מושלם זהב"".","כסף · PROG14 · במסגרת הבראה לאחר אשפוז

זהב · PROG15 · במסגרת הבראה לאחר אשפוז

שלי · PROG16 · הזכאות קיימת בתוכנית ""מכבי זהב"".","עדיף · PROG19 · במסגרת הבראה לאחר ניתוח .

שיא · PROG20 · במסגרת הבראה לאחר ניתוח","כסף · PROG24 · החלמה ושיקום לאחר אירוע לב 1.
סכום: 261 ש""ח | המתנה: 3 חודשים

זהב · PROG25 · החלמה ושיקום לאחר אירוע לב 1.
סכום: 261 ש""ח | המתנה: 3 חודשים",כללית מושלם זהב,
728,"לב, כלי דם וקרדיולוגיה",,מוקד/משדר קרדיולוגי וניטור לב מרחוק,"כלל מבוטחי השב""ן בקופות החולים (לפי תוכנית והקופה)","הטבת שב""ן בנושא מוקד/משדר קרדיולוגי וניטור לב מרחוק",החזר/הטבה למוקד/משדר קרדיולוגי וניטור לב מרחוק בין 72 ל-180 ₪,"זהב · PROG09 · שני כיסויים: (א) מנוי למשדר קרדיולוגי לעמית הזקוק לניטור קצב לב לאחר חשד להפרעת קצב שלא אותרה בטלמטריה/הולטר, בהמלצת רופא — השתתפות עצמית ₪25 לחודש, לתקופה של 15 חודשים, אכשרה 3 חודשים. (ב) השאלת Loop Recorder לניטור ממושך של קצב הלב (במקרים שאינם בסל הבסיסי), בהמלצת רופא הכללית — השתתפות עצמית ₪180 לחודש, אכשרה 3 חודשים. מקור: תקנון כללית מושלם זהב, פרק ה' סעיפים 8–9 (10–11 לפי המפרט).

פלטינום · PROG10 · אין מידע — מומלץ לבדוק. תקנון מושלם פלטינום אינו מזכיר משדר קרדיולוגי, Loop Recorder או ניטור לב מרחוק. מקור: תקנון כללית מושלם פלטינום.","כסף · PROG14 · אין מידע — מומלץ לבדוק. מקור: תקנון מכבי כסף

זהב · PROG15 · סעיף 26 — חבר שעבר התקף לב / ניתוח לב / הפרעות קצב זכאי ל-9 חודשי מינוי נוספים לקרדיו-ביפר או שירותי חרום לב מעבר ל-3 החודשים שבסל הבסיסי (סה""כ עד שנה). מותנה באישור מנהל רפואי מחוזי. תקופת המתנה: 3 חודשים. מקור: תקנון מכבי זהב סעיף 26

שלי · PROG16 · סעיף 25 — חדש (מעבר למכבי זהב). גיל 45 ומעלה עם לפחות גורם סיכון קרדיווסקולרי אחד (השמנה, שומנים, סוכרת, יל""ד) שאינו זכאי לכך בסל הבסיסי או בזהב. השתתפות עצמית: לחצן מצוקה ₪27.10 לחודש, קרדיוביפר ₪81.30 לחודש. תקופת המתנה: 6 חודשים. מקור: תקנון מכבי שלי סעיף 25","עדיף · PROG19 · זכאות: מבוטח הסובל ממחלת לב ואשר לדעת מומחה קרדיולוג מצבו מחייב מעקב באמצעות משדר, זכאי לשיפוי. תנאי זכאות: לאחר אוטם שריר הלב / מועמד לניתוח לב / עבר ניתוח לב / סובל מהפרעות קצב / תעוקת לב לא יציבה. תקופת כיסוי: 3 חודשי מינוי ראשונים — על חשבון הקופה. 9 חודשי מינוי נוספים — שיפוי 75% עד תקרה של 25 דולר ארה""ב לחודש. שנה נוספת — בכפוף להמלצת קרדיולוג מטעם הקופה. אישור מראש: נדרש מ""הסמכות המאשרת"", לפקודת מכונים/מוסדות בהסכם. תקופת המתנה: 6 חודשים. מקור: תקנון מאוחדת עדיף, סעיף 16.

שיא · PROG20 · אין מידע — מומלץ לבדוק. תקנון מאוחדת שיא אינו כולל סעיף ייחודי לניטור קרדיולוגי מרחוק. מבוטחי שיא נהנים מזכויות עדיף בנוסף לשיא. מקור: תקנון מאוחדת שיא.","כסף · PROG24 · כיסוי: הקופה משלמת ישירות לנותן שירות שבהסדר, בכפוף להשתתפות עצמית של ₪72 לחודש. לנותן שירות שלא בהסדר — שיפוי 80% עד תקרה של ₪101 לחודש. תקופה מרבית: 21 חודשים (נותן שבהסדר); 9 חודשים (נותן שלא בהסדר). תנאי זכאות: עמית שמיצה את זכאותו בסל; אחד מהמצבים: עבר אוטם שריר הלב, ניתוח לב קבוע, הפרעות קצב חדריות מסכנות חיים, הפרעות קצב על-חדריות עם איבוד הכרה. השת""ע: ₪72 לחודש. אכשרה: 3 חודשים. אישור מראש: לא מפורש — אך יש עמידה בתנאי זכאות. מקור: תקנון לאומית כסף, פרק י""א.

זהב · PROG25 · כיסוי: הקופה משלמת ישירות לנותן שירות שבהסדר, בכפוף להשתתפות עצמית של ₪36 לחודש (מחיר נמוך משמעותית מכסף). לנותן שירות שלא בהסדר — שיפוי 80% עד תקרה של ₪175 לחודש. תקופה מרבית: 21 חודשים (נותן שבהסדר); 9 חודשים (נותן שלא בהסדר). תנאי זכאות: זהים לכסף — מיצוי סל, ואחד מהמצבים הקרדיולוגיים. השת""ע: ₪36 לחודש. אכשרה: 3 חודשים. אישור מראש: לא מפורש. מקור: תקנון לאומית זהב, פרק י""א.",טעון השוואה פרטנית,
729,"לב, כלי דם וקרדיולוגיה",,טיפול בתעוקת לב (EECP),"כלל מבוטחי השב""ן בקופות החולים (לפי תוכנית והקופה)","הטבת שב""ן בנושא טיפול בתעוקת לב (EECP)","החזר/הטבה לטיפול בתעוקת לב (EECP) בין 191 ל-12,977 ₪","זהב · PROG09 · אין מידע — מומלץ לבדוק. טיפול EECP לתעוקת לב (אנגינה פקטוריס) אינו מוזכר בתקנון כללית מושלם זהב. מקור: תקנון כללית מושלם זהב.

פלטינום · PROG10 · אין מידע — מומלץ לבדוק. טיפול EECP לתעוקת לב אינו מוזכר בתקנון מושלם פלטינום. מקור: תקנון כללית מושלם פלטינום.","כסף · PROG14 · אין מידע — מומלץ לבדוק. EECP ותעוקת לב אינם מוזכרים בתקנון מכבי כסף. מקור: תקנון מכבי כסף

זהב · PROG15 · אין מידע — מומלץ לבדוק. EECP ותעוקת לב אינם מוזכרים בתקנון מכבי זהב. מקור: תקנון מכבי זהב

שלי · PROG16 · אין מידע — מומלץ לבדוק. EECP ותעוקת לב אינם מוזכרים בתקנון מכבי שלי. מקור: תקנון מכבי שלי","עדיף · PROG19 · אין מידע — מומלץ לבדוק. תקנון מאוחדת עדיף אינו מזכיר EECP. הכיסוי הקרדיולוגי כולל: (א) מינוי למשדר קרדיולוגי ושירותי חירום לחולי לב (סעיף 16) — 3 חודשים ראשונים על חשבון הקופה, 9 חודשים נוספים שיפוי 75% עד $25 לחודש — בכפוף להמלצת קרדיולוג. הזכאות חלה בין היתר עבור מבוטח הסובל מ'תעוקת לב' לא יציבה. (ב) התעמלות שיקומית לאחר אוטם שריר הלב (סעיף 24) — ₪235 לחודש לשלושה חודשים. EECP עצמו אינו מופיע בתקנון. מקור: תקנון מאוחדת עדיף 2026.

שיא · PROG20 · אין מידע — מומלץ לבדוק. תקנון מאוחדת שיא אינו מזכיר EECP. הכיסוי הקרדיולוגי מכוח שיא: (א) התעמלות שיקומית לאחר אוטם שריר הלב (סעיף 13) — ₪191 לחודש לתקופה רצופה של 9 חודשים (בהחלפה לסעיף 24 של עדיף). (ב) בנוסף לכל כיסויי עדיף. EECP אינו מופיע. מקור: תקנון מאוחדת שיא 2026.","כסף · PROG24 · אין זכאות — פרק י' מוגבל לעמיתי 'לאומית זהב' בלבד. מקור: תקנון לאומית כסף.

זהב · PROG25 · מכוסה — פרק י'. סדרת טיפולים לא פולשניים בשיטת EECP לחולי אנגינה פקטוריס (תעוקת לב כרונית / אי ספיקת לב כרונית), לעמית שאובחן על ידי קרדיולוג מומחה בקופה והופנה לטיפול. מבוצע במכון הסדר. השתתפות עצמית: ₪12,977. הקופה נושאת במלוא יתרת עלות הטיפול. זכאות חד-פעמית לכל תקופת ההסכם. אכשרה: 6 חודשים. אישור מראש: נדרש הפניית קרדיולוג. מקור: תקנון לאומית זהב.",טעון השוואה פרטנית,
730,"לב, כלי דם וקרדיולוגיה",,בדיקת RESPERATE — מכשיר להורדת לחץ דם וחרדות,"כלל מבוטחי השב""ן בקופות החולים (לפי תוכנית והקופה)","הטבת שב""ן בנושא בדיקת RESPERATE — מכשיר להורדת לחץ דם וחרדות","החזר/הטבה לבדיקת RESPERATE — מכשיר להורדת לחץ דם וחרדות עד 1,299 ₪","זהב · PROG09 · מכוסה — נספח א' — מכשיר לטיפול בהורדת לחץ דם וחרדות RESPERATE; השתתפות עצמית ₪1,299

פלטינום · PROG10 · ככל כללית מושלם זהב — פלטינום אינו מוסיף כיסוי מפורש לנושא זה","כסף · PROG14 · אין מידע — מומלץ לבדוק

זהב · PROG15 · אין מידע — מומלץ לבדוק

שלי · PROG16 · אין מידע — מומלץ לבדוק","עדיף · PROG19 · אין מידע — מומלץ לבדוק

שיא · PROG20 · אין מידע — מומלץ לבדוק","כסף · PROG24 · אין מידע — מומלץ לבדוק

זהב · PROG25 · אין מידע — מומלץ לבדוק",טעון השוואה פרטנית,
731,"לב, כלי דם וקרדיולוגיה",,השאלת מכשיר Loop Recorder לניטור קצב לב,"כלל מבוטחי השב""ן בקופות החולים (לפי תוכנית והקופה)","הטבת שב""ן בנושא השאלת מכשיר Loop Recorder לניטור קצב לב",החזר/הטבה להשאלת מכשיר Loop Recorder לניטור קצב לב עד 180 ₪,"זהב · PROG09 · מכוסה — פרק ה' סעיף 9 — השאלת Loop Recorder במקרים שאינם כלולים בסל הבסיסי; השתתפות עצמית ₪180 לחודש; לפי המלצת רופא שירותי בריאות כללית

פלטינום · PROG10 · ככל כללית מושלם זהב — פלטינום אינו מוסיף כיסוי מפורש לנושא זה","כסף · PROG14 · אין מידע — מומלץ לבדוק

זהב · PROG15 · אין מידע — מומלץ לבדוק

שלי · PROG16 · אין מידע — מומלץ לבדוק","עדיף · PROG19 · אין מידע — מומלץ לבדוק

שיא · PROG20 · אין מידע — מומלץ לבדוק","כסף · PROG24 · אין מידע — מומלץ לבדוק

זהב · PROG25 · אין מידע — מומלץ לבדוק",טעון השוואה פרטנית,
732,"לב, כלי דם וקרדיולוגיה",,שירותי חירום לב (לחצן מצוקה / קרדיוביפר) לבעלי גורמי סיכון (45+),"כלל מבוטחי השב""ן בקופות החולים (לפי תוכנית והקופה)","הטבת שב""ן בנושא שירותי חירום לב (לחצן מצוקה / קרדיוביפר) לבעלי גורמי סיכון (45+)",החזר/הטבה לשירותי חירום לב (לחצן מצוקה / קרדיוביפר) לבעלי גורמי סיכון (45+) עד 81 ₪,"זהב · PROG09 · פרק ה' סעיף 8 — מנוי למשדר קרדיולוגי: השתתפות עצמית ₪25 לחודש; תקופת זכאות 15 חודשים; תקופת אכשרה 3 חודשים. זכאים: עמית הזקוק לניטור קצב לב לאחר חשד להפרעת קצב שלא אותרה בהולטר/טלמטריה (בהמלצת רופא), או עמית הזקוק לניטור ממושך של קוצב לב לאחר ניתוח לב. הערה: אינו מכסה לחצן מצוקה כללי לבעלי גורמי סיכון בגיל 45+ ללא אירוע לב קודם.

פלטינום · PROG10 · ככל כללית מושלם זהב — מנוי למשדר קרדיולוגי בתנאים הנ""ל; לא נמצאה תוספת פלטינום נפרדת לכיסוי לחצן מצוקה כללי.","כסף · PROG14 · אין כיסוי ייעודי לבעלי גורמי סיכון גיל 45+. מכבי כסף מפנה לכיסוי קרדיו-ביפר רק עבור מי שעבר התקף לב/ניתוח לב/הפרעות קצב משמעותיות — ממשיכים 9 חודשי מינוי נוספים ע""ח מכבי זהב (סעיף 9.2 / סעיף 26 כפי שמוזכר בקשר למכבי זהב).

זהב · PROG15 · כיסוי קרדיו-ביפר ושירותי חירום לב לחברים שעברו התקף לב / ניתוח לב / הפרעות קצב משמעותיות: הזכאי ממכבי ל-3 חודשים, זכאי ל-9 חודשים נוספים מכבי זהב (סה""כ שנה); ניתן להמשיך עד שנה נוספת לפי המלצת קרדיולוג; תקופת המתנה 3 חודשים (סעיף 26). אין כיסוי ייעודי לבעלי גורמי סיכון בלבד (ללא אירוע לב) — זה קיים רק במכבי שלי.

שלי · PROG16 · מכוסה — לחצן מצוקה / קרדיוביפר לבעלי גורמי סיכון קרדיו-וסקולארים (השמנת יתר, יתר שומנים בדם, סוכרת, יתר לחץ דם) מגיל 45 ומעלה; בכפוף להפניה מהרופא המטפל ורכישה אצל ספקים בהסכם; לא זכאי לשירות זה דרך הסל ו/או מכבי זהב; השתתפות עצמית: לחצן מצוקה — ₪27.10 לחודש; קרדיוביפר — ₪81.30 לחודש; תקופת המתנה 6 חודשים (סעיף 25).","עדיף · PROG19 · אין מידע — מומלץ לבדוק

שיא · PROG20 · אין מידע — מומלץ לבדוק","כסף · PROG24 · אין מידע — מומלץ לבדוק

זהב · PROG25 · אין מידע — מומלץ לבדוק",טעון השוואה פרטנית,
733,"לב, כלי דם וקרדיולוגיה",,שיקום לב — פעילות גופנית מבוקרת לאחר אירוע לב,"כלל מבוטחי השב""ן בקופות החולים (לפי תוכנית והקופה)","הטבת שב""ן בנושא שיקום לב — פעילות גופנית מבוקרת לאחר אירוע לב",החזר/הטבה לשיקום לב — פעילות גופנית מבוקרת לאחר אירוע לב בין 87 ל-235 ₪,"זהב · PROG09 · השתתפות עצמית ₪100 לחודש, למשך 9 חודשים, עבור תוכנית התעמלות שיקומית לאחר אירוע לב (פרק ה׳, סעיף 7 — תקנון כללית מושלם זהב)

פלטינום · PROG10 · אין מידע — מומלץ לבדוק","כסף · PROG14 · השתתפות עצמית ₪159.59 לחודש, 3 חודשים ראשונים (סעיף 9.1). המליץ קרדיולוג על המשך — ₪229.87 לחודש ל-6 חודשים נוספים (סעיף 9.2). לאחר מיצוי הזכאות ממכבי הבסיסית.

זהב · PROG15 · השתתפות עצמית ₪159.59 לחודש, 3 חודשים ראשונים (סעיף 11.1 מכבי זהב). המליץ קרדיולוג — ₪229.87 לחודש ל-6 חודשים נוספים (סעיף 11.2). לאחר מיצוי הזכאות ממכבי.

שלי · PROG16 · אין מידע — מומלץ לבדוק","עדיף · PROG19 · התעמלות שיקומית לאחר אוטם שריר הלב — ₪235 השתתפות עצמית לחודש, עד 3 חודשים. (מאוחדת עדיף, סעיף 13)

שיא · PROG20 · התעמלות שיקומית לאחר אוטם שריר הלב — ₪191 השתתפות עצמית לחודש, עד 9 חודשים. (מאוחדת שיא, סעיף 13)","כסף · PROG24 · עד 9 חודשים מעבר לסל, השתתפות עצמית ₪159 לחודש (לאומית כסף, פרק ט' סעיף 3.1)

זהב · PROG25 · עד 9 חודשים מעבר לסל, השתתפות עצמית ₪87 לחודש (לאומית זהב, פרק ט' סעיף 3.1)",טעון השוואה פרטנית,
734,"לב, כלי דם וקרדיולוגיה",,פעילות גופנית מבוקרת לבעלי גורמי סיכון קרדיו-וסקולריים,"כלל מבוטחי השב""ן בקופות החולים (לפי תוכנית והקופה)","הטבת שב""ן בנושא פעילות גופנית מבוקרת לבעלי גורמי סיכון קרדיו-וסקולריים",החזר/הטבה לפעילות גופנית מבוקרת לבעלי גורמי סיכון קרדיו-וסקולריים עד 160 ₪,"זהב · PROG09 · אין מידע — מומלץ לבדוק

פלטינום · PROG10 · אין מידע — מומלץ לבדוק","כסף · PROG14 · השתתפות עצמית ₪159.59 לחודש ל-6 חודשים, לחבר עם 2 גורמי סיכון לפחות (LDL גבוה, HDL נמוך, השמנת יתר, סוכרת, יתר לחץ דם וכד'). על פי הפניית רופא מטפל (מכבי כסף סעיף 9.3).

זהב · PROG15 · השתתפות עצמית ₪159.59 לחודש ל-6 חודשים, 2 גורמי סיכון לפחות, הפניית רופא מטפל (מכבי זהב סעיף 11.3.1–11.3.2). תקופת המתנה 3 חודשים.

שלי · PROG16 · אין מידע — מומלץ לבדוק","עדיף · PROG19 · אין מידע — מומלץ לבדוק

שיא · PROG20 · אין מידע — מומלץ לבדוק","כסף · PROG24 · אין מידע — מומלץ לבדוק

זהב · PROG25 · אין מידע — מומלץ לבדוק",טעון השוואה פרטנית,
735,"לב, כלי דם וקרדיולוגיה",,שיקום לאחר אירוע לב — שהייה בבית הבראה,"כלל מבוטחי השב""ן בקופות החולים (לפי תוכנית והקופה)","הטבת שב""ן בנושא שיקום לאחר אירוע לב — שהייה בבית הבראה",החזר/הטבה לשיקום לאחר אירוע לב — שהייה בבית הבראה בין 261 ל-310 ₪,"זהב · PROG09 · החזר 50% מהוצאה בפועל, עד ₪310 ליום שהייה; עד 7 ימים לאחר ניתוח לב/אוטם שריר הלב; עד 14 ימים לאחר השתלת לב (פרק ה׳, סעיף 6 — תקנון כללית מושלם זהב)

פלטינום · PROG10 · אין מידע — מומלץ לבדוק","כסף · PROG14 · אין מידע — מומלץ לבדוק

זהב · PROG15 · אין מידע — מומלץ לבדוק

שלי · PROG16 · אין מידע — מומלץ לבדוק","עדיף · PROG19 · אין מידע — מומלץ לבדוק

שיא · PROG20 · אין מידע — מומלץ לבדוק","כסף · PROG24 · עד 7 ימים מעבר לזכאות הסל, השתתפות עצמית ₪261 ליום (לאומית כסף, פרק ח' סעיף 3.2)

זהב · PROG25 · עד 10 ימים מעבר לזכאות הסל, השתתפות עצמית ₪261 ליום (לאומית זהב, פרק ח' סעיף 4.1–4.2)",כללית מושלם זהב,
736,"לב, כלי דם וקרדיולוגיה",,משדר קרדיולוגי — ניטור קצב לב,"כלל מבוטחי השב""ן בקופות החולים (לפי תוכנית והקופה)","הטבת שב""ן בנושא משדר קרדיולוגי — ניטור קצב לב",החזר/הטבה למשדר קרדיולוגי — ניטור קצב לב בין 72 ל-175 ₪,"זהב · PROG09 · השתתפות עצמית ₪25 לחודש, לתקופה של 15 חודשים (פרק ה׳, סעיף 8 — תקנון כללית מושלם זהב)

פלטינום · PROG10 · אין מידע — מומלץ לבדוק","כסף · PROG14 · אין מידע — מומלץ לבדוק

זהב · PROG15 · אין מידע — מומלץ לבדוק

שלי · PROG16 · אין מידע — מומלץ לבדוק","עדיף · PROG19 · אין מידע — מומלץ לבדוק

שיא · PROG20 · אין מידע — מומלץ לבדוק","כסף · PROG24 · ספק בהסדר: ₪72 לחודש, עד 21 חודשים; לא בהסדר: החזר 80% עד ₪101 לחודש, עד 9 חודשים (לאומית כסף, פרק י""א סעיף 3.1–3.2)

זהב · PROG25 · ספק בהסדר: ₪36 לחודש, עד 21 חודשים; לא בהסדר: החזר 80% עד ₪175 לחודש, עד 9 חודשים (לאומית זהב, פרק י""א סעיף 3.3–3.4)",טעון השוואה פרטנית,
737,"לב, כלי דם וקרדיולוגיה",,EECP לתעוקת לב — תנאים,"כלל מבוטחי השב""ן בקופות החולים (לפי תוכנית והקופה)","הטבת שב""ן בנושא EECP לתעוקת לב — תנאים","החזר/הטבה לEECP לתעוקת לב — תנאים עד 12,977 ₪","זהב · PROG09 · אין מידע — מומלץ לבדוק

פלטינום · PROG10 · אין מידע — מומלץ לבדוק","כסף · PROG14 · אין מידע — מומלץ לבדוק

זהב · PROG15 · אין מידע — מומלץ לבדוק

שלי · PROG16 · אין מידע — מומלץ לבדוק","עדיף · PROG19 · אין מידע — מומלץ לבדוק

שיא · PROG20 · אין מידע — מומלץ לבדוק","כסף · PROG24 · אין מידע — מומלץ לבדוק

זהב · PROG25 · זכאות חד-פעמית לכל תקופת ההסכם; השתתפות עצמית ₪12,977 (לאומית זהב, פרק י')",טעון השוואה פרטנית,
738,"לב, כלי דם וקרדיולוגיה",,ART ASSIST — מכשיר לטרשת עורקים,"כלל מבוטחי השב""ן בקופות החולים (לפי תוכנית והקופה)","הטבת שב""ן בנושא ART ASSIST — מכשיר לטרשת עורקים",החזר/הטבה לART ASSIST — מכשיר לטרשת עורקים בין 290 ל-507 ₪,"זהב · PROG09 · אין מידע — מומלץ לבדוק

פלטינום · PROG10 · אין מידע — מומלץ לבדוק","כסף · PROG14 · אין מידע — מומלץ לבדוק

זהב · PROG15 · אין מידע — מומלץ לבדוק

שלי · PROG16 · אין מידע — מומלץ לבדוק","עדיף · PROG19 · אין מידע — מומלץ לבדוק

שיא · PROG20 · אין מידע — מומלץ לבדוק","כסף · PROG24 · החזר 80% מהוצאה ממשית, עד ₪290 לחודש שכירות, עד 3 חודשים בתקופת ההסכם (לאומית כסף, פרק ל""א סעיף 3.3)

זהב · PROG25 · החזר 80% מהוצאה ממשית, עד ₪507 לחודש שכירות, עד 3 חודשים בתקופת ההסכם (לאומית זהב, פרק ל""א סעיף 3.4)",טעון השוואה פרטנית,
739,"לב, כלי דם וקרדיולוגיה",,מכשיר RESPERATE להורדת לחץ דם,"כלל מבוטחי השב""ן בקופות החולים (לפי תוכנית והקופה)","הטבת שב""ן בנושא מכשיר RESPERATE להורדת לחץ דם","החזר/הטבה למכשיר RESPERATE להורדת לחץ דם בין 1,299 ל-3,000 ₪","זהב · PROG09 · מחיר מסובסד ₪1,299 (השתתפות עצמית) — רכישה דרך כללית; מחיר מלא בשוק ~₪3,000 (נספח א׳ — תקנון כללית מושלם זהב)

פלטינום · PROG10 · אין מידע — מומלץ לבדוק","כסף · PROG14 · אין מידע — מומלץ לבדוק

זהב · PROG15 · אין מידע — מומלץ לבדוק

שלי · PROG16 · אין מידע — מומלץ לבדוק","עדיף · PROG19 · אין מידע — מומלץ לבדוק

שיא · PROG20 · אין מידע — מומלץ לבדוק","כסף · PROG24 · אין מידע — מומלץ לבדוק

זהב · PROG25 · אין מידע — מומלץ לבדוק",טעון השוואה פרטנית,
740,"לב, כלי דם וקרדיולוגיה",,ניתוח לב פרטי — כיסוי,"כלל מבוטחי השב""ן בקופות החולים (לפי תוכנית והקופה)","הטבת שב""ן בנושא ניתוח לב פרטי — כיסוי","החזר/הטבה לניתוח לב פרטי — כיסוי בין 846 ל-3,384 ₪","זהב · PROG09 · ניתוח בבית חולים פרטי בהסדר — כיסוי מלא: אשפוז, חדר ניתוח, מרדים, אביזרים מושתלים, מנתח; השתתפות עצמית לפי ניתוח (ניתוחי מעקפים/מסתמים/צנתור) — לפי רשימת הניתוחים (פרק ג׳ — תקנון כללית מושלם זהב)

פלטינום · PROG10 · פלטינום: השתתפות עצמית נמוכה ב-75% מהזהב — לדוגמה ניתוח ראש: ₪846 בפלטינום לעומת ₪3,384 בזהב (clalitmushlam.org.il; יnet)","כסף · PROG14 · אין מידע — מומלץ לבדוק

זהב · PROG15 · אין מידע — מומלץ לבדוק

שלי · PROG16 · אין מידע — מומלץ לבדוק","עדיף · PROG19 · אין מידע — מומלץ לבדוק

שיא · PROG20 · אין מידע — מומלץ לבדוק","כסף · PROG24 · אין מידע — מומלץ לבדוק

זהב · PROG25 · אין מידע — מומלץ לבדוק",כללית מושלם פלטינום,
741,"לב, כלי דם וקרדיולוגיה",,שירותי חירום לב — לחצן מצוקה וקרדיוביפר,"כלל מבוטחי השב""ן בקופות החולים (לפי תוכנית והקופה)","הטבת שב""ן בנושא שירותי חירום לב — לחצן מצוקה וקרדיוביפר",החזר/הטבה לשירותי חירום לב — לחצן מצוקה וקרדיוביפר עד 81 ₪,"זהב · PROG09 · אין מידע — מומלץ לבדוק

פלטינום · PROG10 · אין מידע — מומלץ לבדוק","כסף · PROG14 · אין מידע — מומלץ לבדוק

זהב · PROG15 · חבר שעבר התקף לב / ניתוח לב / הפרעות קצב, הזכאי ממכבי ל-3 חודשי מינוי — זכאי ל-9 חודשים נוספים ע""ח מכבי זהב (סה""כ שנה). עלות מינוי בספק שאינו בהסכם: החזר עד לגובה עלות מכבי זהב. תקופת המתנה 3 חודשים (מכבי זהב סעיף 26.1).

שלי · PROG16 · גיל 45+ עם לפחות גורם סיכון אחד. לחצן מצוקה: ₪27.10 לחודש; קרדיוביפר: ₪81.30 לחודש. אצל ספקים בהסכם (מכבי שלי סעיף 25). תקופת המתנה 6 חודשים.","עדיף · PROG19 · אין מידע — מומלץ לבדוק

שיא · PROG20 · אין מידע — מומלץ לבדוק","כסף · PROG24 · אין מידע — מומלץ לבדוק

זהב · PROG25 · אין מידע — מומלץ לבדוק",טעון השוואה פרטנית,
742,"שיקום, הבראה ונופש",,הבראה לאחר ניתוח,"כלל מבוטחי השב""ן בקופות החולים (לפי תוכנית והקופה)","הבראה לאחר ניתוח הגדרות לפרק זה ""ניתוח"" - כל ניתוח למעט השתלת לב, ניתוח לב (לא כולל צנתור המלווה בהשתלת תומך) או אוטם שריר הלב (לרבות מקרים בהם בעקבות אוטם שריר הלב בוצע צנתור מכל…",החזר/הטבה להבראה לאחר ניתוח בין 259 ל-615 ₪,"זהב · PROG09 · השירות הרפואי הבראה לאחר ניתוח: השתתפות בהוצאות שהייה במוסד החלמה/הבראה לאחר ניתוח שלא לאחר ""אירוע לב"" בארץ.
שיעור: 75% | סכום: 614 ש""ח | המתנה: 3 חודשים

פלטינום · PROG10 · הזכאות קיימת בתוכנית ""מושלם זהב"".","כסף · PROG14 · במסגרת הבראה לאחר אשפוז

זהב · PROG15 · במסגרת הבראה לאחר אשפוז

שלי · PROG16 · במסגרת הבראה לאחר אשפוז","עדיף · PROG19 · החלמה לאחר ניתוח מורכב הבראה והחלמה תקופת המתנה: 3 חודשים מיוםההצטרפות לתוכנית.
סכום: 259 ש""ח, 343 ש״ח | המתנה: 3 חודשים

שיא · PROG20 · החלמה לאחר ניתוח מורכב הבראה והחלמה תקופת המתנה: 3 חודשים מיום ההצטרפות לתוכנית.
סכום: 557 ש״ח, 343 ש״ח | המתנה: 3 חודשים","כסף · PROG24 · הבראה לאחר ניתוח הגדרות לפרק זה ""ניתוח"" - כל ניתוח למעט השתלת לב, ניתוח לב )לא כולל צנתור המלווה בהשתלת תומך( או אוטם שריר הלב )לרבות מקרים בהם בעקבות אוטם שריר הלב בוצע צנתור מכל…
שיעור: 80% | סכום: 391 ש""ח | המתנה: 3 חודשים

זהב · PROG25 · הבראה לאחר ניתוח הגדרות לפרק זה ""ניתוח"" - כל ניתוח למעט השתלת לב, ניתוח לב (לא כולל צנתור המלווה בהשתלת תומך) או אוטם שריר הלב (לרבות מקרים בהם בעקבות אוטם שריר הלב בוצע צנתור מכל…
שיעור: 80% | סכום: 615 ש""ח | המתנה: 3 חודשים",לאומית זהב,
743,"שיקום, הבראה ונופש",,מכשירי שמיעה,"כלל מבוטחי השב""ן בקופות החולים (לפי תוכנית והקופה)","למבוטחי ""מאוחדת עדיף"" מעל גיל 18 - השתתפות נוספת ברכישת מכשיר שמיעה מספק שבהסדר, בסכום השווה ל-80% מתוספת העלות מעבר להשתתפות סל הבריאות ועד לתקרה של 1,973 ₪ לאוזן.","החזר/הטבה למכשירי שמיעה בין 1,084 ל-1,973 ₪","זהב · PROG09 · השתתפות ברכישת מכשירי שמיעה במכוני הסדר.
שיעור: 75% | סכום: 1,084 ₪ | המתנה: 6 חודשים

פלטינום · PROG10 · הזכאות קיימת בתוכנית ""מושלם זהב"".","כסף · PROG14 · מכשיר שמיעה לבגיר, לכל אוזן (כולל הזכאות במסגרת סל הבריאות).

זהב · PROG15 · מכשיר שמיעה לבגיר, לכל אוזן (כולל הזכאות במסגרת סל הבריאות).

שלי · PROG16 · הזכאות קיימת בתוכנית ""מכבי זהב"".","עדיף · PROG19 · למבוטחי ""מאוחדת עדיף"" מעל גיל 18 - השתתפות נוספת ברכישת מכשיר שמיעה מספק שבהסדר, בסכום השווה ל-80% מתוספת העלות מעבר להשתתפות סל הבריאות ועד לתקרה של 1,973 ₪ לאוזן.
שיעור: 80% | סכום: 1,973 ₪

שיא · PROG20 · הזכאות קיימת בתוכנית ""מאוחדת עדיף"".","כסף · PROG24 · מעל גיל 18 - מכשיר שמיעה קטגורית בסיס - זכאות מלאה ללא השתתפות עצמית במסגרת הסל הבסיסי.

זהב · PROG25 · מעל גיל 18 - מכשיר שמיעה קטגורית בסיס - זכאות מלאה ללא השתתפות עצמית במסגרת הסל הבסיסי.",מאוחדת עדיף,
744,"שיקום, הבראה ונופש",,פיזיותרפיה ושיקום,"כלל מבוטחי השב""ן בקופות החולים (לפי תוכנית והקופה)","הטבת שב""ן בנושא פיזיותרפיה ושיקום",החזר/הטבה לפיזיותרפיה ושיקום בין 54 ל-557 ₪,"זהב · PROG09 · טיפולי פיזיותרפיה ע""י פיזיותרפיסט מוסמך, במכוני הסדר או שאינם בהסדר (מעבר לסל): 75% מההוצאה בפועל עד ₪94 לטיפול. בעיות התפתחות של ילדים שאובחנו ע""י רופא מומחה (פיזיותרפיה/קלינאי תקשורת/ריפוי בעיסוק/פסיכולוג/עו""ס): 75% מההוצאה עד ₪108 לטיפול (מסלול החזר), או השתתפות עצמית כשל הסל (מסלול הסדר). מכסה: עד 45 טיפולים בשנה לילדים בגילאי 3–9, עד 30 טיפולים בגילאי 10–18. שיקום דיבור למבוגר מעל גיל 18 במצבים מיוחדים: 75% מההוצאה עד ₪101 לטיפול, עד 10 טיפולים בשנה קלנדרית.

פלטינום · PROG10 · מעבר ל'מושלם זהב': טיפולי בעיות התפתחות של ילדים (כולל טיפול ברכיבה/שחייה/ספורט טיפולי, אמנות/מוזיקה/תנועה/דרמה/ביבליותרפיה) — השתתפות עצמית ₪45 עד 25 טיפולים בשנה לגילאי 3–18, רק לאחר מיצוי הזכאות ב'מושלם זהב'. סך כל טיפולי התפתחות הילד (זהב+פלטינום) לא יעלה על 70 טיפולים בשנה לגילאי 3–9, ולא יותר מ-55 בגילאי 10–18. תקופת אכשרה: 6 חודשים. בנוסף: חבילת אורח חיים בריא לעמית 18+ — עד 10 אימוני כושר אישיים בבית (השתתפות עצמית ₪25 למפגש) ועד 3 מפגשים עם תזונאי/ת בבית (₪25 למפגש), חד-פעמי לכל תקופת החברות.","כסף · PROG14 · סעיף 18 — שירותים בבית ושיקום:
18.1 טיפולי פיזיותרפיה בבית: ה""ע ₪60.31 לטיפול.
18.1 ריפוי בעיסוק בבית: ה""ע ₪60.31 לטיפול.
18.2.3 פיזיותרפיה לחולים כרוניים במכוני מכבי, מעבר ל-12 טיפולים בשנה: ה""ע ₪33.67 לטיפול.
תקופת אכשרה: 6 חודשים (סעיף 18.3).

זהב · PROG15 · סעיף 20 — שירותים בבית ושיקום:
20.1 טיפולי פיזיותרפיה בבית: ה""ע ₪60.31 לטיפול.
20.1 ריפוי בעיסוק בבית: ה""ע ₪60.31 לטיפול.
20.3.3 פיזיותרפיה כרונית מעבר ל-12 טיפולים בשנה במכוני מכבי: ה""ע ₪33.68 לטיפול.
תקופת אכשרה: 6 חודשים (סעיף 20.4).

שלי · PROG16 · סעיף 23 (תוספת ייעודית): פעילות גופנית מודרכת לאחר שיקום אירוע מוחי — גיל 45 ומעלה; ה""ע ₪338.75 לחודש, למשך 6 חודשים.
בנוסף, מכבי שלי מתווסף על מכבי זהב; כיסוי פיזיותרפיה כללי (בית + כרוני) לפי תנאי מכבי זהב (סעיף 20): ה""ע ₪60.31 לטיפול בבית, ₪33.68 לטיפול כרוני מעבר ל-12.","עדיף · PROG19 · אין מידע — מומלץ לבדוק

[הערה: תקנון ""מאוחדת עדיף"" אינו כולל סעיף מפורש לפיזיותרפיה או שיקום כללי. פרק ב' אינו מכיל סעיף בנושא זה. סעיף 18 מתייחס להתפתחות הילד ואינו פיזיותרפיה כללית. סעיף 24 מתייחס להתעמלות שיקומית לאחר אוטם שריר הלב — עד 235 ש""ח לחודש לתקופה של שלושה חודשים — אך אינו מכסה פיזיותרפיה כללית.]

שיא · PROG20 · סעיף 26 — שיקום פציעות ספורט
תקופת המתנה: 12 חודשים מיום ההצטרפות לתוכנית.
מהות השירות ביחס לזכאות על פי ""מאוחדת עדיף"": מתווסף.

מבוטח יהיה זכאי לשיקום בעקבות פציעות ספורט, במכון של הקופה המורשה לטיפול בבעיות אלה. המבוטח יהיה זכאי לקבל על פי קביעת הרופא המטפל מטעם הקופה, עד 20 פגישות לשנה בהשתתפות עצמית של 58 ש""ח לטיפול.

סעיף 27 — התפתחות הילד
תקופת המתנה: 6 חודשים מיום ההצטרפות לתוכנית.
מהות השירות ביחס לזכאות על פי ""מאוחדת עדיף"": מתווסף.
ילד בן 3-9 שנים הזכאי מכוח חוק ביטוח בריאות ממלכתי לשירותים בתחום התפתחות הילד ואשר מיצה את מכסת הטיפולים לה הוא זכאי מכוח חוק ביטוח בריאות ממלכתי ומכוח תקנון ""מאוחדת עדיף"", יהיה זכאי לתוספת של עד 15 טיפולים בשנה (בכל תחומי הטיפול גם יחד) בהשתתפות עצמית של 36.5 ש""ח לטיפול.

[הערה: פיזיותרפיה כללית (מעבר לפציעות ספורט) אינה מצוינת כסעיף עצמאי בתקנון ""מאוחדת שיא"". שיקום אחרי ניתוח מורכב מכוסה בסעיף 19: תקרה של 557 ש""ח לכל יום החלמה, עד 7 ימים רצופים; לאחר אוטם לב — עד 12 ימי החלמה בהשתתפות עצמית של 343 ש""ח ליום.]","כסף · PROG24 · פרק ז' — טיפולי שיקום. תקופת אכשרה: 3 חודשים. כל הטיפולים במכון שבהסדר בלבד, מעבר לזכאות על פי חוק הבריאות.

1. פיזיותרפיה לחולים שאינם כרוניים (סעיף 2.2.3):
   — השתתפות עצמית ₪38 לטיפול.
   — מכסה: עד 12 טיפולים בשנה (כולל טיפולי הידרותרפיה במכסה זו).

2. פיזיותרפיה לחולים כרוניים (סעיף 2.2.1):
   — השתתפות עצמית ₪84 לטיפול.
   — ללא הגבלת כמות טיפולים.

3. טיפולי הידרותרפיה (פיזיותרפיה במים) (סעיף 3.2):
   — השתתפות עצמית ₪36 לטיפול קבוצתי, ₪54 לטיפול פרטני.
   — עד 12 טיפולים בשנה (הכלולים במכסת 12 הטיפולים הכללית).

4. ריפוי בעיסוק (Occupational Therapy) (סעיף 5) — לשיפור תפקוד כף היד עקב CVA / ניתוח מוח / מחלה / תאונה:
   — השתתפות עצמית ₪75 לטיפול.
   — עד 12 טיפולים בשנה (הכלולים במכסת הידרותרפיה).

5. שיקום הדיבור / ריפוי בדיבור (סעיף 4) — לאובדן כושר דיבור עקב CVA / ניתוח מוח / כריתת לרינקס:
   — השתתפות עצמית ₪75 לטיפול.
   — עד 12 טיפולים בשנה.

הערה: גם פרק ל""ה (רפואת ספורט) כולל שיקום פציעות ספורט — 36 טיפולים בשנה, השתתפות עצמית ₪65 לטיפול (זהה לכסף ולזהב).

זהב · PROG25 · פרק ז' — טיפולי שיקום. תקופת אכשרה: 3 חודשים. כל הטיפולים במכון שבהסדר בלבד, מעבר לזכאות על פי חוק הבריאות.

1. פיזיותרפיה לחולים שאינם כרוניים (סעיף 2.2.3):
   — השתתפות עצמית ₪38 לטיפול.
   — מכסה: עד 12 טיפולים בשנה (כולל טיפולי הידרותרפיה במכסה זו).

2. פיזיותרפיה לחולים כרוניים (סעיף 2.2.1):
   — השתתפות עצמית ₪64 לטיפול (מופחתת לעומת כסף).
   — ללא הגבלת כמות טיפולים.

3. טיפולי הידרותרפיה (פיזיותרפיה במים) (סעיף 3.2):
   — השתתפות עצמית ₪36 לטיפול קבוצתי, ₪54 לטיפול פרטני.
   — עד 12 טיפולים בשנה (הכלולים במכסת 12 הטיפולים הכללית).

4. ריפוי בעיסוק (Occupational Therapy) (סעיף 5) — לשיפור תפקוד כף היד עקב CVA / ניתוח מוח / מחלה / תאונה:
   — השתתפות עצמית ₪75 לטיפול.
   — עד 12 טיפולים בשנה (הכלולים במכסת הידרותרפיה).

5. שיקום הדיבור / ריפוי בדיבור (סעיף 4) — לאובדן כושר דיבור עקב CVA / ניתוח מוח / כריתת לרינקס:
   — השתתפות עצמית ₪75 לטיפול.
   — עד 12 טיפולים בשנה.

הערה: גם פרק ל""ה (רפואת ספורט) כולל שיקום פציעות ספורט — 36 טיפולים בשנה, השתתפות עצמית ₪65 לטיפול (זהה לכסף ולזהב).",כללית מושלם זהב,
745,"שיקום, הבראה ונופש",,רפואת ספורט,"כלל מבוטחי השב""ן בקופות החולים (לפי תוכנית והקופה)","הטבת שב""ן בנושא רפואת ספורט",החזר/הטבה לרפואת ספורט בין 50 ל-111 ₪,"זהב · PROG09 · בדיקות לספורטאים (סעיף 36): בדיקות על פי חוק הספורט, במרפאות/מכוני הסדר בלבד, בהשתתפות עצמית ₪50 לבדיקה. תקופת אכשרה: 3 חודשים. (אין בתקנון כיסוי נפרד לפציעות ספורט מעבר לבדיקות לספורטאים.)

פלטינום · PROG10 · אין מידע — מומלץ לבדוק. אין בפלטינום כיסוי ייעודי לרפואת ספורט/פציעות ספורט; המונח 'ספורט' מופיע רק בהקשר טיפולי ספורט להתפתחות הילד.","כסף · PROG14 · סעיף 19 — רפואת ספורט:
חבר זכאי אחת לשנה להחזר של 50% מעלות הבדיקה, ולא יותר מ-₪110.84 לבדיקת כשירות לפעילות ספורטיבית הכוללת בדיקה ארגומטרית; ולא יותר מ-₪47.70 לבדיקת כשירות לפעילות ספורטיבית ללא בדיקה ארגומטרית.
הבדיקות תבוצענה באחת מן התחנות לרפואת ספורט המוכרות על ידי משרד הבריאות.
תקופת המתנה: ללא תקופת המתנה.

זהב · PROG15 · סעיף 21 — רפואת ספורט:
21.1 חבר זכאי אחת לשנה להחזר מ""מכבי זהב"" בבדיקות הבאות, אם יבוצעו באחת מן התחנות לרפואת ספורט המוכרות על ידי משרד הבריאות:
21.2 החזר של 50% מעלות הבדיקה, ולא יותר מ-₪110.84, בגין בדיקת כשירות לפעילות ספורטיבית הכוללת בדיקה ארגומטרית.
21.3 החזר של 50% מעלות הבדיקה, ולא יותר מ-₪47.70, בגין בדיקת כשירות לפעילות ספורטיבית ללא בדיקה ארגומטרית.
תקופת המתנה: ללא תקופת המתנה.

שלי · PROG16 · אין סעיף ייעודי לרפואת ספורט בתקנון ""מכבי שלי"". כיסוי רפואת הספורט של ""מכבי זהב"" (סעיף 21 — החזר 50%, עד ₪110.84 עם ארגומטריה / ₪47.70 ללא, אחת לשנה) ממשיך לחול כבסיס. אין מתווסף ייחודי במסגרת ""מכבי שלי"" — אין מידע — מומלץ לבדוק.","עדיף · PROG19 · סעיף ב'.23 — רפואת ספורט
תקופת המתנה: לא נדרשת תקופת המתנה.
מבוטח יהיה זכאי לבצע בדיקות לספורטאים כמפורט להלן על ידי ספקים שבהסדר עם הקופה, בהשתתפות עצמית של 45 ₪ לבדיקה:
- בדיקת אחוזי שומן
- ספירומטריה
- ארגומטריה
- וסף חומצת חלב
הערה: התקנון אינו כולל סעיף נפרד לשיקום פציעות ספורט ב'מאוחדת עדיף' (שיקום פציעות ספורט קיים רק ב'מאוחדת שיא').

שיא · PROG20 · סעיף ב'.26 — שיקום פציעות ספורט
תקופת המתנה: 12 חודשים מיום ההצטרפות לתוכנית.
מהות השירות ביחס לזכאות על פי 'מאוחדת עדיף': מתווסף.
מבוטח יהיה זכאי לשיקום בעקבות פציעות ספורט, במכון של הקופה המורשה לטיפול בבעיות אלה. המבוטח יהיה זכאי לקבל על פי קביעת הרופא המטפל מטעם הקופה עד 20 פגישות לשנה בהשתתפות עצמית של 58 ש""ח לטיפול.
הערה: בדיקות לספורטאים כמפורט ב'עדיף' (בדיקת אחוזי שומן, ספירומטריה, ארגומטריה, וסף חומצת חלב) נכללות גם ב'שיא' מכוח הכיסוי הבסיסי של 'עדיף' עליו מבוסס 'שיא'.","כסף · PROG24 · פרק ל""ה — רפואת ספורט
העמית זכאי לקבלת השירותים המפורטים בפרק זה מעבר לזכאותו על פי חוק הבריאות.

סעיף 1 — בדיקות לספורטאים:
1.1.1 ""בדיקת ספורט לילד"" — בדיקה לספורטאי מתחת לגיל 17, כוללת בדיקת רופא ובדיקת א.ק.ג.
1.1.2 ""בדיקת ספורט למבוגר"" — בדיקה לספורטאי מעל גיל 17, כוללת בדיקת רופא ובדיקת ארגומטריה.
1.2 המקרה המזכה: ביצוע בדיקת ספורט לילד או למבוגר במכון שבהסדר.
1.3 התשלום:
1.3.1.1 עמית ""לאומית כסף"" — בדיקת ספורט לילד: השתתפות עצמית 56 ש""ח לבדיקה.
1.3.2.1 עמית ""לאומית כסף"" — בדיקת ספורט למבוגר: השתתפות עצמית 108 ש""ח לבדיקה.

סעיף 2 — בדיקת כשירות לעיסוק בצלילה, תעופה וצניחה:
2.3.1 עמית ""לאומית כסף"" — השתתפות עצמית 72 ש""ח.

סעיף 3 — שיקום פציעות ספורט:
3.1 ""טיפול לשיקום פציעות ספורט"" — טיפול פיזיוטרפי לשיקום פציעות ספורט בשילוב פעילות בחדר כושר.
3.2 המקרה המזכה: טיפול לשיקום פציעות ספורט במכון שבהסדר.
3.3.1 עמית ""לאומית כסף"" — השתתפות עצמית 65 ש""ח לטיפול.
3.4 תנאי זכאות: הקופה תכסה עד 36 טיפולים לכל מקרה מזכה.

סעיפים 4 ו-5 (אימון כושר וייעוץ תזונתי בבית; תכנית דיגיטלית לאורח חיים בריא) — ייחודיים ל""לאומית זהב"" בלבד; לאומית כסף אינה מכוסה.

סעיף 6 — תקופת אכשרה: לסעיפים 1–3 ו-5 — ללא תקופת אכשרה. לסעיף 4 — 6 חודשים.

זהב · PROG25 · פרק ל""ה — רפואת ספורט
העמית זכאי לקבלת השירותים המפורטים בפרק זה מעבר לזכאותו על פי חוק הבריאות.

סעיף 1 — בדיקות לספורטאים:
1.3.1.2 עמית ""לאומית זהב"" — בדיקת ספורט לילד: השתתפות עצמית 56 ש""ח לבדיקה.
1.3.2.2 עמית ""לאומית זהב"" — בדיקת ספורט למבוגר: השתתפות עצמית 108 ש""ח לבדיקה.

סעיף 2 — בדיקת כשירות לעיסוק בצלילה, תעופה וצניחה:
2.3.2 עמית ""לאומית זהב"" — השתתפות עצמית 58 ש""ח (נמוכה מ""כסף"").

סעיף 3 — שיקום פציעות ספורט:
3.3.2 עמית ""לאומית זהב"" — השתתפות עצמית 65 ש""ח לטיפול.
3.4 תנאי זכאות: הקופה תכסה עד 36 טיפולים לכל מקרה מזכה.

סעיף 4 — אימון כושר וייעוץ תזונתי בבית (ייחודי ל""לאומית זהב""):
4.1.1 עמית ""לאומית זהב"" גיל 18+ — זכאי לאימוני כושר אישיים בביתו עם מאמן מוסמך שבהסדר.
4.1.2 עמית ""לאומית זהב"" גיל 18+ — זכאי לייעוץ תזונה אישי בביתו עם תזונאית מוסמכת שבהסדר (בתנאי שאינו זכאי לשירות בסל הבסיסי).
4.2.1 השתתפות עצמית: ₪30 לטיפול.
4.3.1 עד 12 אימוני כושר אישיים בתקופת הסכם.
4.3.2 עד 2 טיפולי ייעוץ תזונה אישי בתקופת הסכם.
4.3.3 מכסה כוללת (אימון + תזונה): 12 בתקופת הסכם.

סעיף 5 — תכנית דיגיטלית לקידום אורח חיים בריא (ייחודי ל""לאומית זהב""):
5.2 המקרה המזכה: עמית ""לאומית זהב"" גיל 14+.
5.3.1 השתתפות עצמית: ₪5 לחודש (*3 חודשים ראשונים ללא השתתפות עצמית פעם אחת בתקופת הסכם; ללא השתתפות עצמית עד 31.12.2025).

סעיף 6 — תקופת אכשרה: לסעיפים 1–3 ו-5 — ללא תקופת אכשרה. לסעיף 4 — 6 חודשים.",טעון השוואה פרטנית,
746,"שיקום, הבראה ונופש",,התעמלות/שיקום לאחר אוטם לב,"כלל מבוטחי השב""ן בקופות החולים (לפי תוכנית והקופה)","הטבת שב""ן בנושא התעמלות/שיקום לאחר אוטם לב",החזר/הטבה להתעמלות/שיקום לאחר אוטם לב בין 87 ל-261 ₪,"זהב · PROG09 · סעיף 7: התעמלות שיקומית למי שעבר אירוע לב, על פי הוראה רפואית, במכוני הסדר. השת""ע ₪100 לחודש למשך 9 חודשים. אכשרה 3 חודשים. מקור: תקנון מושלם זהב סעיף 7.

פלטינום · PROG10 · לא מופיע בפלטינום — חל הכיסוי של מושלם זהב. מקור: תקנון מושלם פלטינום.","כסף · PROG14 · שיקום לב ומעקב לאחר אירוע לב (סעיף 9) — לחבר שמיצה את הזכות ממכבי: (1) פעילות גופנית משקמת במכונים שבהסכם ל-3 חודשים, השתתפות עצמית ₪159.59 לחודש; (2) בהמלצת קרדיולוג — המשך ל-6 חודשים נוספים, ₪229.87 לחודש; (3) לבעלי 2 גורמי סיכון לפחות למחלות קרדיו-וסקולאריות (LDL גבוה, HDL נמוך, השמנה, סוכרת, לחץ דם גבוה): השתתפות עצמית ₪159.59 לחודש, לתקופה של 6 חודשים. תקופת אכשרה: 3 חודשים. נדרשת הפנייה מרופא המטפל. מקור: תקנון מכבי כסף.

זהב · PROG15 · שיקום לב ומעקב לאחר אירוע לב (סעיף 11) — לחבר שמיצה את הזכות ממכבי: (1) פעילות גופנית משקמת במכונים שבהסכם ל-3 חודשים, השתתפות עצמית ₪159.59 לחודש; (2) בהמלצת קרדיולוג — המשך ל-6 חודשים נוספים, ₪229.87 לחודש; (3) לבעלי 2 גורמי סיכון לפחות למחלות קרדיו-וסקולאריות: השתתפות עצמית ₪159.59 לחודש, לתקופה של 6 חודשים. תקופת אכשרה: 3 חודשים. נדרשת הפנייה מרופא המטפל. מקור: תקנון מכבי זהב.

שלי · PROG16 · אין מידע — מומלץ לבדוק. ""מכבי שלי"" אינו מציין סעיף ייעודי לשיקום לב לאחר אוטם (פרט לסעיף שירותי חירום לב לבעלי גורמי סיכון — סעיף 25). מקור: תקנון מכבי שלי.","עדיף · PROG19 · סעיף 24 — התעמלות שיקומית לאחר אוטם שריר הלב. תקופת אכשרה: 6 חודשים מיום ההצטרפות עד מועד קרות המקרה המזכה. על פי הוראת רופא מומחה לפעילות גופנית מבוקרת במכון מורשה ותחת השגחה רפואית. השתתפות הקופה: 235 ש""ח לחודש לתקופה של 3 חודשים (מעבר לזכאות על פי חוק ביטוח בריאות ממלכתי). תנאי: המבוטח החל בפעילות הגופנית תוך 6 חודשים מיום האירוע. מקור: תקנון מאוחדת עדיף.

שיא · PROG20 · סעיף 13 — התעמלות שיקומית לאחר אוטם שריר הלב. תקופת אכשרה: 6 חודשים מיום ההצטרפות. השירות משופר חלופי (מחליף את סעיף 24 של עדיף). על פי הוראת רופא מומחה לפעילות גופנית מבוקרת במכון מורשה. השתתפות הקופה: 191 ש""ח לחודש לתקופה רצופה של 9 חודשים (מעבר לזכאות על פי חוק ביטוח בריאות ממלכתי). תנאי: החל בפעילות הגופנית תוך 6 חודשים מיום האירוע. הזכאות בשיא מחליפה (ולא מצטברת) את הזכאות בעדיף. מקור: תקנון מאוחדת שיא.","כסף · PROG24 · שני כיסויים נפרדים: (1) החלמה ושיקום לאחר אירוע לב (פרק ח'): שהייה במוסד החלמה שבהסדר, עד 7 ימים מעבר לסל הבריאות, בכפוף למיצוי הסל. השתתפות עצמית: ₪261 לכל יום שהייה. תקופת אכשרה: 3 חודשים. (2) התעמלות שיקומית לחולי לב (פרק ט'): פעילות גופנית מבוקרת תחת השגחה רפואית, לאחר מיצוי הסל, עד 9 חודשים, בביצוע רציף של לפחות 4 חודשים. השתתפות עצמית: ₪159 לחודש. תקופת אכשרה: 3 חודשים. אישור מראש: נדרשת הוראת רופא מומחה. מקור: תקנון לאומית כסף.

זהב · PROG25 · שני כיסויים נפרדים: (1) החלמה ושיקום לאחר אירוע לב (פרק ח'): שהייה במוסד החלמה שבהסדר, עד 10 ימים מעבר לסל הבריאות, בכפוף למיצוי הסל. השתתפות עצמית: ₪261 לכל יום שהייה. תקופת אכשרה: 3 חודשים. (2) התעמלות שיקומית לחולי לב (פרק ט'): פעילות גופנית מבוקרת תחת השגחה רפואית, לאחר מיצוי הסל, עד 9 חודשים, בביצוע רציף של לפחות 4 חודשים. השתתפות עצמית: ₪87 לחודש. תקופת אכשרה: 3 חודשים. אישור מראש: נדרשת הוראת רופא מומחה. מקור: תקנון לאומית זהב.",טעון השוואה פרטנית,
747,"שיקום, הבראה ונופש",,טיפול בליקויי דיבור / שיקום דיבור / קלינאי תקשורת,"כלל מבוטחי השב""ן בקופות החולים (לפי תוכנית והקופה)","זכאות: (א) קורס טיפול בגמגום: מבוטח עד גיל 18 זכאי לקורס אחד לטיפול בגמגום מעבר לזכאות החוק — השתתפות הקופה 50% מעלות הקורס עד תקרה של 1,307 ש""ח. (ב) קלינאי תקשורת: מבוטח זכאי לקור","החזר/הטבה לטיפול בליקויי דיבור / שיקום דיבור / קלינאי תקשורת בין 75 ל-1,307 ₪","זהב · PROG09 · שני כיסויים: (א) שיקום דיבור למבוגרים מעל 18 שנה שאיבדו חלקית/לחלוטין כושר דיבור בעקבות CVA, ניתוח או מחלה — החזר 75% מהוצאות בפועל עד ₪101 לטיפול, עד 10 טיפולים בשנה קלנדרית (סעיף 26). (ב) קלינאי תקשורת לילדים גיל 10–18 לבעיית דחיפת לשון, לפי המלצת אורטודנט — החזר 75% מהוצאה עד ₪109 לטיפול, עד 5 טיפולים (סעיף 29). מקור: תקנון כללית מושלם זהב, פרק ה' סעיפים 26, 29.

פלטינום · PROG10 · אין מידע — מומלץ לבדוק. תקנון מושלם פלטינום אינו מזכיר שיקום דיבור או קלינאי תקשורת. מקור: תקנון כללית מושלם פלטינום.","כסף · PROG14 · אין מידע — מומלץ לבדוק. מקור: תקנון מכבי כסף

זהב · PROG15 · אין מידע — מומלץ לבדוק (לא נמצא כיסוי עצמאי לקלינאי תקשורת, הוזכר רק כתנאי לאביזרי עזר לשמיעה). מקור: תקנון מכבי זהב

שלי · PROG16 · אין מידע — מומלץ לבדוק. מקור: תקנון מכבי שלי","עדיף · PROG19 · זכאות: (א) קורס טיפול בגמגום: מבוטח עד גיל 18 זכאי לקורס אחד לטיפול בגמגום מעבר לזכאות החוק — השתתפות הקופה 50% מעלות הקורס עד תקרה של 1,307 ש""ח. (ב) קלינאי תקשורת: מבוטח זכאי לקורס בן 12 טיפולים לטיפול בקשיי למידה על רקע בעיה שפתית אורגנית — השתתפות עצמית 50% מהתעריף הנהוג בקופה. שני הסעיפים מותנים באישור הגורם המקצועי בקופה וביצוע אצל ספק בהסדר. תקופת המתנה: 6 חודשים. מקור: תקנון מאוחדת עדיף, סעיף 19.

שיא · PROG20 · אין מידע — מומלץ לבדוק. תקנון מאוחדת שיא אינו כולל סעיף ייחודי לטיפול בליקויי דיבור נוסף על הקיים בעדיף. מבוטחי שיא נהנים מזכאות עדיף (סעיף 19). מקור: תקנון מאוחדת שיא; תקנון מאוחדת עדיף סעיף 19.","כסף · PROG24 · כיסוי: טיפול מיוחד לשיקום הדיבור ו/או ריפוי בדיבור במכון שבהסדר, לאחר מיצוי זכאות לפי חוק הבריאות. תנאים: העמית במצב אובדן מלא או חלקי של כושר הדיבור; האובדן אירע בעקבות אירוע מוחי (CVA), ניתוח מוח, או כריתת לרינקס; הפניה מרופא מומחה בקופה שקבע כי הטיפול עשוי להחזיר כושר הדיבור. השת""ע: ₪75 לטיפול. זכאות: עד 12 טיפולים בשנה מעבר לסל. אכשרה: 3 חודשים. אישור מראש: הפניית רופא מומחה בקופה. מקור: תקנון לאומית כסף, פרק ז' סעיף 4.

זהב · PROG25 · כיסוי: זהה לכסף בסוג הטיפול — שיקום דיבור ו/או ריפוי בדיבור לאחר CVA/ניתוח מוח/כריתת לרינקס. השת""ע: ₪75 לטיפול (זהה לכסף). זכאות: עד 12 טיפולים בשנה מעבר לסל (כלולים בסך הטיפולים הכולל של פרק שיקום). אכשרה: 3 חודשים. אישור מראש: הפניית רופא מומחה. מקור: תקנון לאומית זהב, פרק ז' סעיף 4.",מאוחדת עדיף,
748,"שיקום, הבראה ונופש",,טיפולים בים המלח לפסוריאזיס,"כלל מבוטחי השב""ן בקופות החולים (לפי תוכנית והקופה)","הטבת שב""ן בנושא טיפולים בים המלח לפסוריאזיס",,"זהב · PROG09 · אין מידע — מומלץ לבדוק. תקנון כללית מושלם זהב אינו מזכיר טיפולים בים המלח לפסוריאזיס בפרקים שנסרקו. מקור: תקנון כללית מושלם זהב.

פלטינום · PROG10 · אין מידע — מומלץ לבדוק. תקנון מושלם פלטינום אינו מזכיר טיפולים בים המלח לפסוריאזיס. מקור: תקנון כללית מושלם פלטינום.","כסף · PROG14 · סעיף 7.3 — חבר החולה בפסוריאזיס עם הפניית רופא עור וזכאות לסל הבסיסי: החזר נוסף של 10% על הוצאות שהייה, עד ₪44.42 ליום, לחודש שהייה אחד בשנה. בנוסף: עד 30 כניסות לסולריום טיפולי בשנה. מקור: תקנון מכבי כסף סעיף 7.3

זהב · PROG15 · סעיף 7.4 — זהה לכסף: החזר נוסף של 10% על הוצאות שהייה בים המלח, עד ₪44.42 ליום לחודש אחד בשנה. בנוסף: עד 30 כניסות לסולריום טיפולי בשנה. מקור: תקנון מכבי זהב סעיף 7.4

שלי · PROG16 · אין מידע — מומלץ לבדוק. מקור: תקנון מכבי שלי","עדיף · PROG19 · אין מידע — מומלץ לבדוק. תקנון מאוחדת עדיף אינו כולל סעיף לכיסוי שהייה בים המלח לחולי פסוריאזיס. מקור: תקנון מאוחדת עדיף.

שיא · PROG20 · אין מידע — מומלץ לבדוק. תקנון מאוחדת שיא אינו כולל סעיף לכיסוי שהייה בים המלח לחולי פסוריאזיס. מקור: תקנון מאוחדת שיא.","כסף · PROG24 · כיסוי: שיפוי 20% מהוצאות הממשיות עבור שהייה במלון בים המלח לצורך טיפול בפסוריאזיס. תנאי: העמית זכאי על פי חוק הבריאות לטיפולים במרחצאות ים המלח ובמתקנים סולריים. תקרה: עד ₪40 ליום שהייה (20% מהוצאה יומית). תקופת הכיסוי: בהתאם לזכאות החוק. שיפוי כנגד קבלות מקוריות. הכיסוי בנוסף על זכאות חוק ביטוח בריאות ממלכתי. אכשרה: לא מצוינת בפרק זה. אישור מראש: לא נדרש — שיפוי כנגד קבלות. מקור: תקנון לאומית כסף, פרק ל""ב.

זהב · PROG25 · כיסוי: זהה לכסף — שיפוי 20% מהוצאות הממשיות עבור שהייה במלון בים המלח לטיפול בפסוריאזיס, תקרה של ₪40 ליום. תנאי: זכאות בחוק לטיפולים במרחצאות ים המלח. תקופת הכיסוי: בהתאם לזכאות החוק. אכשרה: לא מצוינת. אישור מראש: לא נדרש. מקור: תקנון לאומית זהב, פרק ל""ב.",טעון השוואה פרטנית,
749,"שיקום, הבראה ונופש",,הבראה לאחר אשפוז/לידה (מסלולים מיוחדים),"כלל מבוטחי השב""ן בקופות החולים (לפי תוכנית והקופה)","§7.1 — לאחר אשפוז: ₪304.51 ללילה (100% החזר עד תקרה זו), עד מחצית ימי האשפוז ולא יותר מ-21 לילות לשנה. דרישה: מינימום 8 לילות אשפוז רצופים. תוך חודשיים מהשחרור. §7.5 — לאחר אירוע ל","החזר/הטבה להבראה לאחר אשפוז/לידה (מסלולים מיוחדים) בין 300 ל-1,868 ₪","זהב · PROG09 · הבראה ליולדת לאחר לידת הילד הרביעי ומעלה, או לאחר לידת כל ילד נוסף כאשר יש כבר שלושה ילדים, תוך חודש מהלידה: 75% מההוצאה בפועל עד ₪300 ליום, לתקופה מרבית של 3 ימים; אכשרה: 3 חודשים. מקור: תקנון כללית מושלם זהב (פרק ה', סעיף 20).

פלטינום · PROG10 · אין מידע — מומלץ לבדוק. הנושא לא מופיע בתקנון הפלטינום; ייתכן שהכיסוי מזהב נשמר — מומלץ לברר מול כללית מושלם. מקור: תקנון כללית מושלם פלטינום.","כסף · PROG14 · §7.1 — לאחר אשפוז: ₪304.51 ללילה (100% החזר עד תקרה זו), עד מחצית ימי האשפוז ולא יותר מ-21 לילות לשנה. דרישה: מינימום 8 לילות אשפוז רצופים. תוך חודשיים מהשחרור. §7.5 — לאחר אירוע לב חריף/ניתוח לב: 2 לילות נוספים. אין כיסוי הבראה לאחר לידה בתקנון זה. תקופת המתנה 3 חודשים. מקור: תקנון מכבי כסף, §7.

זהב · PROG15 · §7.1 — לאחר אשפוז: ₪609.02 ללילה, עד מחצית ימי האשפוז ולא יותר מ-21 לילות. מינימום 8 לילות אשפוז. תוך חודשיים. §7.5 — לאחר אירוע לב: 2 לילות נוספים. §30 — לאחר לידת ילד רביעי ומעלה: 75% עד ₪437.62 ללילה, 3 לילות (ועוד לילה לכל ילד מהחמישי ומעלה). תוך חודשיים. תקופת המתנה 3 חודשים. מקור: תקנון מכבי זהב, §7, §30.

שלי · PROG16 · §35 — לאחר אשפוז (גיל 65+, 4–7 לילות אשפוז): 50% עד ₪304.51 ללילה, עד מחצית לילות האשפוז ולא יותר מ-10 לילות. §11.6 — לאחר לידה: 3 לילות לילד ראשון–שלישי (₪471.32 ללילה), 3 לילות נוספים לילד רביעי+ מעבר לזכאות במכבי זהב. תקופת המתנה 6 חודשים. מקור: תקנון מכבי שלי, §35, §11.6.","עדיף · PROG19 · סעיף 15 לתקנון מאוחדת עדיף — הבראה ליולדת: יולדת זכאית להבראה מלידת הילד הרביעי ומעלה. שיפוי: 75% מההוצאה בפועל לכל יום הבראה מלא, עד תקרת ₪400 ליום. מספר ימים: בלידת הילד הרביעי — 3 ימים; חמישי — 4 ימים; שישי — 5 ימים; וכן הלאה (יום נוסף לכל לידה). יציאה להבראה לפני תום חודשיים משחרור. אכשרה: 3 חודשים. השת""ע: 25% ממחיר ההבראה (מעבר לתקרת ₪400 ליום). אישור מראש: כן. מקור: תקנון מאוחדת עדיף, סעיף 15.

שיא · PROG20 · תקנון מאוחדת שיא כולל סל היריון ולידה (סעיף 30) שהינו שירות מתווסף לעדיף: כולל דולה/תומכת לידה עד ₪1,868 להיריון, ייעוץ שינה לתינוק, אחות פרטית בבית היולדת ועוד. לנושא הבראה ליולדת לאחר לידה: לא צוין שיפור מפורש על ₪400 ליום / 75% בתקנון שיא — הזכאות הבסיסית מסעיף 15 לעדיף בתוקף (הבראה מהילד הרביעי). אכשרה: 3 חודשים. אישור מראש: כן. מקור: תקנון מאוחדת שיא, סעיף 30; תקנון מאוחדת עדיף, סעיף 15.","כסף · PROG24 · הבראה לאחר ניתוח (פרק ג'): כיסוי לשהייה בבית הבראה לאחר ניתוח עם אשפוז של 7 ימים רצופים לפחות. שיפוי: 80% עד ₪391 ליום. מספר ימים: עד מחצית מתקופת האשפוז, עד 7 ימים מרבי. | הבראה ליולדת (פרק ט""ז): כיסוי מילד שלישי ואילך. שיפוי: 80% עד ₪310 ליום. מספר ימים: עד 3 ימים אחרי לידה טבעית, 5 ימים אחרי קיסרי. | תנאי לפרק ג': אישור מראש ממפנה מוגדר; שהות בתוך חודשיים מהשחרור. | אכשרה: 3 חודשים. | מקור: תקנון לאומית כסף, פרקים ג' וט""ז.

זהב · PROG25 · הבראה לאחר ניתוח (פרק ג'): שיפוי 80% עד ₪615 ליום (גבוה משמעותית מכסף). מספר ימים: עד מחצית מתקופת האשפוז, עד 25 ימים מרבי (לעומת 7 בכסף). | הבראה ליולדת (פרק ט""ז): כיסוי מילד ראשון ואילך (יתרון על כסף). שיפוי: 80% עד ₪427 ליום. מספר ימים: עד 3 ימים לידה טבעית, 5 ימים קיסרי. בנוסף לתקנית: מילד רביעי ואילך — 3 ימי הבראה נוספים במסגרת חבילת הריון ולידה (פרק ט""ו סעיף 7.1.3), עד תקרה ₪465 ליום. | אכשרה: 3 חודשים. | מקור: תקנון לאומית זהב, פרקים ג' וט""ז.",מכבי כסף,
750,"שיקום, הבראה ונופש",,החלמה לאחר אשפוז בגין סוכרת,"כלל מבוטחי השב""ן בקופות החולים (לפי תוכנית והקופה)","הטבת שב""ן בנושא החלמה לאחר אשפוז בגין סוכרת",החזר/הטבה להחלמה לאחר אשפוז בגין סוכרת בין 200 ל-557 ₪,"זהב · PROG09 · שהייה בבית החלמה לחולי סוכרת שאושפזו לפחות 4 לילות, עד חודשיים מיום השחרור: 50% מההוצאה בפועל עד ₪310 ליום; 7 לילות לאשפוז של לפחות 4 לילות; 10 לילות לאשפוז של לפחות 7 לילות; השתתפות עצמית ₪200 ללילה; בבתי החלמה שבהסדר; אכשרה: 3 חודשים. מקור: תקנון כללית מושלם זהב (פרק ה', סעיף 4א; או סעיף 6).

פלטינום · PROG10 · אין מידע — מומלץ לבדוק. הנושא לא מופיע בתקנון הפלטינום; ייתכן שהכיסוי מזהב נשמר — מומלץ לברר מול כללית מושלם. מקור: תקנון כללית מושלם פלטינום.","כסף · PROG14 · אין כיסוי ייחודי להחלמה לאחר אשפוז בגין סוכרת בתקנון מכבי כסף — מומלץ לבדוק. הבראה כללית לאחר אשפוז מכוסה לפי §7 (ראו נושא 10). מקור: תקנון מכבי כסף.

זהב · PROG15 · אין כיסוי ייחודי להחלמה לאחר אשפוז בגין סוכרת בתקנון מכבי זהב — מומלץ לבדוק. הבראה כללית מכוסה לפי §7 (ראו נושא 10). מקור: תקנון מכבי זהב.

שלי · PROG16 · אין כיסוי ייחודי להחלמה לאחר אשפוז בגין סוכרת בתקנון מכבי שלי — מומלץ לבדוק. מקור: תקנון מכבי שלי.","עדיף · PROG19 · תקנון מאוחדת עדיף אינו כולל סעיף ייעודי להחלמה לאחר אשפוז בגין סוכרת. סעיף 8 לתקנון עדיף — החלמה לאחר ניתוח מורכב — מכסה ניתוח מוח, ניתוח בטן, השתלת איברים, או ניתוח אחר (המחייב אשפוז מעל 5 ימים), עד ₪259 ליום למשך 7 ימים. אם אשפוז בגין סוכרת כלל ניתוח מתאים — ייתכן שיחול. אחרת — אין מידע — מומלץ לבדוק. אכשרה: 3 חודשים. אישור מראש: כן. מקור: תקנון מאוחדת עדיף, סעיף 8.

שיא · PROG20 · תקנון מאוחדת שיא: סעיף 19 — החלמה לאחר ניתוח מורכב: תקרה עד ₪557 ליום (לעומת ₪259 בעדיף) ל-7 ימים רצופים לאחר ניתוח מוח/בטן/השתלה (אשפוז מעל 5 ימים). לאחר אוטם שריר הלב: עד 12 ימי החלמה, השתתפות עצמית ₪343 ליום מעבר לסל. אשפוז ייעודי בגין סוכרת — אין מידע — מומלץ לבדוק. אכשרה: 3 חודשים. אישור מראש: כן. מקור: תקנון מאוחדת שיא, סעיף 19.","כסף · PROG24 · אין מידע — מומלץ לבדוק. תקנון לאומית כסף אינו מזכיר בית החלמה לחולי סוכרת לאחר אשפוז כנושא עצמאי. הבראה לאחר ניתוח מכוסה בפרק ג' אך מותנית בביצוע ניתוח, לא אשפוז בגין סוכרת.

זהב · PROG25 · אין מידע — מומלץ לבדוק. תקנון לאומית זהב אינו מזכיר בית החלמה לחולי סוכרת לאחר אשפוז כנושא עצמאי.",כללית מושלם זהב,
751,"שיקום, הבראה ונופש",,פיזיותרפיה לחולים כרוניים (מעבר למכסה),"כלל מבוטחי השב""ן בקופות החולים (לפי תוכנית והקופה)","הטבת שב""ן בנושא פיזיותרפיה לחולים כרוניים (מעבר למכסה)",החזר/הטבה לפיזיותרפיה לחולים כרוניים (מעבר למכסה) בין 50 ל-235 ₪,"זהב · PROG09 · פרק ה', סעיף 23 — טיפולי פיזיותרפיה המבוצעים על ידי פיזיותרפיסט מוסמך. ההשתתפות העצמית: במכוני הסדר — ₪50 לטיפול; במכונים שלא בהסדר — 75% מההוצאה בפועל עד ₪94 לטיפול. מכסה שנתית: עד 24 טיפולים בשנה קלנדרית. תקופת אכשרה: 6 חודשים. אישור מראש: על פי הפניית רופא של שירותי בריאות כללית. הגבלה: הכיסוי הוא מעבר לזכאות בסל הבסיסי. הערה: לא מפורש “לחולים כרוניים” בנוסח מובחן, אך הסעיף חל על כלל הזקוקים לפיזיותרפיה לפי הפניית רופא, מעבר לסל. מקור: תקנון כללית מושלם זהב.

פלטינום · PROG10 · אין מידע — מומלץ לבדוק. פיזיותרפיה לחולים כרוניים (מעבר למכסה) אינה מוזכרת כסעיף נפרד בתקנון מושלם פלטינום (הפלטינום הוא תוספת מעל הזהב; הזכות בזהב — פרק ה' סעיף 23 — ממשיכה לחול). מקור: תקנון כללית מושלם פלטינום.","כסף · PROG14 · טיפולי פיזיותרפיה לחולים כרוניים במכוני מכבי: כיסוי לטיפולים מעבר ל-12 הטיפולים הראשונים הניתנים על ידי מכבי. השתתפות עצמית: ₪33.67 לטיפול. ספקים: מכוני מכבי בלבד. אכשרה: 6 חודשים. מקור: תקנון מכבי כסף, סעיף 18.2.3

זהב · PROG15 · טיפולי פיזיותרפיה לחולים כרוניים במכוני מכבי: כיסוי לטיפולים מעבר ל-12 הטיפולים הראשונים. השתתפות עצמית: ₪33.68 לטיפול. ספקים: מכוני מכבי בלבד. אכשרה: 6 חודשים. מקור: תקנון מכבי זהב, סעיף 20.3.3

שלי · PROG16 · אין מידע — מומלץ לבדוק. פיזיותרפיה כרונית (מעבר למכסה) לא מוזכרת בנפרד בתקנון מכבי שלי. מקור: תקנון מכבי שלי","עדיף · PROG19 · אין מידע ספציפי על פיזיותרפיה לחולים כרוניים מעבר למכסה — מומלץ לבדוק. תקנון מאוחדת עדיף אינו מזכיר כיסוי לפיזיותרפיה מעבר ל-12 טיפולים בשנה או לחולים כרוניים. הסעיפים הרלוונטיים: התעמלות שיקומית לאחר אוטם לב (סעיף 24) — ₪235 לחודש ל-3 חודשים. טיפולי ריפוי במוסיקה ובאמנות קיימים בנספח. מקור: תקנון מאוחדת עדיף 2026.

שיא · PROG20 · אין מידע ספציפי על פיזיותרפיה לחולים כרוניים מעבר למכסה — מומלץ לבדוק. מאוחדת שיא מוסיפה: שיקום פציעות ספורט (סעיף 26) — עד 20 פגישות לשנה בהשתתפות ₪58 לטיפול, 12 חודשי המתנה. פיתוח הילד (סעיף 27) — עד 15 טיפולים נוספים לשנה ב-₪36.5 לטיפול לילדים 3–9. אין כיסוי מפורש לפיזיותרפיה כרונית מעבר לסל. מקור: תקנון מאוחדת שיא 2026, סעיף 26.","כסף · PROG24 · מכוסה — פרק ז' סעיף 2.2.1. פיזיותרפיה לחולים כרוניים, לאחר מיצוי הזכאות על פי חוק הבריאות, על פי הפניית רופא מומחה בקופה, במכון שבהסדר. השתתפות עצמית: ₪84 לטיפול. מכסה: ללא הגבלה על מספר הטיפולים (מעבר לזכאות החוקית). אכשרה: לא צוינה אכשרה ספציפית לסעיף זה (כחלק מפרק ז'). אין אחוזי כיסוי — הקופה נושאת במלוא יתרת העלות. מקור: תקנון לאומית כסף.

זהב · PROG25 · מכוסה — פרק ז' סעיף 2.2.1. פיזיותרפיה לחולים כרוניים, לאחר מיצוי הזכאות על פי חוק הבריאות, על פי הפניית רופא מומחה בקופה, במכון שבהסדר. השתתפות עצמית: ₪64 לטיפול. מכסה: ללא הגבלה על מספר הטיפולים (מעבר לזכאות החוקית). אכשרה: לא צוינה אכשרה ספציפית לסעיף זה (כחלק מפרק ז'). אין אחוזי כיסוי — הקופה נושאת במלוא יתרת העלות. מקור: תקנון לאומית זהב.",כללית מושלם זהב,
752,"שיקום, הבראה ונופש",,פעילות גופנית מודרכת לאחר אירוע מוחי,"כלל מבוטחי השב""ן בקופות החולים (לפי תוכנית והקופה)","הטבת שב""ן בנושא פעילות גופנית מודרכת לאחר אירוע מוחי",החזר/הטבה לפעילות גופנית מודרכת לאחר אירוע מוחי בין 100 ל-339 ₪,"זהב · PROG09 · פרק ה', סעיף 7 — התעמלות שיקומית לאחר אירוע לב. עמית שעבר אירוע לב (אשר הסתיים באשפוז) זכאי להשתתפות בהוצאות התעמלות שיקומית במכוני הסדר, בהשתתפות עצמית של ₪100 לחודש, למשך 9 חודשים. תקופת אכשרה: 3 חודשים. הכיסוי הוא מעבר לזכאות בחוק ביטוח בריאות ממלכתי. הערה: הסעיף מתייחס ל'אירוע לב' ולא ל'אירוע מוחי' (CVA) — פעילות גופנית מודרכת ספציפית לאחר אירוע מוחי אינה מוזכרת במפורש. מקור: תקנון כללית מושלם זהב.

פלטינום · PROG10 · אין מידע — מומלץ לבדוק. פעילות גופנית מודרכת לאחר אירוע מוחי אינה מוזכרת בתקנון מושלם פלטינום. מקור: תקנון כללית מושלם פלטינום.","כסף · PROG14 · אין מידע — מומלץ לבדוק. הנושא אינו מוזכר בתקנון מכבי כסף. מקור: תקנון מכבי כסף

זהב · PROG15 · אין מידע — מומלץ לבדוק. הנושא אינו מוזכר בתקנון מכבי זהב. מקור: תקנון מכבי זהב

שלי · PROG16 · פעילות גופנית מודרכת לאחר שיקום אירוע מוחי. תנאי זכאות: גיל 45+ ; עברו 3–6 חודשים מהאירוע המוחי; המבוטח אינו זכאי לשיקום מסל הבריאות; הפניה מרופא מומחה בנוירולוגיה/גריאטריה/שיקום; ביצוע אצל ספקים שבהסכם. גובה הכיסוי: ₪338.75 לחודש (השתתפות עצמית) לתקופה רצופה של 6 חודשים. אכשרה: 6 חודשים. מקור: תקנון מכבי שלי, סעיפים 23.1–23.3","עדיף · PROG19 · אין מידע — מומלץ לבדוק. תקנון מאוחדת עדיף אינו מזכיר כיסוי לפעילות גופנית מודרכת לאחר אירוע מוחי (שבץ). הכיסוי הקיים מוגבל להתעמלות שיקומית לאחר אוטם שריר הלב (סעיף 24) — ₪235 לחודש ל-3 חודשים. אירוע מוחי (שבץ) אינו מוזכר. מקור: תקנון מאוחדת עדיף 2026.

שיא · PROG20 · אין מידע — מומלץ לבדוק. תקנון מאוחדת שיא אינו מזכיר כיסוי לפעילות גופנית לאחר אירוע מוחי. הכיסוי הקרדיולוגי (סעיף 13) מוגבל לאחר אוטם שריר הלב בלבד. מקור: תקנון מאוחדת שיא 2026.","כסף · PROG24 · אין מידע — מומלץ לבדוק. תקנון לאומית כסף אינו כולל כיסוי ספציפי לפעילות גופנית מודרכת לאחר אירוע מוחי. פרק ח' מכסה החלמה ושיקום לאחר אירוע לב; אירוע מוחי (CVA) מוזכר רק בהקשר שיקום כף יד וקלינאות תקשורת בפרק ז'. מקור: תקנון לאומית כסף.

זהב · PROG25 · אין מידע — מומלץ לבדוק. תקנון לאומית זהב אינו כולל כיסוי ספציפי לפעילות גופנית מודרכת לאחר אירוע מוחי. פרק ח' מכסה החלמה ושיקום לאחר אירוע לב; אירוע מוחי (CVA) מוזכר רק בהקשר שיקום כף יד וקלינאות תקשורת בפרק ז'. מקור: תקנון לאומית זהב.",טעון השוואה פרטנית,
753,"שיקום, הבראה ונופש",,הבראה לאחר אשפוז קצר (4-7 לילות) לגיל 65+,"כלל מבוטחי השב""ן בקופות החולים (לפי תוכנית והקופה)","סעיף 19 (שיא, מתווסף): החלמה לאחר ניתוח מורכב (אשפוז מעל 5 ימים); שיפוי 100% או עד תקרה ₪557 ליום החלמה; או עד 12 ימי החלמה לחולי לב (השתתפות עצמית עד ₪343 ליום). לא מקריון גילאי מ",החזר/הטבה להבראה לאחר אשפוז קצר (4-7 לילות) לגיל 65+ בין 200 ל-615 ₪,"זהב · PROG09 · מכוסה חלקית (לא ייעודי לגיל 65+) — הבראה לאחר ניתוח: 75% מההוצאות עד ₪550 ללילה, עד 6 לילות; החלמה לאחר אשפוז בגין סוכרת: 7 לילות לאחר אשפוז 4+ לילות (ה.ע. ₪200/לילה); שהייה במוסד החלמה לאחר אירוע לב: 50% עד ₪310 ליום, עד 7 ימים (לאחר ניתוח לב/אוטם) או 14 ימים (לאחר השתלת לב). פרק ה' סעיפים 4, 5, 6

פלטינום · PROG10 · ככל מושלם זהב — לא נוסף כיסוי בנספח פלטינום. הבראה לפי סוג האשפוז/ניתוח: 75% עד ₪550/לילה (לאחר ניתוח), עד ₪310/יום (לאחר אירוע לב) — ללא הגבלת גיל 65+ ייעודית (פרק ה' סעיפים 4–6)","כסף · PROG14 · סעיף 7: הבראה לאחר אשפוז – דרישת מינימום 8 לילות. אין כיסוי ל-4-7 לילות או לגיל 65+ במכבי כסף

זהב · PROG15 · סעיף 7: הבראה לאחר אשפוז – דרישת מינימום 8 לילות. אין כיסוי ל-4-7 לילות או לגיל 65+ במכבי זהב

שלי · PROG16 · סעיף 35: מבוטח גיל 65+ שהיה מאושפז 4-7 לילות – החזר 50% עד ₪304.51 ללילה, עד מחצית מספר הלילות שאושפז ולא יותר מ-10 לילות לשנה. אשפוז 8+ לילות מכוסה במכבי זהב בלבד","עדיף · PROG19 · אין מידע — מומלץ לבדוק (עדיף כולל סעיף 8 הבראה לאחר ניתוח מורכב הדורש אשפוז מעל 5 ימים, לא קריטריון גילאי מפורש)

שיא · PROG20 · סעיף 19 (שיא, מתווסף): החלמה לאחר ניתוח מורכב (אשפוז מעל 5 ימים); שיפוי 100% או עד תקרה ₪557 ליום החלמה; או עד 12 ימי החלמה לחולי לב (השתתפות עצמית עד ₪343 ליום). לא מקריון גילאי מפורש ל-65+.","כסף · PROG24 · חלקי — פרק ג': הבראה לאחר ניתוח עבור עמית שאושפז לפחות 7 ימים רצופים; שיפוי 80% עד ₪391 ליום. תקופת הבראה: עד מחצית מימי האשפוז, עד 7 ימים. אין כיסוי ספציפי לאשפוז קצר (4-7 לילות) לגיל 65+.

זהב · PROG25 · חלקי — פרק ג': הבראה לאחר ניתוח עבור עמית שאושפז לפחות 7 ימים רצופים; שיפוי 80% עד ₪615 ליום. תקופת הבראה: עד מחצית מימי האשפוז, עד 25 ימים. אין כיסוי ספציפי לאשפוז קצר (4-7 לילות) לגיל 65+.",מאוחדת שיא,
754,"שיקום, הבראה ונופש",,ריפוי בעיסוק לתפקוד כף יד לאחר CVA,"כלל מבוטחי השב""ן בקופות החולים (לפי תוכנית והקופה)","הטבת שב""ן בנושא ריפוי בעיסוק לתפקוד כף יד לאחר CVA",החזר/הטבה לריפוי בעיסוק לתפקוד כף יד לאחר CVA בין 60 ל-339 ₪,"זהב · PROG09 · אין מידע — מומלץ לבדוק

פלטינום · PROG10 · אין מידע — מומלץ לבדוק","כסף · PROG14 · סעיף 18.1: ריפוי בעיסוק בבית החבר – ה..ע. ₪60.31 לטיפול (סעיף כללי, לא ספציפי ל-CVA). אין פרוטוקול ייעודי ל-CVA

זהב · PROG15 · סעיפים 20.1 + 13.1: ריפוי בעיסוק בבית – ה..ע. ₪60.31 לטיפול; טיפולי התפתחות הילד (3-10) בר.ב. ע. ₪36.10 לטיפול; אין פרוטוקול ייעודי ל-CVA

שלי · PROG16 · סעיף 23: פעילות גופנית מודרכת לאחר שיקום אירוע מוחי לגיל 45+ – ה..ע. ₪338.75 לחודש ל-6 חודשים. אינו ריפוי בעיסוק ספציפי לכף יד","עדיף · PROG19 · אין מידע — מומלץ לבדוק (עדיף כולל סעיף 18 התפתחות הילד וסעיף 19 טיפול בליקויי דיבור, לא ריפוי בעיסוק ספציפי לכף יד לאחר CVA)

שיא · PROG20 · אין מידע — מומלץ לבדוק","כסף · PROG24 · כן — פרק ז' ס' 5: טיפול מיוחד לריפוי בעיסוק לשיפור תפקוד כף היד לאחר אירוע מוחי (C.V.A), ניתוח מוח, מחלה, תאונה או ניתוח. בהפניית רופא מומחה קופה, במכון שבהסדר. השתתפות עצמית ₪75 לטיפול. עד 12 טיפולים בשנה (מעבר לזכאות חוק הבריאות). תקופת אכשרה 3 חודשים.

זהב · PROG25 · כן — פרק ז' ס' 5: אותם תנאים. השתתפות עצמית ₪75 לטיפול. עד 12 טיפולים בשנה. תקופת אכשרה 3 חודשים.",טעון השוואה פרטנית,
755,"שיקום, הבראה ונופש",,שיקום דיבור לאחר אירוע מוחי / כריתת לרינקס,"כלל מבוטחי השב""ן בקופות החולים (לפי תוכנית והקופה)","הטבת שב""ן בנושא שיקום דיבור לאחר אירוע מוחי / כריתת לרינקס",החזר/הטבה לשיקום דיבור לאחר אירוע מוחי / כריתת לרינקס בין 60 ל-101 ₪,"פלטינום · PROG10 · ככל מושלם זהב — לא נוסף כיסוי בנספח פלטינום. 75% מההוצאות עד ₪101 לטיפול, עד 10 טיפולים/שנה, מגיל 18 (פרק ה' סעיף 26)

זהב · PROG09 · מכוסה — שיקום דיבור למבוגר (מגיל 18): 75% מההוצאות בפועל עד ₪101 לטיפול, עד 10 טיפולים בשנה קלנדרית; מותנה באובדן כושר דיבור (מלא/חלקי) עקב CVA, ניתוח או מחלה. פרק ה' סעיף 26","כסף · PROG14 · סעיף 18.1: ריפוי בדיבור בבית החבר בה..ע. ₪60.31 לטיפול (סעיף כללי, לא ספציפי ל-CVA/לרינקס). אין פרוטוקול ייעודי

זהב · PROG15 · סעיפים 20.1 + 13.1: ריפוי בדיבור בבית ה..ע. ₪60.31; לגיל ילדים 3-10 בר.ד. בה..ע. ₪36.10 (אין פרוטוקול ייעודי ל-CVA/לרינקס)

שלי · PROG16 · אין מידע — מומלץ לבדוק","עדיף · PROG19 · סעיף 19.2 (עדיף) — טיפול בליקויי דיבור: קלינאי תקשורת — 12 טיפולים, לקשיי למידה על רקע בעיה שפתית אורגנית; השתתפות עצמית 50% מתעריף הקופה. הערה: אינו ייעודי לאחר CVA או כריתת לרינקס.

שיא · PROG20 · אין מידע — מומלץ לבדוק","כסף · PROG24 · כן — פרק ז' ס' 4: קלינאי תקשורת לשיקום הדיבור לאחר C.V.A, ניתוח מוח, או כריתת לרינקס (אובדן מלא/חלקי של כושר הדיבור). בהפניית רופא מומחה קופה, במכון שבהסדר. השתתפות עצמית ₪75 לטיפול. עד 12 טיפולים בשנה (מעבר לזכאות חוק הבריאות). תקופת אכשרה 3 חודשים.

זהב · PROG25 · כן — פרק ז' ס' 4: אותם תנאים. השתתפות עצמית ₪75 לטיפול. עד 12 טיפולים בשנה. תקופת אכשרה 3 חודשים.",טעון השוואה פרטנית,
756,"שיקום, הבראה ונופש",,"אביזרי עזר לשמיעה — קבוצה ב׳: טלפון לכבדי שמיעה, דיבורית סלולרית, פעמון אלחוטי, שעון מעורר רוטט","כלל מבוטחי השב""ן בקופות החולים (לפי תוכנית והקופה)","הטבת שב""ן בנושא אביזרי עזר לשמיעה — קבוצה ב׳: טלפון לכבדי שמיעה, דיבורית סלולרית, פעמון אלחוטי, שעון מעורר רוטט","החזר/הטבה לאביזרי עזר לשמיעה — קבוצה ב׳: טלפון לכבדי שמיעה, דיבורית סלולרית, פעמון אלחוטי, שעון מעורר רוטט בין 74 ל-254 ₪","זהב · PROG09 · אין מידע — מומלץ לבדוק (בכללית מושלם זהב מכוסים אביזרי עזר לשמיעה בנספח ה' לפי דגמים ספציפיים — ראו נושא ""אביזרי עזר לשמיעה (מגברי טלוויזיה...)"" — אך לא בחלוקה לקבוצות א'/ב')

פלטינום · PROG10 · אין מידע — מומלץ לבדוק","כסף · PROG14 · נספח ב' סעיף 5 (תקנון מכבי כסף) — אביזר עזר לשמיעה: באישור מוקדם של קלינאית תקשורת מחוזית; השתתפות עצמית לפי דגם הנבחר; זכאות אחת לשנה.

זהב · PROG15 · נספח ב' סעיף 8 (תקנון מכבי זהב) — אביזר עזר לשמיעה: באישור מוקדם של קלינאית תקשורת מחוזית; השתתפות עצמית לפי דגם הנבחר; זכאות אחת לשנתיים.

שלי · PROG16 · אין מידע — מומלץ לבדוק","עדיף · PROG19 · מכוסה — נספח ו׳, קבוצה ב׳ (עמ׳ 59 תקנון עדיף): טלפון לאנשים עם לקות שמיעה — ₪254; דיבורית לטלפון סלולרי — ₪125; פעמון אלחוטי ומוגבר לדלת — ₪199; שעון מעורר רוטט — ₪199. זכאות לאחד מקבוצה א׳ ואחד מקבוצה ב׳ אחת לשתי שנות חברות. ספק שבהסכם בלבד. מחירים נכונים ל-1.1.2026.

שיא · PROG20 · מכוסה — נספח ו׳, קבוצה ב׳ (עמ׳ 50 תקנון שיא): טלפון לאנשים עם לקות שמיעה — ₪73.50; דיבורית לטלפון סלולרי — ₪73.50; פעמון אלחוטי ומוגבר לדלת — ₪73.50; שעון מעורר רוטט — ₪73.50. זכאות לאחד מקבוצה א׳ ואחד מקבוצה ב׳ אחת לשתי שנות חברות. ספק שבהסכם בלבד. מחירים נכונים ל-1.1.2026.","כסף · PROG24 · אין מידע — מומלץ לבדוק

זהב · PROG25 · אין מידע — מומלץ לבדוק",טעון השוואה פרטנית,
757,"שיקום, הבראה ונופש",,גרביים אלסטיים / חבישת לחץ (JOBST),"כלל מבוטחי השב""ן בקופות החולים (לפי תוכנית והקופה)","הטבת שב""ן בנושא גרביים אלסטיים / חבישת לחץ (JOBST)","החזר/הטבה לגרביים אלסטיים / חבישת לחץ (JOBST) בין 5,030 ל-5,867 ₪","זהב · PROG09 · מכוסה — נספח א' — חבישות לחץ על פי צורך רפואי בלבד; 23% החזר עד ₪5,030; פעם בשנה קלנדרית; דגם JOBST אינו מוזכר בשמו אך חבישות לחץ כלולות ברשימה

פלטינום · PROG10 · ככל כללית מושלם זהב — פלטינום אינו מוסיף כיסוי מפורש לנושא זה","כסף · PROG14 · נספח ב' סעיף 8ז (תקנון מכבי כסף) — גרביים אלסטיים: רכישה בספק בהסכם; השתתפות עצמית לפי סוג האביזר; 2 זוגות בשנה. נוסף: נספח א' סעיף 8 (תקנון מכבי זהב) — חבישת לחץ: החזר 83% עד תקרה ₪5,720.44 (השלמה ל-83% מעבר להשתתפות הקופה 60%); אחת לשנה.

זהב · PROG15 · נספח ב' סעיף 11ו (תקנון מכבי זהב) — גרביים אלסטיים: רכישה בספק בהסכם; השתתפות עצמית לפי סוג האביזר; 2 זוגות בשנה. נוסף: נספח א' סעיף 8 — חבישת לחץ: החזר 83% עד תקרה ₪5,720.44; אחת לשנה.

שלי · PROG16 · אין מידע — מומלץ לבדוק","עדיף · PROG19 · מכוסה — נספח ה׳, אביזרים רפואיים חיוניים (עמ׳ 58 תקנון עדיף): חבישת לחץ — השתתפות המבוטח 15%, תקרת השתתפות הקופה $750, ספק בהסכם/מחסן מרכזי.

שיא · PROG20 · מכוסה — נספח ה׳, אביזרים רפואיים חיוניים (עמ׳ 48 תקנון שיא): חבישת לחץ — השתתפות המבוטח 15%, תקרת השתתפות הקופה $750, ספק בהסכם/מחסן מרכזי.","כסף · PROG24 · פרק כ""ד ס' 5.2 — חבישת לחץ (JOBST*): שיפוי מרבי ₪5,426 למקרה (80% מהוצאות בפועל), 1 בשנה; *כולל כיסוי סל הבריאות הבסיסי; בהפניית רופא מומחה קופה. פרק כ""ה רשימה ב' — גרביים אלסטיים AD/AG/AT/ATU/AF גם כאביזר אורתופדי בספק הסדר, בהפניית אורתופד קופה

זהב · PROG25 · פרק כ""ד ס' 5.2 — חבישת לחץ (JOBST*): שיפוי מרבי ₪5,867 למקרה (80% מהוצאות בפועל), 1 בשנה; *כולל כיסוי סל הבריאות הבסיסי; בהפניית רופא מומחה קופה. פרק כ""ה רשימה ב' — גרביים אלסטיים AD/AG/AT/ATU/AF גם כאביזר אורתופדי בספק הסדר, בהפניית אורתופד קופה",טעון השוואה פרטנית,
758,"שיקום, הבראה ונופש",,נעליים אורתופדיות בהתאמה אישית,"כלל מבוטחי השב""ן בקופות החולים (לפי תוכנית והקופה)","הטבת שב""ן בנושא נעליים אורתופדיות בהתאמה אישית","החזר/הטבה לנעליים אורתופדיות בהתאמה אישית בין 721 ל-1,041 ₪","זהב · PROG09 · אין מידע — מומלץ לבדוק

פלטינום · PROG10 · אין מידע — מומלץ לבדוק","כסף · PROG14 · נספח א' סעיף 4 (תקנון מכבי כסף) — נעליים אורתופדיות רפואיות בהתאמה אישית ובניה מיוחדת: לחולי ראומה עם עיוות ניכר, חולי סוכרת (חסר אצבעות/נזק עצבי/כיבים/הפרעה בזרימת דם/עיוות כף רגל), לאחר כריתה חלקית של כף הרגל, שיתוק שרירים; החזר 33% עד תקרה ₪1,041.43; זכאות לאוכלוסייה שאינה זכאית להשתתפות 100% של משרד הבריאות; אחת לשנה.

זהב · PROG15 · נספח א' סעיף 5 (תקנון מכבי זהב) — נעליים אורתופדיות רפואיות בהתאמה אישית: לחולי ראומה עם עיוות ניכר, חולי סוכרת (חסר אצבעות/נזק עצבי/כיבים/הפרעה בזרימת דם/עיוות כף רגל), לאחר כריתה חלקית של כף הרגל, שיתוק שרירים; החזר 83% עד תקרה ₪786.85; לאוכלוסייה שאינה זכאית להשתתפות 100% של משרד הבריאות; אחת לשנה.

שלי · PROG16 · אין מידע — מומלץ לבדוק","עדיף · PROG19 · אין מידע — מומלץ לבדוק

שיא · PROG20 · אין מידע — מומלץ לבדוק","כסף · PROG24 · פרק כ""ה ס' 2.4 + 3.2 — נעליים אורתופדיות בהתאמה אישית: שיפוי 80% מהוצאות בפועל (בניכוי החזר ממשרד הבריאות) עד תקרה ₪721; 1 בשנה; זכאות: חולי ראומה עם עיוות ניכר, חולי סוכרת עם נמק/כיבים/עיוות, כריתה חלקית כף רגל, שיתוק שרירים; הפניית רופא אורתופד מומחה קופה; תקופת אכשרה 3 חודשים

זהב · PROG25 · פרק כ""ה ס' 2.4 + 3.2 — נעליים אורתופדיות בהתאמה אישית: שיפוי 80% מהוצאות בפועל (בניכוי החזר ממשרד הבריאות) עד תקרה ₪721; 1 בשנה; זכאות: חולי ראומה עם עיוות ניכר, חולי סוכרת עם נמק/כיבים/עיוות, כריתה חלקית כף רגל, שיתוק שרירים; הפניית רופא אורתופד מומחה קופה; תקופת אכשרה 3 חודשים",טעון השוואה פרטנית,
759,"שיקום, הבראה ונופש",,הבראה לאחר לידה לילד רביעי ומעלה,"כלל מבוטחי השב""ן בקופות החולים (לפי תוכנית והקופה)","הטבת שב""ן בנושא הבראה לאחר לידה לילד רביעי ומעלה",החזר/הטבה להבראה לאחר לידה לילד רביעי ומעלה בין 200 ל-498 ₪,"זהב · PROG09 · מכוסה — פרק ה' סעיף 20: הבראה ליולדת החל מלידת הילד הרביעי (כאשר קיימים 3 ילדים ומעלה); כיסוי 75% מההוצאה בפועל עד ₪300 ליום; עד 3 ימים; תוך חודש מהלידה; תקופת אכשרה 3 חודשים.

פלטינום · PROG10 · ככל מושלם זהב + פלטינום אינו מוסיף כיסוי נוסף להבראה ליולדת (לא מופיע בפרק ח' פלטינום).","כסף · PROG14 · אין מידע — מומלץ לבדוק

זהב · PROG15 · סעיף 30 — הבראה לאחר לידה: לידת ילד רביעי — 3 לילות, 75% עד ₪437.62/לילה. לידת ילד חמישי ומעלה — לילה נוסף לכל לידה מעל הרביעית. תוך חודשיים מהלידה. תקופת המתנה 3 חודשים.

שלי · PROG16 · סעיף 11.6 — הבראה ליולדת: ילד ראשון עד שלישי: 3 לילות, עד ₪471.32/לילה. ילד רביעי ומעלה: 3 לילות נוספים מעל הקצאת מכבי זהב (סה""כ 6 לילות), עד ₪471.32/לילה. תקופת המתנה 6 חודשים.","עדיף · PROG19 · מכוסה — סעיף 15: יולדת זכאית להבראה החל מלידת ילד רביעי; שיפוי 75% עד ₪400 ליום; לידה רביעית — 3 ימים; חמישית — 4 ימים; שישית — 5 ימים (ומעלה בהתאמה); בתוך חודשיים משחרור; תקרת המתנה 3 חודשים מהצטרפות.

שיא · PROG20 · מכוסה — כולל זכויות עדיף (סעיף 15, ₪400/יום) + 3 ימי הבראה נוספים מעבר לזכאות עדיף לילד רביעי ואילך (סעיף 30 — חבילת היריון); עד ₪498/יום או השתתפות עצמית ₪200/יום בהסדר.","כסף · PROG24 · אין מידע — מומלץ לבדוק

זהב · PROG25 · אין מידע — מומלץ לבדוק",טעון השוואה פרטנית,
760,"שיקום, הבראה ונופש",,הבראה ליולדת — החל מלידת ילד רביעי,"כלל מבוטחי השב""ן בקופות החולים (לפי תוכנית והקופה)","הטבת שב""ן בנושא הבראה ליולדת — החל מלידת ילד רביעי",החזר/הטבה להבראה ליולדת — החל מלידת ילד רביעי בין 200 ל-498 ₪,"זהב · PROG09 · מכוסה — פרק ה' סעיף 20: הבראה ליולדת החל מלידת הילד הרביעי; כיסוי 75% מההוצאה בפועל עד ₪300 ליום; תקופה מירבית 3 ימים; תוך חודש מהלידה; תקופת אכשרה 3 חודשים; עמיתה שיש לה דמי הבראה.

פלטינום · PROG10 · ככל מושלם זהב + פלטינום אינו מוסיף כיסוי נוסף להבראה ליולדת (לא מופיע בפרק ח' פלטינום).","כסף · PROG14 · אין מידע — מומלץ לבדוק

זהב · PROG15 · אין מידע — מומלץ לבדוק

שלי · PROG16 · אין מידע — מומלץ לבדוק","עדיף · PROG19 · מכוסה — סעיף 15: יולדת זכאית להבראה לאחר לידה החל מילד הרביעי; שיפוי 75% עד ₪400/יום מלא; מספר ימים עולה: ילד 4 = 3 ימים, ילד 5 = 4 ימים, ילד 6 = 5 ימים וכו'; תוך חודשיים מהשחרור; נדרשות קבלות ותעודת שחרור.

שיא · PROG20 · מכוסה — כולל כל זכאות עדיף (סעיף 15) + 3 ימים נוספים מעבר לכך במסגרת חבילת ההיריון (סעיף 30.2.2); תקרה מורחבת ₪498/יום; השתתפות עצמית ₪200/יום בהסדר.","כסף · PROG24 · אין מידע — מומלץ לבדוק

זהב · PROG25 · אין מידע — מומלץ לבדוק",טעון השוואה פרטנית,
761,"שיקום, הבראה ונופש",,שיקום לאחר ניתוח פציעות ספורט בבית חולים פרטי,"כלל מבוטחי השב""ן בקופות החולים (לפי תוכנית והקופה)","הטבת שב""ן בנושא שיקום לאחר ניתוח פציעות ספורט בבית חולים פרטי",החזר/הטבה לשיקום לאחר ניתוח פציעות ספורט בבית חולים פרטי עד 58 ₪,"זהב · PROG09 · אין מידע — מומלץ לבדוק

פלטינום · PROG10 · אין מידע — מומלץ לבדוק","כסף · PROG14 · אין מידע — מומלץ לבדוק

זהב · PROG15 · אין מידע — מומלץ לבדוק

שלי · PROG16 · אין מידע — מומלץ לבדוק","עדיף · PROG19 · לא מכוסה ברובד עדיף — אין סעיף שיקום פציעות ספורט בתקנון מאוחדת עדיף.

שיא · PROG20 · מכוסה — סעיף 26 תקנון מאוחדת שיא (שירות מתווסף). מבוטח זכאי לשיקום בעקבות פציעות ספורט במכון מורשה של הקופה — עד 20 פגישות לשנה; ה.ע. ₪58 לטיפול. תקופת המתנה: 12 חודשים.","כסף · PROG24 · אין מידע — מומלץ לבדוק

זהב · PROG25 · אין מידע — מומלץ לבדוק",טעון השוואה פרטנית,
762,"שיקום, הבראה ונופש",,גלי הלם לריסוק הסתיידויות במפרקים ודורבן עקב,"כלל מבוטחי השב""ן בקופות החולים (לפי תוכנית והקופה)","פרק ל' ס' 1 — לאומית כסף: הקופה נושאת ב-45% מעלות הטיפול בגלי הלם לריסוק הסתיידויות במפרק הכתף, מפרק המרפק, גידים ודורבנים בכפות הרגליים, במכון שבהסדר; העמית משלם 55% הנותרים ישירו",החזר/הטבה לגלי הלם לריסוק הסתיידויות במפרקים ודורבן עקב עד 771 ₪,"זהב · PROG09 · אין מידע — מומלץ לבדוק

פלטינום · PROG10 · אין מידע — מומלץ לבדוק","כסף · PROG14 · אין מידע — מומלץ לבדוק

זהב · PROG15 · אין מידע — מומלץ לבדוק

שלי · PROG16 · אין מידע — מומלץ לבדוק","עדיף · PROG19 · אין מידע — מומלץ לבדוק

שיא · PROG20 · מכוסה — סעיף 7 לתקנון 'מאוחדת שיא'. תקופת המתנה: 6 חודשים. עד 4 טיפולים לכל תקופת הביטוח (ריסוק הסתיידויות בכתף ומרפק, דורבן עקב, הסתיידויות גידים) במרכזים בהסכם. השתתפות עצמית: 50% ממחירון הספק ולא יותר מ-₪771 לטיפול. מהות ביחס ל'מאוחדת עדיף': מתווסף (לא קיים ב-PROG19).","כסף · PROG24 · פרק ל' ס' 1 — לאומית כסף: הקופה נושאת ב-45% מעלות הטיפול בגלי הלם לריסוק הסתיידויות במפרק הכתף, מפרק המרפק, גידים ודורבנים בכפות הרגליים, במכון שבהסדר; העמית משלם 55% הנותרים ישירות למכון; אין תקופת אכשרה.

זהב · PROG25 · פרק ל' ס' 1 — לאומית זהב: זהה ללאומית כסף — הקופה נושאת ב-45% מעלות הטיפול בגלי הלם, במכון שבהסדר; אין תקופת אכשרה.",לאומית כסף,
763,"שיקום, הבראה ונופש",,מגיני ירכיים,"כלל מבוטחי השב""ן בקופות החולים (לפי תוכנית והקופה)","הטבת שב""ן בנושא מגיני ירכיים",,"זהב · PROG09 · אין מידע — מומלץ לבדוק

פלטינום · PROG10 · אין מידע — מומלץ לבדוק","כסף · PROG14 · אין מידע — מומלץ לבדוק

זהב · PROG15 · אין מידע — מומלץ לבדוק

שלי · PROG16 · אין מידע — מומלץ לבדוק","עדיף · PROG19 · אין מידע — מומלץ לבדוק

שיא · PROG20 · אין מידע — מומלץ לבדוק","כסף · PROG24 · פרק כ""ה — לאומית כסף: מגיני ירכיים (מכנסון + הגנת ירכיים) ברשימת האביזרים האורטופדיים; כמות: 1 ביחידה לתקופת הסכם; השתתפות עצמית בהתאם לרשימה (גבוהה מזו של לאומית זהב); רכישה אצל ספקי הסדר; מצריך הפניה מרופא אורתופד מומחה בקופה; תקופת אכשרה 3 חודשים.

זהב · PROG25 · פרק כ""ה — לאומית זהב: מגיני ירכיים (מכנסון + הגנת ירכיים) ברשימת האביזרים האורטופדיים; כמות: 1 ביחידה לתקופת הסכם; השתתפות עצמית מופחתת ביחס ללאומית כסף, בהתאם לרשימת האביזרים; רכישה אצל ספקי הסדר; מצריך הפניה מרופא אורתופד מומחה בקופה; תקופת אכשרה 3 חודשים.",טעון השוואה פרטנית,
764,"שיקום, הבראה ונופש",,הבראה לאחר אשפוז — תנאים ותעריפים,"כלל מבוטחי השב""ן בקופות החולים (לפי תוכנית והקופה)","₪609.02 ללילה, עד 21 לילות לשנה. תוספת למלווה לילד — ₪40.20 ללילה (תקרה ₪649.22 ללילה). מינימום 8 לילות אשפוז (מכבי זהב סעיף 7.1). פסוריאזיס בים המלח: 10% מהוצאות שהייה עד ₪44.42 ל",החזר/הטבה להבראה לאחר אשפוז — תנאים ותעריפים בין 200 ל-649 ₪,"זהב · PROG09 · 7 לילות לעמית שאושפז ≥4 לילות, 10 לילות לאושפז ≥7 לילות; השתתפות עצמית ₪200 ללילה; ניתן לנצל בכל בית מלון/צימר/בית הבראה (פרק ה׳, סעיף 4א׳ — תקנון כללית מושלם זהב)

פלטינום · PROG10 · אין מידע — מומלץ לבדוק","כסף · PROG14 · ₪304.51 ללילה, עד 21 לילות לשנה. מינימום 8 לילות אשפוז. מספר הלילות — מחצית מימי האשפוז. תקופת המתנה ראשונית (מכבי כסף סעיף 7.1).

זהב · PROG15 · ₪609.02 ללילה, עד 21 לילות לשנה. תוספת למלווה לילד — ₪40.20 ללילה (תקרה ₪649.22 ללילה). מינימום 8 לילות אשפוז (מכבי זהב סעיף 7.1). פסוריאזיס בים המלח: 10% מהוצאות שהייה עד ₪44.42 ליום (סעיף 7.4.1). הבראה אחרי ניתוח לב: 2 ימים נוספים מעבר לסל (סעיף 7.5).

שלי · PROG16 · אין מידע — מומלץ לבדוק","עדיף · PROG19 · אין מידע — מומלץ לבדוק

שיא · PROG20 · אין מידע — מומלץ לבדוק","כסף · PROG24 · אין מידע — מומלץ לבדוק

זהב · PROG25 · אין מידע — מומלץ לבדוק",מכבי זהב,
765,"שיקום, הבראה ונופש",,הבראה לאחר ניתוח — תנאים ותעריפים,"כלל מבוטחי השב""ן בקופות החולים (לפי תוכנית והקופה)","הטבת שב""ן בנושא הבראה לאחר ניתוח — תנאים ותעריפים",החזר/הטבה להבראה לאחר ניתוח — תנאים ותעריפים בין 343 ל-644 ₪,"זהב · PROG09 · החזר 75% מהוצאות בפועל, עד ₪550 ללילה, לתקופה של עד 6 לילות (פרק ה׳, סעיף 5 — תקנון כללית מושלם זהב). עבור ניתוח קיסרי בפלטינום: עוד 6 לילות נוספים, עד ₪644 ללילה (כיכר השבת, 15.5.2023)

פלטינום · PROG10 · פלטינום מוסיף: לאחר ניתוח קיסרי — 6 ימי הבראה נוספים בהחזר 75% עד ₪644 ללילה (בכפוף לאשפוז ≥5 לילות); מסלול בלעדי — ניתן לממש בכל בית מלון/צימר (כיכר השבת, 15.5.2023 + תקנון פלטינום)","כסף · PROG14 · אין מידע — מומלץ לבדוק

זהב · PROG15 · אין מידע — מומלץ לבדוק

שלי · PROG16 · אין מידע — מומלץ לבדוק","עדיף · PROG19 · החלמה לאחר ניתוח מורכב — ₪557 ה""ע ללילה, עד 7 לילות; לאחר אוטם לב: ₪343 ה""ע ללילה עד 12 לילות. (מאוחדת עדיף, סעיף 19)

שיא · PROG20 · החלמה לאחר ניתוח מורכב — ₪557 ה""ע ללילה, עד 7 לילות; לאחר אוטם לב: ₪343 ה""ע ללילה עד 12 לילות. (מאוחדת שיא, סעיף 19)","כסף · PROG24 · החזר 80% מהוצאה ממשית, עד ₪391 ליום, עד 7 ימים בתקופת ההסכם; דרישה: ניתוח בבי""ח פרטי + אשפוז 2 לילות לפחות (לאומית כסף, פרק ג' סעיף 3.2)

זהב · PROG25 · החזר 80% מהוצאה ממשית, עד ₪615 ליום, עד 25 ימים בתקופת ההסכם; דרישה: ניתוח בבי""ח פרטי + אשפוז 2 לילות לפחות (לאומית זהב, פרק ג' סעיף 4.2)",טעון השוואה פרטנית,
766,"שיקום, הבראה ונופש",,אחות פרטית לאחר ניתוח בבית חולים,"כלל מבוטחי השב""ן בקופות החולים (לפי תוכנית והקופה)","הטבת שב""ן בנושא אחות פרטית לאחר ניתוח בבית חולים","החזר/הטבה לאחות פרטית לאחר ניתוח בבית חולים בין 432 ל-9,350 ₪","זהב · PROG09 · החזר 85% מהוצאות בפועל, עד ₪432 ליום, למשך עד 10 הימים הראשונים שלאחר הניתוח (פרק ה׳, סעיף 3 — תקנון כללית מושלם זהב)

פלטינום · PROG10 · אין מידע — מומלץ לבדוק; תקנון פלטינום אינו מרחיב במפורש את סעיף זה","כסף · PROG14 · אין מידע — מומלץ לבדוק

זהב · PROG15 · החזר עלות אחות/אח פרטי להשגחה בבית חולים לאחר ניתוח — עד ₪634.21 ליום, עד 8 ימים לניתוח אחד, ולא יותר מ-₪9,350.37 לשנה. תקופת המתנה 3 חודשים (מכבי זהב סעיף 25.1).

שלי · PROG16 · אין מידע — מומלץ לבדוק","עדיף · PROG19 · אין מידע — מומלץ לבדוק

שיא · PROG20 · אין מידע — מומלץ לבדוק","כסף · PROG24 · החזר 80% מהוצאה ממשית, עד תקרה ₪579 ליום, עד 10 ימים; דרישה: אשפוז 2 לילות לפחות (לאומית כסף, פרק ב' סעיף 3.3–3.5)

זהב · PROG25 · החזר 80% מהוצאה ממשית, עד תקרה ₪651 ליום, עד 20 ימים; דרישה: אשפוז 2 לילות לפחות (לאומית זהב, פרק ב' סעיף 3.3–3.5)",כללית מושלם זהב,
767,"שיקום, הבראה ונופש",,שיקום פציעות ספורט — תעריפים,"כלל מבוטחי השב""ן בקופות החולים (לפי תוכנית והקופה)","הטבת שב""ן בנושא שיקום פציעות ספורט — תעריפים",החזר/הטבה לשיקום פציעות ספורט — תעריפים בין 58 ל-65 ₪,"זהב · PROG09 · אין מידע — מומלץ לבדוק

פלטינום · PROG10 · אין מידע — מומלץ לבדוק","כסף · PROG14 · אין מידע — מומלץ לבדוק

זהב · PROG15 · אין מידע — מומלץ לבדוק

שלי · PROG16 · אין מידע — מומלץ לבדוק","עדיף · PROG19 · אין מידע — מומלץ לבדוק

שיא · PROG20 · שיקום פציעות ספורט במסגרת הקופה — עד 20 פגישות בשנה, ₪58 השתתפות עצמית לפגישה. (מאוחדת שיא, סעיף 26)","כסף · PROG24 · השתתפות עצמית ₪65 לטיפול, עד 36 טיפולים למקרה מזכה (לאומית כסף, פרק ל""ה סעיף 3.3.1)

זהב · PROG25 · השתתפות עצמית ₪65 לטיפול, עד 36 טיפולים למקרה מזכה (לאומית זהב, פרק ל""ה סעיף 3.3.2)",טעון השוואה פרטנית,
768,"שיקום, הבראה ונופש",,הבראה אחרי אשפוז לגיל 65+,"כלל מבוטחי השב""ן בקופות החולים (לפי תוכנית והקופה)","גיל 65+, לאחר אשפוז של 4–7 לילות. 50% עד ₪304.51 ללילה, עד 10 לילות/שנה. בבית הבראה/מלון רשום (מכבי שלי סעיף 35).",החזר/הטבה להבראה אחרי אשפוז לגיל 65+ עד 305 ₪,"זהב · PROG09 · אין מידע — מומלץ לבדוק

פלטינום · PROG10 · אין מידע — מומלץ לבדוק","כסף · PROG14 · אין מידע — מומלץ לבדוק

זהב · PROG15 · אין מידע — מומלץ לבדוק

שלי · PROG16 · גיל 65+, לאחר אשפוז של 4–7 לילות. 50% עד ₪304.51 ללילה, עד 10 לילות/שנה. בבית הבראה/מלון רשום (מכבי שלי סעיף 35).","עדיף · PROG19 · אין מידע — מומלץ לבדוק

שיא · PROG20 · אין מידע — מומלץ לבדוק","כסף · PROG24 · אין מידע — מומלץ לבדוק

זהב · PROG25 · אין מידע — מומלץ לבדוק",מכבי שלי,
769,"שיקום, הבראה ונופש",,טיפולי ים המלח לפסוריאזיס,"כלל מבוטחי השב""ן בקופות החולים (לפי תוכנית והקופה)","הטבת שב""ן בנושא טיפולי ים המלח לפסוריאזיס",,"זהב · PROG09 · אין מידע — מומלץ לבדוק

פלטינום · PROG10 · אין מידע — מומלץ לבדוק","כסף · PROG14 · אין מידע — מומלץ לבדוק

זהב · PROG15 · אין מידע — מומלץ לבדוק

שלי · PROG16 · אין מידע — מומלץ לבדוק","עדיף · PROG19 · אין מידע — מומלץ לבדוק

שיא · PROG20 · אין מידע — מומלץ לבדוק","כסף · PROG24 · החזר 20% מהוצאה ממשית, עד ₪40 ליום שהייה (בנוסף לזכאות הסל); לתקופת הזכאות עפ""י חוק (לאומית כסף, פרק ל""ב סעיף 2.2)

זהב · PROG25 · החזר 20% מהוצאה ממשית, עד ₪40 ליום שהייה (בנוסף לזכאות הסל); לתקופת הזכאות עפ""י חוק (לאומית זהב, פרק ל""ב סעיף 2.2)",טעון השוואה פרטנית,
770,"שיקום, הבראה ונופש",,גלי הלם (Shockwave) — תנאים ועלויות,"כלל מבוטחי השב""ן בקופות החולים (לפי תוכנית והקופה)","הטבת שב""ן בנושא גלי הלם (Shockwave) — תנאים ועלויות",החזר/הטבה לגלי הלם (Shockwave) — תנאים ועלויות עד 771 ₪,"זהב · PROG09 · אין מידע — מומלץ לבדוק

פלטינום · PROG10 · אין מידע — מומלץ לבדוק","כסף · PROG14 · אין מידע — מומלץ לבדוק

זהב · PROG15 · אין מידע — מומלץ לבדוק

שלי · PROG16 · אין מידע — מומלץ לבדוק","עדיף · PROG19 · אין מידע — מומלץ לבדוק

שיא · PROG20 · טיפולים באמצעות גלי הלם — עד 4 טיפולים בתקופת כיסוי, 50% השתתפות עצמית עד ₪771 לטיפול. (מאוחדת שיא, סעיף 7)","כסף · PROG24 · הקופה נושאת ב-45% מעלות הטיפול במכון בהסדר; העמית משלם 55% הנותרים; ללא תקופת אכשרה (לאומית כסף ולאומית זהב, פרק ל' סעיף 1.2)

זהב · PROG25 · הקופה נושאת ב-45% מעלות הטיפול במכון בהסדר; העמית משלם 55% הנותרים; ללא תקופת אכשרה (לאומית זהב, פרק ל' סעיף 1.2)",טעון השוואה פרטנית,
771,"שיקום, הבראה ונופש",,טיפול בכאבי גב IDET,"כלל מבוטחי השב""ן בקופות החולים (לפי תוכנית והקופה)","הטבת שב""ן בנושא טיפול בכאבי גב IDET","החזר/הטבה לטיפול בכאבי גב IDET בין 7,273 ל-9,091 ₪","פלטינום · PROG10 · אין מידע — מומלץ לבדוק

זהב · PROG09 · אין מידע — מומלץ לבדוק","כסף · PROG14 · אין מידע — מומלץ לבדוק

זהב · PROG15 · אין מידע — מומלץ לבדוק

שלי · PROG16 · אין מידע — מומלץ לבדוק","עדיף · PROG19 · אין מידע — מומלץ לבדוק

שיא · PROG20 · אין מידע — מומלץ לבדוק","כסף · PROG24 · השתתפות עצמית ₪9,091 (חד-פעמי לכל תקופת ההסכם) (לאומית כסף, פרק ל' סעיף 2.3.1)

זהב · PROG25 · השתתפות עצמית ₪7,273 (חד-פעמי לכל תקופת ההסכם) (לאומית זהב, פרק ל' סעיף 2.3.2)",טעון השוואה פרטנית,
772,"שיקום, הבראה ונופש",,טיפול בטחורים ופיסורה,"כלל מבוטחי השב""ן בקופות החולים (לפי תוכנית והקופה)","טיפול בטחורים ופיסורה — 35% הנחה ממחיר הספק, או 70% החזר מההוצאה עד ₪4,626 סה""כ. (מאוחדת שיא, סעיף 20)","החזר/הטבה לטיפול בטחורים ופיסורה עד 4,626 ₪","זהב · PROG09 · אין מידע — מומלץ לבדוק

פלטינום · PROG10 · אין מידע — מומלץ לבדוק","כסף · PROG14 · אין מידע — מומלץ לבדוק

זהב · PROG15 · אין מידע — מומלץ לבדוק

שלי · PROG16 · אין מידע — מומלץ לבדוק","עדיף · PROG19 · אין מידע — מומלץ לבדוק

שיא · PROG20 · טיפול בטחורים ופיסורה — 35% הנחה ממחיר הספק, או 70% החזר מההוצאה עד ₪4,626 סה""כ. (מאוחדת שיא, סעיף 20)","כסף · PROG24 · אין מידע — מומלץ לבדוק

זהב · PROG25 · אין מידע — מומלץ לבדוק",מאוחדת שיא,
773,"שיקום, הבראה ונופש",,טיפול בנחירות ואף סתום,"כלל מבוטחי השב""ן בקופות החולים (לפי תוכנית והקופה)","טיפול בנחירות ואף סתום — 35% הנחה ממחיר הספק, או עד ₪428 החזר. (מאוחדת שיא, סעיף 25)",החזר/הטבה לטיפול בנחירות ואף סתום עד 428 ₪,"זהב · PROG09 · אין מידע — מומלץ לבדוק

פלטינום · PROG10 · אין מידע — מומלץ לבדוק","כסף · PROG14 · אין מידע — מומלץ לבדוק

זהב · PROG15 · אין מידע — מומלץ לבדוק

שלי · PROG16 · אין מידע — מומלץ לבדוק","עדיף · PROG19 · אין מידע — מומלץ לבדוק

שיא · PROG20 · טיפול בנחירות ואף סתום — 35% הנחה ממחיר הספק, או עד ₪428 החזר. (מאוחדת שיא, סעיף 25)","כסף · PROG24 · אין מידע — מומלץ לבדוק

זהב · PROG25 · אין מידע — מומלץ לבדוק",מאוחדת שיא,
774,"שיקום, הבראה ונופש",,פיזיותרפיה לחולים כרוניים — תעריף,"כלל מבוטחי השב""ן בקופות החולים (לפי תוכנית והקופה)","הטבת שב""ן בנושא פיזיותרפיה לחולים כרוניים — תעריף",,"זהב · PROG09 · אין מידע — מומלץ לבדוק

פלטינום · PROG10 · אין מידע — מומלץ לבדוק","כסף · PROG14 · ₪33.67 לטיפול מעבר ל-12 הטיפולים הראשונים הניתנים ע""י מכבי, במכוני מכבי (מכבי כסף סעיף 18.2.3).

זהב · PROG15 · ₪33.68 לטיפול מעבר ל-12 הטיפולים הראשונים, במכוני מכבי (מכבי זהב סעיף 20.3.3). תקופת המתנה 6 חודשים.

שלי · PROG16 · אין מידע — מומלץ לבדוק","עדיף · PROG19 · אין מידע — מומלץ לבדוק

שיא · PROG20 · אין מידע — מומלץ לבדוק","כסף · PROG24 · אין מידע — מומלץ לבדוק

זהב · PROG25 · אין מידע — מומלץ לבדוק",טעון השוואה פרטנית,
775,"שיקום, הבראה ונופש",,פעילות גופנית מודרכת אחרי אירוע מוחי,"כלל מבוטחי השב""ן בקופות החולים (לפי תוכנית והקופה)","הטבת שב""ן בנושא פעילות גופנית מודרכת אחרי אירוע מוחי",החזר/הטבה לפעילות גופנית מודרכת אחרי אירוע מוחי עד 339 ₪,"זהב · PROG09 · אין מידע — מומלץ לבדוק

פלטינום · PROG10 · אין מידע — מומלץ לבדוק","כסף · PROG14 · אין מידע — מומלץ לבדוק

זהב · PROG15 · אין מידע — מומלץ לבדוק

שלי · PROG16 · גיל 45+, לאחר אירוע מוחי. השתתפות עצמית ₪338.75 לחודש, 6 חודשים. אצל ספקים בהסכם (מכבי שלי סעיף 23).","עדיף · PROG19 · אין מידע — מומלץ לבדוק

שיא · PROG20 · אין מידע — מומלץ לבדוק","כסף · PROG24 · אין מידע — מומלץ לבדוק

זהב · PROG25 · אין מידע — מומלץ לבדוק",טעון השוואה פרטנית,
776,אביזרים רפואיים ומכשור,,אביזרים רפואיים ומכשור,"כלל מבוטחי השב""ן בקופות החולים (לפי תוכנית והקופה)","פרק כ""ד — השתתפות בהוצאות בגין אביזרים רפואיים","החזר/הטבה לאביזרים רפואיים ומכשור בין 65 ל-5,867 ₪","זהב · PROG09 · אביזרים רפואיים (סעיף 44): לעמית הזקוק לאביזר לפי רשימה (נספח א'/ב'), בקביעת רופא התכנית. ברכישה פרטית לפי רשימה — אין השתתפות עצמית בהתאם למחירים ברשימות א' ו-ב'. עד 2 אביזרים בשנה קלנדרית מכל קבוצת איברים; לאביזר שלישי ואילך נדרש אישור מראש של המנהל הרפואי. אביזרים אורטופדיים — במכוני הסדר בלבד, אין השתתפות עצמית, עד 2 בשנה. מדרסים: החזר עד ₪400 לזוג (לא יותר מההוצאה בפועל), לא יותר מפעם בשנתיים קלנדריות. ברשימת האביזרים: מד סטורציה, מכשיר אינהלציה, מכשיר לחץ דם, RESPERATE, משאף נבולייזר, משאבת חלב חשמלית/ידנית AMEDA, שרוול למד לחץ דם, אטמי אוזניים ועוד. (משאבת אינסולין אינה מופיעה ברשימה.)

פלטינום · PROG10 · אין מידע — מומלץ לבדוק. אין בפלטינום פרק ייעודי לאביזרים רפואיים מעבר ל'מושלם זהב'. אזכור היחיד: אביזרי עזר תומכים לבית לפי רשימה — רק במסגרת החבילה התומכת לחולי סרטן, ובמקרים שאין זכאות בסל הבסיסי.","כסף · PROG14 · סעיף 14 — אביזרים רפואיים:
14.1 רכישה (נספח א'): חבר זכאי, בתדירות המפורטת בנספח א' (אחת לשנה, פעמיים בשנה, או אחת לשנתיים לפי סוג האביזר), להחזר בשיעור של 33% ממחיר האביזר עד תעריף התקרה הנמוך ממכבי ו/או כל גוף אחר. דוגמאות לתעריפי תקרה: חגורת בקע חד-צדדית בהתאמה אישית ₪176.62; עזרי הליכה ₪339.83; נעליים אורתופדיות בהתאמה אישית ₪1,041.43 (אחת לשנתיים, לאוכלוסייה שאינה זכאית ל-100% ממשרד הבריאות). הזכאות מחייבת אישור רפואי בכתב ובאביזר בהתאמה אישית — אישור מוקדם מ""מכבי כסף"".
14.2 רכישה מספק שבהסכם (נספחים ב'/ג'): החבר ישלם השתתפות עצמית בלבד. דוגמאות: מדרסים מדף ₪110.35; מדרסים בהתאמה אישית ₪256.64; מכשיר אינהלציה ₪320.91; מכשיר מדידת לחץ דם ₪465.55; מכשיר מדידת סוכר ₪325.43 — כולם אחת לשנה.
14.3 תיקון/חלפים/השכרה (נספח א'): החזר 33% מהעלות עד תקרה.
תקופת המתנה: 12 חודשים.

זהב · PROG15 · סעיף 16 — אביזרים רפואיים:
16.1 רכישה (נספח א'): חבר זכאי אחת לשנה, פעמיים בשנה, או אחת לשנתיים (על פי הפירוט שבנספח א'), בהתאם להמלצת הרופא המטפל בעל מומחיות בתחום הרלוונטי ובכפוף לקבלת אישור מוקדם של ""מכבי זהב"" במידה וקיימת המלצה לאביזר בהתאמה אישית, להחזר בשיעור כולל של 83% ממחיר האביזר ועד לתעריף התקרה (לפי הנמוך ממכבי ו/או כל גוף אחר), על פי רשימת אביזרים ומחירון שבתוקף (נספח א').
16.2 רכישה מספק שבהסכם (נספחים ב' ו-ג'): החבר ישלם השתתפות עצמית בלבד אצל ספק שבהסכם; לא תהא זכאות להחזר על רכישה פרטית של אביזרים המפורטים בנספחים ב' או ג'. נדרש מרשם מהרופא המטפל בעל מומחיות ו/או אופטומטריסט מורשה (לנספח ג').
16.3 תיקון/חלפים/השכרה: החזר 83% מהעלות עד לתקרה לתשלום (נספחים א' ו-ב'). בשנה שבה נרכש המכשיר — ההחזר מחושב מיתרת תקרת התשלום השנתית.
תקופת המתנה: 12 חודשים.

שלי · PROG16 · סעיף 22 — אביזרי עזר לבית (מהות הכיסוי ביחס ל""מכבי זהב"": חדש):
22.1 מבוטח ""מכבי שלי"" זכאי להשתתפות ברכישת אביזרי עזר לבית מתוך רשימת האביזרים המאושרים (נספח ג' לתקנון), בכפוף לתנאים המצטברים הבאים:
22.1.1 גילו של המבוטח 65 שנים ומעלה.
22.1.2 הרכישה בוצעה אצל ספקים שבהסכם עם מכבי.
22.1.3 המבוטח קיבל הפניה מהרופא המטפל, מאחות מכבי, מפיזיותרפיסט מכבי, או ממרפאה בעיסוק מכבי טרם הרכישה.
22.1.4 המבוטח יוכל לרכוש אביזר אחד מכל סוג בתקופת הזכאות.
22.2 גובה הכיסוי: תקרה מצטברת של ₪1,200.95 לכל הרכישות גם יחד, בכפוף לתשלום השתתפות עצמית (לפי נספח ג'). תקרה זו מתחדשת בכל 3 שנים צפות.
תקופת המתנה: 6 חודשים.
הערה: כיסוי ""מכבי זהב"" לאביזרים רפואיים (סעיף 16 — החזר 83%, נספחי א'/ב'/ג') ממשיך לחול ב""מכבי שלי"" בנוסף לסעיף 22 הנ""ל.","עדיף · PROG19 · סעיף ב'.14 — רכישת מכשירים/אביזרים רפואיים
תקופת המתנה: 3 חודשים מיום ההצטרפות לתוכנית.
מבוטחי 'מאוחדת עדיף' זכאים להשתתפות בגין רכישת מכשירים/אביזרים רפואיים כמפורט בנספח ה' לתקנון, ובתנאי שקיימת לכך המלצה מטעם רופאי הקופה. הרכישה תתבצע על חשבון המבוטח; הקרן תשפה את המבוטח בהתאם לרשימת ההשתתפויות שתתפרסם באתר האינטרנט ובסניפי הקופה.
הקופה תשפה את המבוטח אך ורק בגין מכשיר/אביזר רפואי חיוני הכלול ב'רשימת המכשירים/אביזרים הרפואיים המאושרת' כמפורט בנספח ה'.
הקופה תשתתף בהוצאה הכוללת של המבוטח בשיעור 50%–85% מעלות המכשיר/אביזר.
הסכום המרבי להחזר למבוטח בגין רכישת מכשירים/אביזרים רפואיים הינו 750 דולר לשנה (תקרה שנתית לכל האביזרים).
14.6 הקופה רשאית להשאיל מכשיר/אביזר רפואי; המבוטח יחויב בהפקדת המחאת פיקדון בגובה 20% מעלות המכשיר/אביזר ובדמי שימוש חודשיים כמפורט בנספח ה'.
14.8 מבוטחי 'מאוחדת עדיף' יהיו זכאים גם לשיפוי מוגדל או להקטנת ההשתתפות העצמית בגין מכשירים/אביזרים המסופקים מכוח חוק ביטוח בריאות ממלכתי.

נספח ה' — אביזרים רפואיים (דוגמאות מרכזיות):
אביזרים חיוניים — השתתפות המבוטח 50%, כולל:
- מדרסים על פי מידה ובהזמנה מיוחדת (פעמיים בשנה)
- גרביים אלסטיות לסובלים ממחלות כלי דם ולנשים הרות (ע'פ מרשם)
- מכשור אורתופדי לייצוב פרקים/שברים (אחת לשנה)
- אינהלטור לחולי אסטמה או C.F כולל מכשיר אדים (בהמלצת רופא ריאות) — תקרת השתתפות הקופה 600$
- גלוקומטר ו/או דוקרן — השתתפות 50%, בבית מרקחת פנימי בלבד
- מכשיר למדידת לחץ דם — השתתפות 50%, בבית מרקחת פנימי בלבד
- נעליים אורתופדיות בהזמנה מיוחדת (פעמיים בשנה) — תקרת הקופה 250$
- מכשירי שמיעה (מי שמלאו לו 18 שנים) — השתתפות נוספת ברכישה מספק שבהסדר: 80% מתוספת העלות מעבר להשתתפות סל הבריאות ועד תקרה של 2,206 ש""ח לאוזן
- פאה נוכרית (לאחר טיפול כימותרפי/אונקולוגי) — מסלול החזר: 85% ועד תקרה 2,092 ₪; מסלול הסדר: השתתפות 250 ₪
- חבישת לחץ — השתתפות 15%, תקרת הקופה 750$
- מכשיר CPAP (לא כולל נחירה) — יינתן לשימוש החולה ע'י הקופה; מתקן ליצירת חמצן — נרכש ע'י הקופה ויינתן לשימוש
- אביזרים נלווים למשאבות אינסולין — השתתפות 15%

סעיף ב'.31 — אביזרי עזר לשמיעה:
תקופת המתנה: 3 חודשים.
מבוטח 'מאוחדת עדיף' זכאי לרכישת אביזרי עזר לשמיעה אצל ספק שבהסכם, באישור מוקדם של רופא א.א.ג או קלינאי תקשורת. הזכאות מוגבלת לרכישת עד שני אביזרים (אחד מקבוצה א' והשני מקבוצה ב'), בהשתתפות עצמית כמופיע בנספח ו' לתקנון, אחת לשתי שנות חברות.

שיא · PROG20 · נספח ה' לתקנון 'מאוחדת שיא' — רשימת אביזרים רפואיים וציוד רפואי למבוטחי 'מאוחדת עדיף' ו'מאוחדת שיא' (אותה רשימה משותפת לשני הרבדים).
הגדרות ומבנה הכיסוי כמפורט בסעיף 14 לתקנון 'מאוחדת עדיף' (אין סעיף ייעודי נפרד ב'שיא' — הרשימה משותפת). תקרה שנתית: 750 דולר לכלל האביזרים.
אביזרים חיוניים — השתתפות המבוטח 50%:
- תותב שד חיצוני (אם אין כיסוי ע'י משרד הבריאות)
- תותב לאיבר מין — תקרת השתתפות המבוטח 175$
- גלגל העין (אם אין כיסוי ע'י משרד הבריאות)
- עדשת סקלרלית לעין
- חגורות לשימוש בבקע מפשעתי ובדופן הבטן (אחת לשנה)
- מדרסים על פי מידה ובהזמנה מיוחדת (פעמיים בשנה)
- גרביים אלסטיות לנשים הרות ולסובלים ממחלות כלי דם (ע'פ מרשם, VARILIND)
- מכשור אורתופדי לייצוב פרקים/שברים (אחת לשנה)
- אינהלטור לחולי אסטמה או C.F כולל מכשיר אדים — תקרה 600$
- גלוקומטר ו/או דוקרן — 50%, בית מרקחת פנימי
- מכשיר למדידת לחץ דם — 50%, בית מרקחת פנימי
- פאה נוכרית (לאחר טיפול כימותרפי/אונקולוגי) — מסלול החזר 85% ועד תקרה 2,092 ₪; מסלול הסדר 250 ₪
- משקפי שמש אצל albinos — 50%, תקרה 500$
- מכשיר CPAP (לא כולל נחירה) — יינתן לשימוש החולה ע'י הקופה; מכשיר יוחזר לקופה בתום השימוש. תקרה 750$
- מכשירי שמיעה (מי שמלאו לו 18 שנים) — 1,500 ש""ח, ספק בהסדר

סעיף ב'.35 — אביזרי עזר לשמיעה:
תקופת המתנה: 3 חודשים מיום הצטרפות לתוכנית.
מבוטח 'מאוחדת שיא' זכאי לרכישת אביזרי עזר לשמיעה אצל ספק שבהסכם, באישור מוקדם של רופא א.א.ג או קלינאי תקשורת, בהשתתפות עצמית כמופיע בנספח ו' לתקנון.","כסף · PROG24 · פרק כ""ד — השתתפות בהוצאות בגין אביזרים רפואיים

סעיף 2 — המקרה המזכה:
2.1 רכישת אביזר רפואי (סעיף 5.1.1) באמצעות התחייבות, פעם בשנה, על פי הפניה מפורטת ומנומקת בכתב מרופא מומחה בקופה.
2.2 רכישת אביזר (סעיף 5.1.2) — לעמית גילאי 50–65, פעם בשנה.
2.3 רכישת אביזר (סעיף 5.1.3) — לעמית גיל 18–50 או 65+, פעם בשלוש שנים.
2.4 רכישת אביזר (סעיף 5.2) — החזרים.
2.5 רכישת אביזר (סעיף 5.3) — הנחה בבתי מרקחת הקופה (ייחודי ל""לאומית זהב"" בלבד).

סעיף 5.1 — רשימת אביזרים בהתחייבות (השתתפות עצמית לעמית ""לאומית כסף""):
• מכשיר CPAP: השתתפות עצמית 1,663 ש""ח — פעם בשנה.
• מכשיר BPAP: השתתפות עצמית 3,666 ש""ח — פעם בשנה.
• אטמי אוזניים לאחר ניתוח כפתורים (רכישה במכון שבהסדר): השתתפות עצמית 220 ש""ח.
• מערכת הגברה ושמיעה: השתתפות עצמית 731 ש""ח.
• מערכת הגברה ושמיעה מתקדמת: השתתפות עצמית 813 ש""ח.
• חגורת הריון / חגורת הריון סגירה כפולה — אין כיסוי ל""לאומית כסף"" (ייחודי ל""לאומית זהב"").

סעיף 5.2 — רשימת אביזרים בהחזרים (80% מההוצאות הממשיות, עד תקרה, לפי המפורט):
• מגביר קול לנפגעי לרינקס: תקרה 881 ש""ח, 1 בשנה.
• חבישת לחץ (JOBST): תקרה 5,426 ש""ח, 1 בשנה.
• ערכת גלילים לטיפול בוגיניסמוס: תקרה 295 ש""ח, 1 בשנה.
• התקן תוך רחמי: תקרה 74 ש""ח (נרכש אצל ספק לא הסדר), 1 בשנה.
• אטמי אוזניים לאחר ניתוח כפתורים (לא הסדר): תקרה 220 ש""ח, 1 בשנה.
• מכשיר אלקטרוני ליישור סקוליוזיס: תקרה 514 ש""ח, 1 בשנה.
• פאה לחולה אונקולוגי: תקרה 2,238 ש""ח, 1 בשנה.
• עדשת קרטוקונוס: תקרה 5,574 ש""ח (זהב), 733 ש""ח (כסף — מה שמופיע בטבלה).
(הערה: הטבלה בסעיף 5.2 מציינת את הסכומים לכסף ולזהב בעמודות נפרדות; הסכומים המלאים מצוינים לכל פריט בהתאם לכסף.)

סעיף 4 — תקופת אכשרה: 3 חודשים.

פרק כ""ה — השתתפות במימון אביזרים אורטופדיים

סעיף 2.4 — נעליים אורתופדיות בהתאמה אישית: החזר 80% (בניכוי החזר ממשרד הבריאות), עד תקרה ₪721, פעם בשנה, על פי הפניית רופא אורתופד מומחה בקופה, בתנאים מוגדרים (מחלה ראומטית עם עיוות ניכר, חולי סוכרת עם פגיעה עצבית/כיבים, כריתה חלקית של כף רגל, שיתוק שרירים).

סעיף 4 — רשימת אביזרים אורטופדיים (רשימה ב׳) — השתתפות עצמית לעמית ""לאומית כסף"" לדוגמה:
• מדרסים: גרביים אלסטיים AD/AG/AF, מדרס לפי מידת גבס (390 ש""ח), מדרס רב-שכבתי (390 ש""ח), מדרס ביו-מכני (390 ש""ח), מדרס גרפיט (368 ש""ח).
• תקרה לגרביים אלסטיים — 136 ש""ח (כסף).

סעיף 5 — תקופת אכשרה: 3 חודשים.

זהב · PROG25 · פרק כ""ד — השתתפות בהוצאות בגין אביזרים רפואיים

סעיף 2 — המקרה המזכה: זהה לכסף (סעיפים 2.1–2.4), בתוספת:
2.5 רכישת אביזר (סעיף 5.3) — הנחה בבתי מרקחת הקופה (זכות ייחודית ל""לאומית זהב"").

סעיף 5.1 — רשימת אביזרים בהתחייבות (השתתפות עצמית לעמית ""לאומית זהב"" — נמוכה מ""כסף""):
• מכשיר CPAP: השתתפות עצמית 1,083 ש""ח — פעם בשנה. (ניתן לשדרג ל-CPAP אוטומטי בתוספת 1,844 ש""ח.)
• מכשיר BPAP: השתתפות עצמית 1,759 ש""ח — פעם בשנה.
• אטמי אוזניים לאחר ניתוח כפתורים: השתתפות עצמית 74 ש""ח.
• מערכת הגברה ושמיעה: השתתפות עצמית 296 ש""ח.
• מערכת הגברה ושמיעה מתקדמת: השתתפות עצמית 436 ש""ח.
• חגורת הריון: השתתפות עצמית ₪166; חגורת הריון סגירה כפולה: ₪308 — פעם בהריון (ייחודי ל""לאומית זהב"").

סעיף 5.2 — רשימת אביזרים בהחזרים (80% מההוצאות הממשיות, עד תקרה גבוהה יותר מ""כסף""):
• מגביר קול לנפגעי לרינקס: תקרה 881 ש""ח, 1 בשנה.
• חבישת לחץ (JOBST): תקרה 5,867 ש""ח, 1 בשנה.
• ערכת גלילים לטיפול בוגיניסמוס: תקרה 840 ש""ח, 1 בשנה.
• התקן תוך רחמי: תקרה 146 ש""ח, 1 בשנה.
• אטמי אוזניים: תקרה 220 ש""ח, 1 בשנה.
• מכשיר אלקטרוני ליישור סקוליוזיס: תקרה 1,348 ש""ח, 2 בשנה.
• פאה לחולה אונקולוגי: תקרה 5,574 ש""ח, 1 בשנה.
• עדשת קרטוקונוס: תקרה 1,866 ש""ח, 1 בשנה.

סעיף 5.3 — הנחות בבתי מרקחת (ייחודי ל""לאומית זהב""):
• משאבת הנקה ידנית: ₪99–₪142 (לפי דגם), 1 בהיריון.
• משאבת הנקה חשמלית: ₪352–₪540 (לפי דגם), 1 בהיריון.
• משקל אלקטרוני למבוגר: 73% הנחה, 1 בתקופת הסכם.
• מכשיר למדידת סוכר: 60% הנחה, 1 בשנה.
• מד לחץ דם: 35% הנחה, 1 בשנה. מד לחץ דם אוטומטי: 50% הנחה, 1 בשנה.
• מד חום כספית: 56% הנחה; מד חום דיגיטלי: 35% הנחה; מד חום דיגיטלי גמיש: 40% הנחה.
• מכשיר אינהלציה: 63% הנחה (1 בשנה בכפוף למרשם רופא).
ורשימת פריטים נוספים (ראו סעיף 5.3 בהסכם).

סעיף 4 — תקופת אכשרה: 3 חודשים.

פרק כ""ה — השתתפות במימון אביזרים אורטופדיים

סעיף 2.4 — נעליים אורתופדיות בהתאמה אישית: החזר 80% (בניכוי החזר ממשרד הבריאות), עד תקרה ₪721, פעם בשנה — תנאי הזכאות זהים לכסף.

סעיף 4 — רשימת אביזרים אורטופדיים (רשימה ב׳) — השתתפות עצמית לעמית ""לאומית זהב"":
• תקרה לגרביים אלסטיים — 65 ש""ח.
• מדרס לפי מידת גבס: 65 ש""ח; מדרס רב-שכבתי: 65 ש""ח; מדרס ביו-מכני: 65 ש""ח; מדרס גרפיט: 65 ש""ח.
(רשימה ב׳ — אביזרים אורטופדיים: ההשתתפות העצמית לזהב נמוכה באופן מהותי לעומת כסף.)

סעיף 5 — תקופת אכשרה: 3 חודשים.",לאומית זהב,
777,אביזרים רפואיים ומכשור,,מכשיר CPAP/BPAP לדום נשימה בשינה,"כלל מבוטחי השב""ן בקופות החולים (לפי תוכנית והקופה)","הטבת שב""ן בנושא מכשיר CPAP/BPAP לדום נשימה בשינה","החזר/הטבה למכשיר CPAP/BPAP לדום נשימה בשינה בין 512 ל-3,666 ₪","זהב · PROG09 · החזר 75% מהוצאות רכישת מכשיר CPAP מרכישה פרטית (שלא דרך ספק הסדר של הסל הבסיסי), עד תקרה של ₪1,948. כפוף לאישור רופא הכללית. מעבר לזכאות בסל הבסיסי. מקור: תקנון כללית מושלם זהב, פרק ה' סעיף 49.

פלטינום · PROG10 · אין מידע — מומלץ לבדוק. תקנון מושלם פלטינום אינו מזכיר מכשיר CPAP או BPAP. מקור: תקנון כללית מושלם פלטינום.","כסף · PROG14 · אין מידע — מומלץ לבדוק. מקור: תקנון מכבי כסף

זהב · PROG15 · נספח ב' פריט 7 — מסיכת C-PAP למניעת דום נשימה בשינה (לא לנחירה בלבד). השתתפות עצמית ₪512–₪668 (גובה ההשתתפות צמוד לשער הדולר). זכאות אחת ל-3 שנים. מקור: תקנון מכבי זהב נספח ב' פריט 7

שלי · PROG16 · אין מידע — מומלץ לבדוק. מקור: תקנון מכבי שלי","עדיף · PROG19 · אין מידע — מומלץ לבדוק. תקנון מאוחדת עדיף אינו כולל סעיף ייחודי לרכישת מכשיר CPAP/BPAP לדום נשימה בשינה. מקור: תקנון מאוחדת עדיף.

שיא · PROG20 · אין מידע — מומלץ לבדוק. תקנון מאוחדת שיא אינו כולל סעיף ייחודי לרכישת מכשיר CPAP/BPAP. מקור: תקנון מאוחדת שיא.","כסף · PROG24 · כיסוי: הקופה משלמת ישירות למכון שבהסדר, בכפוף לתשלום השתתפות עצמית. CPAP: ₪1,663 השת""ע לרכישה. BPAP: ₪3,666 השת""ע לרכישה. אחת לשנה לכל מכשיר. שדרוג ל-CPAP אוטומטי: תוספת השת""ע ₪1,844. מכשיר הנרכש ייחשב ככולל את כיסוי הסל הבסיסי. הפניה נדרשת מרופא מומחה בקופה. אכשרה: 3 חודשים. אישור מראש: הפניה מנומקת בכתב מרופא מומחה. מקור: תקנון לאומית כסף, פרק כ""ד סעיף 5.1.

זהב · PROG25 · כיסוי: הקופה משלמת ישירות למכון שבהסדר, בכפוף לתשלום השתתפות עצמית נמוכה יותר מכסף. CPAP: ₪1,083 השת""ע לרכישה (חיסכון של ₪580 לעומת כסף). BPAP: ₪1,759 השת""ע לרכישה (חיסכון משמעותי לעומת כסף). אחת לשנה לכל מכשיר. שדרוג ל-CPAP אוטומטי: תוספת השת""ע ₪1,844 (זהה לכסף). הפניה מרופא מומחה נדרשת. אכשרה: 3 חודשים. אישור מראש: הפניה מנומקת בכתב מרופא מומחה. מקור: תקנון לאומית זהב, פרק כ""ד סעיף 5.1.",כללית מושלם זהב,
778,אביזרים רפואיים ומכשור,,אביזרי ראייה מיוחדים (קרטוקונוס/כבדי ראייה),"כלל מבוטחי השב""ן בקופות החולים (לפי תוכנית והקופה)","הטבת שב""ן בנושא אביזרי ראייה מיוחדים (קרטוקונוס/כבדי ראייה)","החזר/הטבה לאביזרי ראייה מיוחדים (קרטוקונוס/כבדי ראייה) בין 560 ל-10,000 ₪","זהב · PROG09 · עדשות מגע לחולי קרטוקונוס מגיל 18: השתתפות 75% עד ₪1,209 לכל עין, פעם בשנה קלנדרית. אביזר סיוע לכבדי ראייה/עיוורים (אביזר להקראה/זיהוי) שנכלל בהסכם, לבעלי תעודת עיוור/כבדות ראייה מגיל 18: עד ₪8,000, פעם בשנתיים קלנדריות; אכשרה: 6 חודשים; נדרש אישור מראש של המנהל הרפואי של כללית מושלם. מקור: תקנון כללית מושלם זהב (נספח א', סעיף 41).

פלטינום · PROG10 · אין כיסוי ייחודי לקרטוקונוס או לאביזרי סיוע לכבדי ראייה מעבר לכיסוי הכללי למשקפי ראייה ועדשות מגע אופטיות (לא קוסמטיות) לדגמים שאושרו: למשקפיים/עדשות עד ₪600 — השתתפות עצמית ₪40; מעל ₪600 — הנחה של ₪560; פעם בשנה קלנדרית לעמית מגיל 8; אכשרה: 3 חודשים. אין מידע על כיסוי ייחודי לקרטוקונוס או אביזרי עיוורים — מומלץ לבדוק. מקור: תקנון כללית מושלם פלטינום (פרק ח', סעיף 5).","כסף · PROG14 · כיסוי לעדשות מגע/משקפיים לקרטוקונוס מגיל 18; קוצר/רוחק/אסטיגמטיזם ≥7 דיופטר מגיל 8; עדשות לריפוי קרנית; משקפיים טלסקופיים/מקרוסקופיים מגיל 18 (חדות ≤6/20). השתתפות לפי דגם אצל ספק בהסכם. פעם בשנה. ללא כפל עם מכבי שלי. אין תקופת המתנה מפורשת לאביזרים אלו. מקור: תקנון מכבי כסף, נספח ג'.

זהב · PROG15 · כיסוי לקרטוקונוס מגיל 18; קוצר ראייה/אסטיגמטיזם ≥7 דיופטר מגיל 8; רוחק ראייה ≥5 דיופטר עד גיל 10 ו-≥7 מגיל 10; עדשות לריפוי קרנית; משקפיים טלסקופיים מגיל 18. בנוסף: אביזר עזר דיגיטלי אישי לבעלי תעודת עוור — ₪8,000 (ללא זיהוי תמונה) / ₪10,000 (עם זיהוי תמונה); משקפיים לילדים גיל 8–18 עד ₪600 ליחידה. השתתפות לפי דגם. פעם בשנה. ללא כפל עם מכבי שלי. מקור: תקנון מכבי זהב, נספח ג' (מעודכן 1.2.2026).

שלי · PROG16 · אין כיסוי ייחודי לקרטוקונוס/כבדי ראייה במכבי שלי — נציין כי בתקנון מכבי זהב מצוין במפורש שאין כפל הטבות בתחום האופטיקה בין מכבי זהב/כסף לבין מכבי שלי. אין מידע — מומלץ לבדוק. מקור: תקנון מכבי שלי.","עדיף · PROG19 · נספח ה' לתקנון מאוחדת עדיף: אביזר סיוע לכבדי ראייה (אביזר להקראה / לזיהוי והקראה) — למבוטחים מעל גיל 18 בעלי תעודת עיוור/כבדות ראייה. ההשתתפות העצמית של המבוטח: 50% ממחיר האביזר. תקרת השתתפות הקופה: עד ₪7,500 לאביזר להקראה, עד ₪9,500 לאביזר לזיהוי והקראה. זכאות אחת לשנתיים לאביזר אחד מבין השניים. כיסוי לעדשות מגע: אינו כולל עדשות מגע לקרטוקונוס במפורש — אין מידע — מומלץ לבדוק. אישור מראש: כן, על פי המלצת רופא ואישור הקופה. מקור: תקנון מאוחדת עדיף, נספח ה'.

שיא · PROG20 · נספח ה' לתקנון מאוחדת שיא (זהה לנספח ה' של מאוחדת עדיף, חל על שני המסלולים): אביזר סיוע לכבדי ראייה (אביזר להקראה / לזיהוי והקראה) — למבוטחים מעל גיל 18 בעלי תעודת עיוור/כבדות ראייה. ההשתתפות העצמית: 50%. תקרת השתתפות הקופה: עד ₪7,500 / ₪9,500 בהתאם לסוג האביזר. זכאות אחת לשנתיים. כיסוי לעדשות מגע לקרטוקונוס: אין מידע — מומלץ לבדוק. אישור מראש: כן. מקור: תקנון מאוחדת שיא, נספח ה'.","כסף · PROG24 · עדשת קרטוקונוס — השתתפות עצמית: כיסוי 80% מהעלות עד תקרה של ₪942 לאביזר; עד 2 אביזרים בשנה. הכיסוי כולל את זכאות סל הבריאות (מסומן *). אין הפרדה לכבדי ראייה/עיוורים כנושא עצמאי — אין כיסוי ספציפי לאביזרי הקראה/זיהוי לבעלי תעודת עיוור בתקנון זה. | אכשרה: 3 חודשים (פרק כ""ד — אביזרים רפואיים). | אישור מראש: לא נדרש במפורש לאביזרים ברשימה. | מקור: תקנון לאומית כסף, פרק כ""ד סעיף 5.2.

זהב · PROG25 · עדשת קרטוקונוס — השתתפות עצמית: כיסוי 80% מהעלות עד תקרה של ₪1,348 לאביזר; עד 2 אביזרים בשנה. הכיסוי כולל את זכאות סל הבריאות (מסומן *). אין הפרדה לכבדי ראייה/עיוורים כנושא עצמאי — אין כיסוי ספציפי לאביזרי הקראה/זיהוי לבעלי תעודת עיוור בתקנון זה. | אכשרה: 3 חודשים (פרק כ""ד — אביזרים רפואיים). | אישור מראש: לא נדרש במפורש לאביזרים ברשימה. | מקור: תקנון לאומית זהב, פרק כ""ד סעיף 5.2.",טעון השוואה פרטנית,
779,אביזרים רפואיים ומכשור,,אביזרים רפואיים ביתיים נוספים (TENS/לחץ דם/אינהלציה/סטורציה/דופק),"כלל מבוטחי השב""ן בקופות החולים (לפי תוכנית והקופה)",נספח ב' — החזר 83% מהעלות עד תקרה: מכשיר אינהלציה ₪138.61 (אחת ל-3 שנים); מכשיר לחץ דם ₪159.70 (אחת ל-3 שנים); מכשיר לבדיקת סוכר ₪108.48 (אחת ל-3 שנים); סנסור ניטור רציף סוכר ₪128 ,"החזר/הטבה לאביזרים רפואיים ביתיים נוספים (TENS/לחץ דם/אינהלציה/סטורציה/דופק) בין 57 ל-5,030 ₪","זהב · PROG09 · מכשיר TENS לשיכוך כאבים (פרוטנס, פרימה טנס, טנס דיגיטלי סנסורי, טצ'טנס): 23% עד ₪5,030, פעם בשנה קלנדרית; אכשרה: 6 חודשים. מכשיר לחץ דם ביתי (מיקרולייף, רוזמקס, פארמה מדיק, אומרון MX3, אומרון M4-1): השתתפות עצמית ₪149–₪275 לפי דגם, פעם ב-3 שנים; אכשרה: 3 חודשים. מכשיר אינהלציה ביתי (וויאז', נביסול, דגם לילדים 3008, מיני): השתתפות עצמית ₪57–₪104 לפי דגם, פעם ב-3 שנים; אכשרה: 6 חודשים. מד סטורציה לניטור חמצן בדם: השתתפות עצמית ₪99 (לעמית במשקל מעל 40 ק""ג). שעון דופק וכושר (POLAR FS2C, TRIAX C3, IMARA): השתתפות עצמית ₪190–₪340 לפי דגם, פעם ב-3 שנים; אכשרה: 3 חודשים. אביזר APOS (ביומכאני ננעל לתיקון תנועה ויציבה): השתתפות עצמית ₪1,750 במכוני הסדר, פעם אחת בכל תקופות החברות; אכשרה: 3 חודשים. חבישות לחץ על פי צורך רפואי: 23% עד ₪5,030, פעם בשנה קלנדרית; אכשרה: 6 חודשים. השאלת סטימולטור לטיפול בבריחת שתן: ₪360 לחודש לתקופה של 3 חודשים ברציפות. מקור: תקנון כללית מושלם זהב (נספח א', סעיף 45).

פלטינום · PROG10 · אין מידע — מומלץ לבדוק. הנושאים (TENS, לחץ דם, אינהלציה, סטורציה, דופק, APOS, חבישות לחץ, סטימולטור) לא מופיעים בתקנון הפלטינום (שהינו תוספת מעל זהב); ייתכן שהכיסוי מזהב נשמר — מומלץ לברר מול כללית מושלם. מקור: תקנון כללית מושלם פלטינום.","כסף · PROG14 · נספח ב' — החזר 33% מהעלות בפועל עד תקרה: מכשיר אינהלציה ₪320.91 (אחת ל-3 שנים); מכשיר לחץ דם ₪325.43; מכשיר לבדיקת סוכר ₪465.55. לא נמצא כיסוי ל-TENS, מד דופק או מד סטורציה. תקופת המתנה 12 חודשים. מקור: תקנון מכבי כסף, §14 ונספח ב'.

זהב · PROG15 · נספח ב' — החזר 83% מהעלות עד תקרה: מכשיר אינהלציה ₪138.61 (אחת ל-3 שנים); מכשיר לחץ דם ₪159.70 (אחת ל-3 שנים); מכשיר לבדיקת סוכר ₪108.48 (אחת ל-3 שנים); סנסור ניטור רציף סוכר ₪128 (לנשים הריוניות). לא נמצא כיסוי ל-TENS, מד דופק או מד סטורציה בתקנון. תקופת המתנה 12 חודשים. מקור: תקנון מכבי זהב, §16 ונספח ב'.

שלי · PROG16 · אין מידע על TENS, מד דופק, מד סטורציה בתקנון מכבי שלי — מומלץ לבדוק. מקור: תקנון מכבי שלי.","עדיף · PROG19 · נספח ה' לתקנון מאוחדת עדיף: (א) מכשיר לחץ דם — השתתפות עצמית 50% ממחיר הרכישה, בבית מרקחת פנימי בלבד; (ב) אינהלטור לחולי אסטמה או CF כולל מכשיר אדים (בהמלצת רופא ריאות) — השתתפות עצמית 50%, תקרת השתתפות קופה $600; (ג) TENS — אין מידע מפורש — מומלץ לבדוק; (ד) מד סטורציה — אין מידע מפורש — מומלץ לבדוק; (ה) שעון דופק — אין מידע מפורש — מומלץ לבדוק. סכום מרבי כולל לאביזרים רפואיים: $750 לשנה. אכשרה: 3 חודשים. אישור מראש: כן, על פי המלצת רופא. מקור: תקנון מאוחדת עדיף, סעיף 14 ונספח ה'.

שיא · PROG20 · נספח ה' לתקנון מאוחדת שיא (זהה לרשימת האביזרים של מאוחדת עדיף, חל על שני המסלולים): מכשיר לחץ דם — 50%, בבית מרקחת פנימי בלבד; אינהלטור (אסטמה/CF) — 50%, תקרה $600; TENS, מד סטורציה, שעון דופק — אין מידע מפורש — מומלץ לבדוק. תקרה שנתית כוללת: $750. אכשרה: 3 חודשים. אישור מראש: כן. מקור: תקנון מאוחדת שיא, נספח ה'.","כסף · PROG24 · אביזרים רפואיים — כיסוי 80% מעלות האביזר עד תקרה כמפורט ברשימה לכל אביזר. תקנון לאומית כסף אינו מפרט בנפרד מכשירי TENS, לחץ דם, אינהלציה, סטורציה ודופק ברשימת ההחזרים של סעיף 5.2 — נושאים אלה כלולים ברשימת אביזרים בספקי הסדר בלבד (כאמור בסעיף 5.1 הכללי). לאביזרים ברשימת הסדר: החזר 80% עד תקרה למכשיר כמפורט ברשימה. לתכנית כסף אין רשימת אביזרים בהנחה בבתי מרקחת הקופה (הנחה זו ייחודית לזהב). | אכשרה: 3 חודשים. | אישור מראש: אין מידע — מומלץ לבדוק. | מקור: תקנון לאומית כסף, פרק כ""ד.

זהב · PROG25 · אביזרים רפואיים — כיסוי 80% מעלות האביזר עד תקרה גבוהה יותר מזו של כסף, כמפורט ברשימה. בנוסף: רשימת אביזרים בהנחה בבתי מרקחת הקופה (ייחודית לזהב), הכוללת בין היתר: משאבת הנקה ידנית (₪99/₪142), משאבת הנקה חשמלית (₪352/₪540), משקל אלקטרוני למבוגר (73% הנחה) ועוד. אביזרי TENS, לחץ דם, אינהלציה ודופק — אין מידע — מומלץ לבדוק ברשימת הסדר המלאה. | אכשרה: 3 חודשים. | אישור מראש: אין מידע — מומלץ לבדוק. | מקור: תקנון לאומית זהב, פרק כ""ד סעיפים 5.1 ו-5.3.",מכבי זהב,
780,אביזרים רפואיים ומכשור,,מגבר קול לנפגעי לרינקס,"כלל מבוטחי השב""ן בקופות החולים (לפי תוכנית והקופה)","הטבת שב""ן בנושא מגבר קול לנפגעי לרינקס","החזר/הטבה למגבר קול לנפגעי לרינקס בין 881 ל-5,867 ₪","זהב · PROG09 · אין מידע — מומלץ לבדוק

פלטינום · PROG10 · אין מידע — מומלץ לבדוק","כסף · PROG14 · אין מידע — מומלץ לבדוק

זהב · PROG15 · אין מידע — מומלץ לבדוק

שלי · PROG16 · אין מידע — מומלץ לבדוק","עדיף · PROG19 · מכוסה — נספח ה׳, אביזרים רפואיים חיוניים (עמ׳ 58 תקנון עדיף): מגביר קול לנפגעי לרינקס — השתתפות המבוטח 50%, תקרת השתתפות הקופה $80, ספק בהסכם.

שיא · PROG20 · מכוסה — נספח ה׳, אביזרים רפואיים חיוניים (עמ׳ 48 תקנון שיא): מגביר קול לנפגעי לרינקס — השתתפות המבוטח 50%, תקרת השתתפות הקופה $80, ספק בהסכם.","כסף · PROG24 · פרק כ""ד ס' 5.2 — מגביר קול לנפגעי לרינקס: שיפוי מרבי ₪881 למקרה (80% מהוצאות בפועל), 1 אביזר בשנה; בהפניית רופא מומחה קופה

זהב · PROG25 · פרק כ""ד ס' 5.2 — מגביר קול לנפגעי לרינקס: שיפוי מרבי ₪5,867 למקרה (80% מהוצאות בפועל), 1 אביזר בשנה; בהפניית רופא מומחה קופה",טעון השוואה פרטנית,
781,אביזרים רפואיים ומכשור,,אביזר APOS לתיקון תנועה ויציבה (כאבי ברכיים),"כלל מבוטחי השב""ן בקופות החולים (לפי תוכנית והקופה)","הטבת שב""ן בנושא אביזר APOS לתיקון תנועה ויציבה (כאבי ברכיים)","החזר/הטבה לאביזר APOS לתיקון תנועה ויציבה (כאבי ברכיים) בין 1,750 ל-3,104 ₪","זהב · PROG09 · מכוסה — פרק ה' סעיף 45 — טיפול לשיפור יציבה, הליכה והפחתת כאב ברכיים; השתתפות עצמית ₪1,750 במכוני הסדר; פעם אחת בכל תקופות החברות בתכנית; תקופת אכשרה 3 חודשים

פלטינום · PROG10 · ככל כללית מושלם זהב — פלטינום אינו מוסיף כיסוי מפורש לנושא זה","כסף · PROG14 · אין מידע — מומלץ לבדוק

זהב · PROG15 · נספח ב' סעיף 6 — נעלי אפוס: רכישה מספק בהסכם בתשלום השתתפות עצמית ₪3,103.66; זכאות אחת לשלוש שנים.

שלי · PROG16 · אין מידע — מומלץ לבדוק","עדיף · PROG19 · אין מידע — מומלץ לבדוק

שיא · PROG20 · אין מידע — מומלץ לבדוק","כסף · PROG24 · אין מידע — מומלץ לבדוק

זהב · PROG25 · אין מידע — מומלץ לבדוק",טעון השוואה פרטנית,
782,אביזרים רפואיים ומכשור,,אביזר לפיום קנה (לחולים עם טרכיאוטומיה),"כלל מבוטחי השב""ן בקופות החולים (לפי תוכנית והקופה)","הטבת שב""ן בנושא אביזר לפיום קנה (לחולים עם טרכיאוטומיה)",,"זהב · PROG09 · אין מידע — מומלץ לבדוק

פלטינום · PROG10 · אין מידע — מומלץ לבדוק","כסף · PROG14 · אין מידע — מומלץ לבדוק

זהב · PROG15 · אין מידע — מומלץ לבדוק

שלי · PROG16 · אין מידע — מומלץ לבדוק","עדיף · PROG19 · מכוסה — נספח ה׳, אביזרים רפואיים חיוניים (עמ׳ 59 תקנון עדיף): אביזר שבשימוש חולים עם פיום הקנה להבטחת זרימת אוויר תקינה לריאות — השתתפות המבוטח 50%, בית מרקחת פנימי.

שיא · PROG20 · מכוסה — נספח ה׳, אביזרים רפואיים חיוניים (עמ׳ 48–49 תקנון שיא): אביזר שבשימוש חולים עם פיום הקנה להבטחת זרימת אוויר תקינה לריאות — השתתפות המבוטח 50%, בית מרקחת פנימי.","כסף · PROG24 · אין מידע — מומלץ לבדוק

זהב · PROG25 · אין מידע — מומלץ לבדוק",טעון השוואה פרטנית,
783,אביזרים רפואיים ומכשור,,אביזר עזר דיגיטלי לביש למחזיקי תעודת עיוור,"כלל מבוטחי השב""ן בקופות החולים (לפי תוכנית והקופה)","נספח ג' סעיף 4 (תקנון מכבי זהב) — אביזר עזר דיגיטלי לביש עם מצלמה ורמקול לבעלי תעודת עוור ממשרד הבריאות: ללא זיהוי תמונה — השתתפות עצמית ₪8,000; כולל זיהוי תמונה — השתתפות עצמית ₪1","החזר/הטבה לאביזר עזר דיגיטלי לביש למחזיקי תעודת עיוור בין 8,000 ל-10,000 ₪","זהב · PROG09 · אין מידע — מומלץ לבדוק (בפרק ה' סעיף 44 מוזכרים אביזרי סיוע לכבדי ראייה — אביזר להקראה ואביזר לזיהוי והקראה, אך אביזר דיגיטלי לביש כתמונה/מצלמה/רמקול אינו מפורש בתקנון)

פלטינום · PROG10 · אין מידע — מומלץ לבדוק","כסף · PROG14 · אין מידע — מומלץ לבדוק

זהב · PROG15 · נספח ג' סעיף 4 (תקנון מכבי זהב) — אביזר עזר דיגיטלי לביש עם מצלמה ורמקול לבעלי תעודת עוור ממשרד הבריאות: ללא זיהוי תמונה — השתתפות עצמית ₪8,000; כולל זיהוי תמונה — השתתפות עצמית ₪10,000 ש""ח. רכישה בספק בהסכם; זכאות אחת בשנה.

שלי · PROG16 · אין מידע — מומלץ לבדוק","עדיף · PROG19 · אין מידע — מומלץ לבדוק

שיא · PROG20 · אין מידע — מומלץ לבדוק","כסף · PROG24 · אין מידע — מומלץ לבדוק

זהב · PROG25 · אין מידע — מומלץ לבדוק",מכבי זהב,
784,אביזרים רפואיים ומכשור,,"אביזרי עזר לשמיעה (מגברי טלוויזיה, שעוני מעורר רטט, מגברי דלת)","כלל מבוטחי השב""ן בקופות החולים (לפי תוכנית והקופה)","הטבת שב""ן בנושא אביזרי עזר לשמיעה (מגברי טלוויזיה, שעוני מעורר רטט, מגברי דלת)","החזר/הטבה לאביזרי עזר לשמיעה (מגברי טלוויזיה, שעוני מעורר רטט, מגברי דלת) עד 1,084 ₪","זהב · PROG09 · מכוסה — פרק ה' סעיף 41 + נספח ה' — השתתפות ברכישת אביזרי עזר לשמיעה במכוני הסדר; 75% מהעלות עד ₪1,084; פעם בשנה; לעמית מעל גיל 18 לפי קביעת רופא לשמיעה/קלינאי תקשורת; כולל: מגברי טלוויזיה (TV Aid, MAGNA EasyTek, Smart Connect XEN, StreamLine TV XL40), מגבר דלת (VisuTone, Listenor Pro, CL2), שעון מעורר (Wake n Shake, SmartShaker 2, Crescendo, VC-10), מגבר אישי (PocketTalker, SW-902, TVB+), מגבר טלפון ועוד

פלטינום · PROG10 · ככל כללית מושלם זהב — פלטינום אינו מוסיף כיסוי מפורש לנושא זה","כסף · PROG14 · נספח ב' סעיף 5 (תקנון מכבי כסף) — אביזר עזר לשמיעה: באישור מוקדם של קלינאית תקשורת מחוזית; השתתפות עצמית לפי דגם הנבחר; זכאות אחת לשנה; רכישה בספק בהסכם.

זהב · PROG15 · נספח ב' סעיף 8 (תקנון מכבי זהב) — אביזר עזר לשמיעה: באישור מוקדם של קלינאית תקשורת מחוזית; השתתפות עצמית לפי דגם הנבחר; זכאות אחת לשנתיים; רכישה בספק בהסכם.

שלי · PROG16 · אין מידע — מומלץ לבדוק","עדיף · PROG19 · אין מידע — מומלץ לבדוק

שיא · PROG20 · אין מידע — מומלץ לבדוק","כסף · PROG24 · אין מידע — מומלץ לבדוק

זהב · PROG25 · אין מידע — מומלץ לבדוק",כללית מושלם זהב,
785,אביזרים רפואיים ומכשור,,"אביזרי עזר לשמיעה — קבוצה א׳: אוזניות אלחוטיות לטלוויזיה, מגבר אישי, מערכת התראה","כלל מבוטחי השב""ן בקופות החולים (לפי תוכנית והקופה)","הטבת שב""ן בנושא אביזרי עזר לשמיעה — קבוצה א׳: אוזניות אלחוטיות לטלוויזיה, מגבר אישי, מערכת התראה","החזר/הטבה לאביזרי עזר לשמיעה — קבוצה א׳: אוזניות אלחוטיות לטלוויזיה, מגבר אישי, מערכת התראה בין 147 ל-545 ₪","זהב · PROG09 · אין מידע — מומלץ לבדוק (הנושא מוגדר בתקנון מכבי/מאוחדת; בכללית מושלם זהב מכוסים אביזרי עזר לשמיעה בנספח ה' בקטגוריות שונות — ראו נושא ""אביזרי עזר לשמיעה (מגברי טלוויזיה...)"" — אך לא בחלוקה לקבוצות א'/ב')

פלטינום · PROG10 · אין מידע — מומלץ לבדוק","כסף · PROG14 · נספח ב' סעיף 5 (תקנון מכבי כסף) — אביזר עזר לשמיעה: באישור מוקדם של קלינאית תקשורת מחוזית; השתתפות עצמית לפי דגם הנבחר; זכאות אחת לשנה.

זהב · PROG15 · נספח ב' סעיף 8 (תקנון מכבי זהב) — אביזר עזר לשמיעה: באישור מוקדם של קלינאית תקשורת מחוזית; השתתפות עצמית לפי דגם הנבחר; זכאות אחת לשנתיים.

שלי · PROG16 · אין מידע — מומלץ לבדוק","עדיף · PROG19 · מכוסה — נספח ו׳, קבוצה א׳ (עמ׳ 59 תקנון עדיף): אוזניות אלחוטיות לטלוויזיה — השתתפות עצמית ₪493.50; מגבר אישי — השתתפות עצמית ₪515.50; מערכת התראה — השתתפות עצמית ₪545. זכאות לאחד מהאביזרים אחת לשתי שנות חברות. ספק שבהסכם בלבד. מחירים נכונים ל-1.1.2026.

שיא · PROG20 · מכוסה — נספח ו׳, קבוצה א׳ (עמ׳ 50 תקנון שיא): אוזניות אלחוטיות לטלוויזיה — השתתפות עצמית ₪147; מגבר אישי — השתתפות עצמית ₪147; מערכת התראה — השתתפות עצמית ₪221. זכאות לאחד מקבוצה א׳ ואחד מקבוצה ב׳ אחת לשתי שנות חברות. ספק שבהסכם בלבד. מחירים נכונים ל-1.1.2026.","כסף · PROG24 · אין מידע — מומלץ לבדוק

זהב · PROG25 · אין מידע — מומלץ לבדוק",טעון השוואה פרטנית,
786,אביזרים רפואיים ומכשור,,"אביזרים אורטופדיים — תמיכות, חבקים וגרביים רפואיות (Uriel, Venotrain)","כלל מבוטחי השב""ן בקופות החולים (לפי תוכנית והקופה)","הטבת שב""ן בנושא אביזרים אורטופדיים — תמיכות, חבקים וגרביים רפואיות (Uriel, Venotrain)","החזר/הטבה לאביזרים אורטופדיים — תמיכות, חבקים וגרביים רפואיות (Uriel, Venotrain) עד 400 ₪","זהב · PROG09 · מכוסה — פרק ה' סעיף 44 + נספח א' — אביזרים רפואיים אורטופדיים במכוני הסדר; עד 2 אביזרים בשנה קלנדרית מכל קבוצת איברים (אביזר שלישי ומעלה — אישור מראש נדרש); לפי קביעת אורטופד מומחה + סיכום ניתוח/אשפוז; כולל: URIEL ST11 (חגורת גב), ST20/ST25 (חבקי יד), ST27 (סד יד), ST28 (סד אגודלי), ST37 (חבק קרסול), ST422 (תומך ברך+סיליקון), ST91/ST95 (מרפק), Uriel 35 (מגן קרסול), Uriel 45 (מגן ברך), Uriel 61 (צוארון), VENOTRAIN L1/L2/M2/XL1/XL2/2L (גרבי לחץ מגוונות); מדרסים — ₪400 לזוג, פעם בשנתיים קלנדריות

פלטינום · PROG10 · ככל כללית מושלם זהב — פלטינום אינו מוסיף כיסוי מפורש לנושא זה","כסף · PROG14 · נספח ב' סעיף 8 (תקנון מכבי כסף) — אביזרים אורתופדים (רכישה בספק בהסכם): חגורות גב, חגורת שבר לצלעות, מגנים לגפיים, צווארון (רך/פלסטיק/קשיח), חגורת בטן, חגורת הריון, גרביים אלסטיים (2 זוגות בשנה), חגורת גב מוכנה, חגורת גב חצי מוכנה, צווארון SOMI; השתתפות עצמית לפי סוג האביזר (ראה רשימה באתר מכבי); זכאות אחת לשנה (למעט גרביים אלסטיים — 2 זוגות בשנה).

זהב · PROG15 · נספח ב' סעיף 11 (תקנון מכבי זהב) — אביזרים אורתופדיים וכירורגיים (רכישה בספק בהסכם): חגורת גב למבוגר מגיל 18, חגורת שבר לצלעות, מגנים לגפיים, צווארון רך/פלסטיק/קשיח, חגורת בטן, חגורת הריון, גרביים אלסטיים (2 זוגות בשנה), חגורת גב מוכנה, חגורת גב חצי מוכנה, צווארון SOMI; השתתפות עצמית לפי סוג האביזר; זכאות אחת לשנה (למעט גרביים — 2 זוגות).

שלי · PROG16 · אין מידע — מומלץ לבדוק","עדיף · PROG19 · אין מידע — מומלץ לבדוק

שיא · PROG20 · אין מידע — מומלץ לבדוק","כסף · PROG24 · אין מידע — מומלץ לבדוק

זהב · PROG25 · אין מידע — מומלץ לבדוק",טעון השוואה פרטנית,
787,אביזרים רפואיים ומכשור,,אינהלטור לחולי אסטמה/CF כולל מכשיר אדים,"כלל מבוטחי השב""ן בקופות החולים (לפי תוכנית והקופה)","הטבת שב""ן בנושא אינהלטור לחולי אסטמה/CF כולל מכשיר אדים",החזר/הטבה לאינהלטור לחולי אסטמה/CF כולל מכשיר אדים בין 57 ל-321 ₪,"זהב · PROG09 · מכוסה חלקית — נספח א' — מכשיר אינהלציה (ללא מכשיר אדים נפרד): 50% עד ₪288 החזר; השתתפות עצמית ₪57–₪171 בהתאם לדגם (וויאז', נביסול, דגם 3008 לילדים, מיני); פעם ב-3 שנים; תקופת אכשרה 6 חודשים; מכשיר אדים כמוצר נפרד אינו מופיע מפורשות

פלטינום · PROG10 · ככל כללית מושלם זהב — פלטינום אינו מוסיף כיסוי מפורש לנושא זה","כסף · PROG14 · נספח ב' סעיף 2 (תקנון מכבי כסף) — מכשירי אינהלציה: מכשיר אינהלציה אישי או אביזר להקלה בנשימה — אירוצ'מבר/מולטיספייסר (זכאות ל-2 מכשירים לילד עד גיל 3 בלבד בכפוף לאישור רפואי); השתתפות עצמית ₪320.91; זכאות אחת לשלוש שנים; רכישה בספק בהסכם.

זהב · PROG15 · נספח ב' סעיף 2 (תקנון מכבי זהב) — מכשירי אינהלציה: מכשיר אינהלציה אישי או אביזר להקלה בנשימה — אירוצ'מבר/מולטיספייסר (זכאות ל-2 מכשירים לילד עד גיל 3 בלבד בכפוף לאישור רפואי); השתתפות עצמית ₪138.61; זכאות אחת לשלוש שנים; רכישה בספק בהסכם.

שלי · PROG16 · אין מידע — מומלץ לבדוק","עדיף · PROG19 · מכוסה — נספח ה׳, אביזרים רפואיים חיוניים (עמ׳ 57 תקנון עדיף): אינהלטור לחולי אסטמה או CF כולל מכשיר אדים (בהמלצת רופא ריאות) — השתתפות המבוטח 50%, תקרת השתתפות הקופה $600, בית מרקחת פנימי. לא יינתן בבית מרקחת פרטי.

שיא · PROG20 · מכוסה — נספח ה׳, אביזרים רפואיים חיוניים (עמ׳ 47 תקנון שיא): אינהלטור לחולי אסטמה או CF כולל מכשיר אדים (בהמלצת רופא ריאות) — השתתפות המבוטח 50%, תקרת השתתפות הקופה $600, בית מרקחת פנימי.","כסף · PROG24 · אין מידע — מומלץ לבדוק

זהב · PROG25 · אין מידע — מומלץ לבדוק",טעון השוואה פרטנית,
788,אביזרים רפואיים ומכשור,,גרביים אלסטיות לסובלים ממחלות כלי דם ולנשים הרות,"כלל מבוטחי השב""ן בקופות החולים (לפי תוכנית והקופה)","הטבת שב""ן בנושא גרביים אלסטיות לסובלים ממחלות כלי דם ולנשים הרות","החזר/הטבה לגרביים אלסטיות לסובלים ממחלות כלי דם ולנשים הרות עד 5,030 ₪","זהב · PROG09 · מכוסה חלקית — נספח א' — חבישות לחץ על פי צורך רפואי בלבד (כולל VENOTRAIN בסוגים שונים); 23% החזר עד ₪5,030; פעם בשנה קלנדרית; לא מפורש ייחוד לנשים הרות או מחלות כלי דם ספציפית (אך חבישות לחץ ברפאות כלולות)

פלטינום · PROG10 · ככל כללית מושלם זהב — פלטינום אינו מוסיף כיסוי מפורש לנושא זה","כסף · PROG14 · נספח ב' סעיף 8ז (תקנון מכבי כסף) — גרביים אלסטיים: רכישה בספק בהסכם בתשלום השתתפות עצמית לפי סוג האביזר; זכאות 2 זוגות בשנה.

זהב · PROG15 · נספח ב' סעיף 11ו (תקנון מכבי זהב) — גרביים אלסטיים: רכישה בספק בהסכם בתשלום השתתפות עצמית לפי סוג האביזר; זכאות 2 זוגות בשנה.

שלי · PROG16 · אין מידע — מומלץ לבדוק","עדיף · PROG19 · מכוסה — נספח ה׳, אביזרים רפואיים חיוניים (עמ׳ 57 תקנון עדיף): גרביים אלסטיות לסובלים ממחלות כלי דם (ע""פ מרשם) ולנשים הרות — הנחה 46%, בית מרקחת פנימי בלבד.

שיא · PROG20 · מכוסה — נספח ה׳, אביזרים רפואיים חיוניים (עמ׳ 47 תקנון שיא): גרביים אלסטיות לנשים הרות ולסובלים ממחלות כלי דם (ע""פ מרשם) VARILIND — הנחה 46%, בית מרקחת פנימי בלבד.","כסף · PROG24 · אין מידע — מומלץ לבדוק

זהב · PROG25 · אין מידע — מומלץ לבדוק",טעון השוואה פרטנית,
789,אביזרים רפואיים ומכשור,,חגורות אורתופדיות מכל סוג (לכל הגילאים),"כלל מבוטחי השב""ן בקופות החולים (לפי תוכנית והקופה)",נספח ב' סעיף 11א (תקנון מכבי זהב) — חגורות גב למבוגר מגיל 18; חגורת שבר לצלעות; חגורת בטן; חגורת הריון; רכישה בספק בהסכם; השתתפות עצמית לפי סוג; זכאות אחת לשנה. נספח א' — חגורת בקע,"החזר/הטבה לחגורות אורתופדיות מכל סוג (לכל הגילאים) בין 171 ל-1,392 ₪","זהב · PROG09 · מכוסה חלקית — נספח א' — חגורת בקע: 50% עד ₪171, פעם ב-3 שנים, תקופת אכשרה 6 חודשים; חגורת גב (URIEL ST11) כלולה ברשימת האביזרים האורטופדיים בסעיף 44 (עד 2 אביזרים בשנה קלנדרית לפי קבוצת איברים, לאחר ניתוח/אשפוז, לפי קביעת אורטופד); כיסוי גורף לכל הגילאים ללא הגבלה אינו מפורש

פלטינום · PROG10 · ככל כללית מושלם זהב — פלטינום אינו מוסיף כיסוי מפורש לנושא זה","כסף · PROG14 · נספח ב' סעיף 8א (תקנון מכבי כסף) — חגורות גב למבוגר מגיל 18 (חגורת גב מוכנה, חצי מוכנה); רכישה בספק בהסכם; השתתפות עצמית לפי סוג; זכאות אחת לשנה. ראה גם חגורת בקע נספח א'.

זהב · PROG15 · נספח ב' סעיף 11א (תקנון מכבי זהב) — חגורות גב למבוגר מגיל 18; חגורת שבר לצלעות; חגורת בטן; חגורת הריון; רכישה בספק בהסכם; השתתפות עצמית לפי סוג; זכאות אחת לשנה. נספח א' — חגורת בקע (hernia): החזר 83% עד ₪443.36–₪1,392.22 לפי סוג; אחת לשנה.

שלי · PROG16 · אין מידע — מומלץ לבדוק","עדיף · PROG19 · מכוסה — נספח ה׳, אביזרים רפואיים חיוניים (עמ׳ 58 תקנון עדיף): חגורות אורתופדיות למיניהן ללא הגבלת גיל (אחת לשנה) — השתתפות המבוטח 50%, ספק בהסכם.

שיא · PROG20 · מכוסה — נספח ה׳, אביזרים רפואיים חיוניים (עמ׳ 48 תקנון שיא): חגורות אורתופדיות למיניהן ללא הגבלת גיל (אחת לשנה) — השתתפות המבוטח 50%, ספק בהסכם.","כסף · PROG24 · אין מידע — מומלץ לבדוק

זהב · PROG25 · אין מידע — מומלץ לבדוק",מכבי זהב,
790,אביזרים רפואיים ומכשור,,כפתור הזנה לתינוק,"כלל מבוטחי השב""ן בקופות החולים (לפי תוכנית והקופה)","הטבת שב""ן בנושא כפתור הזנה לתינוק",,"זהב · PROG09 · אין מידע — מומלץ לבדוק

פלטינום · PROG10 · אין מידע — מומלץ לבדוק","כסף · PROG14 · אין מידע — מומלץ לבדוק

זהב · PROG15 · אין מידע — מומלץ לבדוק

שלי · PROG16 · אין מידע — מומלץ לבדוק","עדיף · PROG19 · מכוסה — נספח ה׳, אביזרים רפואיים חיוניים (עמ׳ 58 תקנון עדיף): כפתור הזנה לתינוק — השתתפות המבוטח 50%, תקרת השתתפות הקופה $175, ספק בהסכם.

שיא · PROG20 · מכוסה — נספח ה׳, אביזרים רפואיים חיוניים (עמ׳ 48 תקנון שיא): כפתור הזנה לתינוק — השתתפות המבוטח 50%, תקרת השתתפות הקופה $175, ספק בהסכם.","כסף · PROG24 · אין מידע — מומלץ לבדוק

זהב · PROG25 · אין מידע — מומלץ לבדוק",טעון השוואה פרטנית,
791,אביזרים רפואיים ומכשור,,מדרסים על פי מידה ונעליים אורתופדיות בהזמנה מיוחדת,"כלל מבוטחי השב""ן בקופות החולים (לפי תוכנית והקופה)","הטבת שב""ן בנושא מדרסים על פי מידה ונעליים אורתופדיות בהזמנה מיוחדת",החזר/הטבה למדרסים על פי מידה ונעליים אורתופדיות בהזמנה מיוחדת בין 55 ל-400 ₪,"זהב · PROG09 · מכוסה חלקית — פרק ה' סעיף 44 — מדרסים לפי קביעת אורטופד לאחר ניתוח/אשפוז: ₪400 לזוג, פעם בשנתיים קלנדריות; נעליים אורתופדיות בהזמנה מיוחדת אינן מוזכרות מפורשות בתקנון זהב

פלטינום · PROG10 · ככל כללית מושלם זהב — פלטינום אינו מוסיף כיסוי מפורש לנושא זה","כסף · PROG14 · נספח ב' סעיף 1 (תקנון מכבי כסף) — מדרסים אורתופדיים/רפואיים: מדרסי מדף בהתאמה ממוחשבת — השתתפות עצמית ₪110.35; מדרסים בהתאמה אישית (על-פי הפניית רופא) — השתתפות עצמית ₪256.64; רכישה בספק בהסכם; זכאות אחת לשנה.

זהב · PROG15 · נספח ב' סעיף 1 (תקנון מכבי זהב) — מדרסים אורתופדיים/רפואיים: מדרסי מדף בהתאמה ממוחשבת — השתתפות עצמית ₪55.17; מדרסים בהתאמה אישית — השתתפות עצמית ₪128.32; רכישה בספק בהסכם; זכאות אחת לשנה.

שלי · PROG16 · אין מידע — מומלץ לבדוק","עדיף · PROG19 · מכוסה — נספח ה׳, אביזרים רפואיים חיוניים (עמ׳ 57 תקנון עדיף): מדרסים על פי מידה ובהזמנה מיוחדת (פעמיים בשנה) — השתתפות המבוטח 20%, ספק בהסכם. נעליים אורתופדיות בהזמנה מיוחדת שמטרתן השוואת גובה הגפיים התחתונות או התאמת עיוותים של כפות הרגליים (פעמיים בשנה) — השתתפות המבוטח 50%, תקרת הקופה $250, ספק בהסכם.

שיא · PROG20 · מכוסה — נספח ה׳, אביזרים רפואיים חיוניים (עמ׳ 47–48 תקנון שיא): מדרסים על פי מידה ובהזמנה מיוחדת (פעמיים בשנה) — השתתפות המבוטח 20%, ספק בהסכם. נעליים אורתופדיות בהזמנה מיוחדת שמטרתן השוואת גובה הגפיים התחתונות או התאמת עיוותים של כפות הרגליים (פעמיים בשנה) — השתתפות המבוטח 50%, תקרת הקופה $250, ספק בהסכם.","כסף · PROG24 · אין מידע — מומלץ לבדוק

זהב · PROG25 · אין מידע — מומלץ לבדוק",טעון השוואה פרטנית,
792,אביזרים רפואיים ומכשור,,מכשיר BPAP לאי-ספיקת נשימה,"כלל מבוטחי השב""ן בקופות החולים (לפי תוכנית והקופה)","הטבת שב""ן בנושא מכשיר BPAP לאי-ספיקת נשימה","החזר/הטבה למכשיר BPAP לאי-ספיקת נשימה בין 1,759 ל-3,666 ₪","זהב · PROG09 · אין מידע — מומלץ לבדוק

פלטינום · PROG10 · אין מידע — מומלץ לבדוק","שלי · PROG16 · אין מידע — מומלץ לבדוק

כסף · PROG14 · אין מידע — מומלץ לבדוק

זהב · PROG15 · אין מידע — מומלץ לבדוק","עדיף · PROG19 · אין מידע — מומלץ לבדוק

שיא · PROG20 · אין מידע — מומלץ לבדוק","כסף · PROG24 · פרק כ""ד ס' 5.1 — מכשיר BPAP: הקופה משלמת ישירות למכון בהסדר; השתתפות עצמית של העמית ₪3,666; 1 פעם בשנה; בהפניית רופא מומחה קופה

זהב · PROG25 · פרק כ""ד ס' 5.1 — מכשיר BPAP: הקופה משלמת ישירות למכון בהסדר; השתתפות עצמית של העמית ₪1,759; 1 פעם בשנה; בהפניית רופא מומחה קופה",טעון השוואה פרטנית,
793,אביזרים רפואיים ומכשור,,מכשיר TENS להקלה על כאבי צירים (PROG25 בלבד),"כלל מבוטחי השב""ן בקופות החולים (לפי תוכנית והקופה)","פרק כ""ד ס' 5.3 — מכשיר TENS/easy להקלה על כאבי צירים: הנחה 79% מהמחירון לצרכן (צמוד מחירון ירפא) בבתי מרקחת סניפי הקופה; 1 בתקופת הסכם; לעמיתות לאומית זהב בלבד",החזר/הטבה למכשיר TENS להקלה על כאבי צירים (PROG25 בלבד) בין 100 ל-164 ₪,"זהב · PROG09 · מכוסה חלקית — נספח א' — מכשירים לשיכוך כאבים (TENS); פעם בשנה קלנדרית; תקופת אכשרה 3 חודשים; השתתפות עצמית: פרוטנס ₪100, פרוטנס GM3A50T ₪100, פרימה טנס ₪114, טנס דיגיטלי סנסורי ₪140, טצ'טנס ₪164; לא ייעודי לכאבי צירים בלבד

פלטינום · PROG10 · ככל כללית מושלם זהב — פלטינום אינו מוסיף כיסוי מפורש לנושא זה","כסף · PROG14 · אין מידע — מומלץ לבדוק

זהב · PROG15 · אין מידע — מומלץ לבדוק

שלי · PROG16 · אין מידע — מומלץ לבדוק","עדיף · PROG19 · אין מידע — מומלץ לבדוק

שיא · PROG20 · אין מידע — מומלץ לבדוק","כסף · PROG24 · אין מידע — מומלץ לבדוק

זהב · PROG25 · פרק כ""ד ס' 5.3 — מכשיר TENS/easy להקלה על כאבי צירים: הנחה 79% מהמחירון לצרכן (צמוד מחירון ירפא) בבתי מרקחת סניפי הקופה; 1 בתקופת הסכם; לעמיתות לאומית זהב בלבד",לאומית זהב,
794,אביזרים רפואיים ומכשור,,מכשיר אלקטרוני ליישור סקוליוזיס,"כלל מבוטחי השב""ן בקופות החולים (לפי תוכנית והקופה)","נספח א' סעיף 1 (תקנון מכבי זהב) — מכשיר אלקטרוני ליישור הגב עד גיל 18, בהתאמה אישית: החזר 83% עד תקרה ₪4,556.68; זכאות אחת לשנה; אישור מוקדם של מכבי זהב נדרש לאביזר בהתאמה אישית.","החזר/הטבה למכשיר אלקטרוני ליישור סקוליוזיס בין 2,238 ל-5,574 ₪","זהב · PROG09 · אין מידע — מומלץ לבדוק

פלטינום · PROG10 · אין מידע — מומלץ לבדוק","כסף · PROG14 · אין מידע — מומלץ לבדוק

זהב · PROG15 · נספח א' סעיף 1 (תקנון מכבי זהב) — מכשיר אלקטרוני ליישור הגב עד גיל 18, בהתאמה אישית: החזר 83% עד תקרה ₪4,556.68; זכאות אחת לשנה; אישור מוקדם של מכבי זהב נדרש לאביזר בהתאמה אישית.

שלי · PROG16 · אין מידע — מומלץ לבדוק","עדיף · PROG19 · אין מידע — מומלץ לבדוק

שיא · PROG20 · אין מידע — מומלץ לבדוק","כסף · PROG24 · פרק כ""ד ס' 5.2 — מכשיר אלקטרוני ליישור סקוליוזיס: שיפוי מרבי ₪2,238 למקרה (80% מהוצאות בפועל), 1 אביזר בשנה; בהפניית רופא מומחה קופה

זהב · PROG25 · פרק כ""ד ס' 5.2 — מכשיר אלקטרוני ליישור סקוליוזיס: שיפוי מרבי ₪5,574 למקרה (80% מהוצאות בפועל), 1 אביזר בשנה; בהפניית רופא מומחה קופה",מכבי זהב,
795,אביזרים רפואיים ומכשור,,נעלי אפוס (נעליים אורתופדיות טיפוליות),"כלל מבוטחי השב""ן בקופות החולים (לפי תוכנית והקופה)","הטבת שב""ן בנושא נעלי אפוס (נעליים אורתופדיות טיפוליות)","החזר/הטבה לנעלי אפוס (נעליים אורתופדיות טיפוליות) בין 1,500 ל-3,104 ₪","זהב · PROG09 · אין מידע — מומלץ לבדוק

פלטינום · PROG10 · אין מידע — מומלץ לבדוק","כסף · PROG14 · אין מידע — מומלץ לבדוק

זהב · PROG15 · נספח ב' סעיף 6 (תקנון מכבי זהב) — נעלי אפוס (Apos): רכישה מספק בהסכם בתשלום השתתפות עצמית ₪3,103.66; זכאות אחת לשלוש שנים.

שלי · PROG16 · אין מידע — מומלץ לבדוק","עדיף · PROG19 · אין מידע — מומלץ לבדוק

שיא · PROG20 · מכוסה — נספח ה׳, אביזרים רפואיים חיוניים (עמ׳ 48 תקנון שיא): מערכת נעלי הליכה (אפוס) — תקרת השתתפות הקופה ₪1,500, אחת ל-3 שנים, ספק אפוס בהסכם.","כסף · PROG24 · אין מידע — מומלץ לבדוק

זהב · PROG25 · אין מידע — מומלץ לבדוק",טעון השוואה פרטנית,
796,אביזרים רפואיים ומכשור,,סטימולטור ביתי לטיפול בבריחת שתן (השאלה),"כלל מבוטחי השב""ן בקופות החולים (לפי תוכנית והקופה)","הטבת שב""ן בנושא סטימולטור ביתי לטיפול בבריחת שתן (השאלה)",החזר/הטבה לסטימולטור ביתי לטיפול בבריחת שתן (השאלה) עד 360 ₪,"זהב · PROG09 · מכוסה — נספח א' — אביזרים בהשאלה — סטימולטור לטיפולים ב'בריחת שתן'; בהשאלה ברציפות לתקופה של 3 חודשים; השתתפות עצמית ₪360 לחודש

פלטינום · PROG10 · ככל כללית מושלם זהב — פלטינום אינו מוסיף כיסוי מפורש לנושא זה","כסף · PROG14 · אין מידע — מומלץ לבדוק

זהב · PROG15 · אין מידע — מומלץ לבדוק

שלי · PROG16 · אין מידע — מומלץ לבדוק","עדיף · PROG19 · אין מידע — מומלץ לבדוק

שיא · PROG20 · אין מידע — מומלץ לבדוק","כסף · PROG24 · אין מידע — מומלץ לבדוק

זהב · PROG25 · אין מידע — מומלץ לבדוק",טעון השוואה פרטנית,
797,אביזרים רפואיים ומכשור,,ערכת גלילים לטיפול בווגיניסמוס,"כלל מבוטחי השב""ן בקופות החולים (לפי תוכנית והקופה)","הטבת שב""ן בנושא ערכת גלילים לטיפול בווגיניסמוס",החזר/הטבה לערכת גלילים לטיפול בווגיניסמוס בין 295 ל-840 ₪,"זהב · PROG09 · אין מידע — מומלץ לבדוק

פלטינום · PROG10 · אין מידע — מומלץ לבדוק","כסף · PROG14 · אין מידע — מומלץ לבדוק

זהב · PROG15 · אין מידע — מומלץ לבדוק

שלי · PROG16 · אין מידע — מומלץ לבדוק","עדיף · PROG19 · אין מידע — מומלץ לבדוק

שיא · PROG20 · אין מידע — מומלץ לבדוק","כסף · PROG24 · פרק כ""ד ס' 5.2 — ערכת גלילים לטיפול בווגיניסמוס: שיפוי מרבי ₪295 למקרה (80% מהוצאות בפועל), 1 אביזר בשנה; בהפניית רופא מומחה קופה

זהב · PROG25 · פרק כ""ד ס' 5.2 — ערכת גלילים לטיפול בווגיניסמוס: שיפוי מרבי ₪840 למקרה (80% מהוצאות בפועל), 1 אביזר בשנה; בהפניית רופא מומחה קופה",טעון השוואה פרטנית,
798,אביזרים רפואיים ומכשור,,פולסאוקסימטר (מד סטורציה) — השאלה ביתית,"כלל מבוטחי השב""ן בקופות החולים (לפי תוכנית והקופה)","הטבת שב""ן בנושא פולסאוקסימטר (מד סטורציה) — השאלה ביתית",החזר/הטבה לפולסאוקסימטר (מד סטורציה) — השאלה ביתית עד 171 ₪,"זהב · PROG09 · מכוסה — נספח א' — אביזרים בהשאלה — פולסאוקסימטר; בהשאלה; השתתפות עצמית ₪171 לחודש; תקופת אכשרה 3 חודשים

פלטינום · PROG10 · ככל כללית מושלם זהב — פלטינום אינו מוסיף כיסוי מפורש לנושא זה","כסף · PROG14 · אין מידע — מומלץ לבדוק

זהב · PROG15 · אין מידע — מומלץ לבדוק

שלי · PROG16 · אין מידע — מומלץ לבדוק","עדיף · PROG19 · אין מידע — מומלץ לבדוק

שיא · PROG20 · אין מידע — מומלץ לבדוק","כסף · PROG24 · אין מידע — מומלץ לבדוק

זהב · PROG25 · אין מידע — מומלץ לבדוק",טעון השוואה פרטנית,
799,אביזרים רפואיים ומכשור,,צנתר סיליקון ופוליקטטר להורקת שלפוחית השתן,"כלל מבוטחי השב""ן בקופות החולים (לפי תוכנית והקופה)","הטבת שב""ן בנושא צנתר סיליקון ופוליקטטר להורקת שלפוחית השתן",,"זהב · PROG09 · אין מידע — מומלץ לבדוק

פלטינום · PROG10 · אין מידע — מומלץ לבדוק","כסף · PROG14 · אין מידע — מומלץ לבדוק

זהב · PROG15 · אין מידע — מומלץ לבדוק

שלי · PROG16 · אין מידע — מומלץ לבדוק","עדיף · PROG19 · מכוסה — נספח ה׳, אביזרים רפואיים חיוניים (עמ׳ 59 תקנון עדיף): רכישת צנתר להורקת שלפוחית השתן — פוליקטטר וקטטר סיליקון — השתתפות עצמית 0%, בית מרקחת פנימי.

שיא · PROG20 · מכוסה — נספח ה׳, אביזרים רפואיים חיוניים (עמ׳ 48–49 תקנון שיא): רכישת צנתר להורקת שלפוחית השתן — פוליקטטר וקטטר סיליקון — השתתפות עצמית 0%, בית מרקחת פנימי.","כסף · PROG24 · אין מידע — מומלץ לבדוק

זהב · PROG25 · אין מידע — מומלץ לבדוק",טעון השוואה פרטנית,
800,אביזרים רפואיים ומכשור,,תותב לאיבר מין (אין אונות) — אביזר רפואי,"כלל מבוטחי השב""ן בקופות החולים (לפי תוכנית והקופה)","הטבת שב""ן בנושא תותב לאיבר מין (אין אונות) — אביזר רפואי",,"זהב · PROG09 · אין מידע — מומלץ לבדוק

פלטינום · PROG10 · אין מידע — מומלץ לבדוק","כסף · PROG14 · אין מידע — מומלץ לבדוק

זהב · PROG15 · אין מידע — מומלץ לבדוק

שלי · PROG16 · אין מידע — מומלץ לבדוק","עדיף · PROG19 · מכוסה — נספח ה׳, תותבות (עמ׳ 56 תקנון עדיף): תותב לאיבר מין — במקרה 'אין אונות' (בהוריה רפואית ובאישור האגף הרפואי בלבד) — תקרת השתתפות המבוטח $175. כפוף לתקרה שנתית כוללת $750 על כלל האביזרים.

שיא · PROG20 · מכוסה — נספח ה׳, תותבות (עמ׳ 47 תקנון שיא): תותב לאיבר מין — במקרה 'אין אונות' (בהוראה רפואית ובאישור האגף הרפואי בלבד) — תקרת השתתפות המבוטח $175, ספק בהסכם.","כסף · PROG24 · אין מידע — מומלץ לבדוק

זהב · PROG25 · אין מידע — מומלץ לבדוק",טעון השוואה פרטנית,
801,אביזרים רפואיים ומכשור,,חגורת הריון (PROG25 בלבד),"כלל מבוטחי השב""ן בקופות החולים (לפי תוכנית והקופה)","הטבת שב""ן בנושא חגורת הריון (PROG25 בלבד)",החזר/הטבה לחגורת הריון (PROG25 בלבד) בין 166 ל-308 ₪,"זהב · PROG09 · אין מידע — מומלץ לבדוק

פלטינום · PROG10 · אין מידע — מומלץ לבדוק","כסף · PROG14 · נספח — אביזרים אורתופדים: חגורת הריון כלולה ברשימת אביזרים אורתופדיים. השתתפות עצמית נקבעת לפי דגם המוצר ולפי הרשימה המתפרסמת באתר מכבי. זכאות אחת לשנה.

זהב · PROG15 · נספח ב' סעיף 11 — אביזרים אורתופדיים: חגורת היריון כלולה ברשימה (יחד עם חגורת גב, חגורת בטן ועוד). השתתפות עצמית נקבעת לפי סוג האביזר ולפי הרשימה המתפרסמת באתר מכבי. זכאות אחת לשנה (למעט גרביים אלסטיים 2 זוגות בשנה).

שלי · PROG16 · אין מידע — מומלץ לבדוק","עדיף · PROG19 · מכוסה — נספח ה' (אביזרים): חגורות הריון/גב — הנחה 58%–63% דרך בית מרקחת פנימי; זכאות אחת לשנה.

שיא · PROG20 · מכוסה — נספח ה' חל גם על מבוטחי שיא; תנאים זהים לעדיף (58%–63%).","כסף · PROG24 · אין מידע — מומלץ לבדוק

זהב · PROG25 · פרק כ""ד ס' 5.1 — עמיתת לאומית זהב בלבד: רכישת חגורת הריון פעם אחת בהריון במכון שבהסדר. השתתפות עצמית ₪166 לחגורת הריון רגילה, ₪308 לחגורת הריון סגירה כפולה. לאומית כסף — אין כיסוי.",טעון השוואה פרטנית,
802,אביזרים רפואיים ומכשור,,משאבת הנקה (PROG25 בלבד),"כלל מבוטחי השב""ן בקופות החולים (לפי תוכנית והקופה)","הטבת שב""ן בנושא משאבת הנקה (PROG25 בלבד)","החזר/הטבה למשאבת הנקה (PROG25 בלבד) בין 99 ל-2,359 ₪","זהב · PROG09 · אין מידע — מומלץ לבדוק

פלטינום · PROG10 · אין מידע — מומלץ לבדוק","כסף · PROG14 · אין מידע — מומלץ לבדוק

זהב · PROG15 · נספח ב' סעיף 12 — משאבת הנקה חשמלית: השתתפות עצמית ₪327.6–₪529.12; משאבת הנקה ידנית: ₪127.11–₪201.52. זכאות: אחת לשנה. (כלול בסעיף אביזרים ליולדת של מכבי זהב).

שלי · PROG16 · סעיף 11.4 — משאבות הנקה: הנחה 10% נוספת מעל הנחת מכבי זהב ב""מכביפארם"". לא נכלל בתקרת החבילה הכוללת (₪2,358.97). תקופת המתנה 6 חודשים.","עדיף · PROG19 · מכוסה — נספח ה': משאבת הנקה ידנית — הנחה 56%/59%/60% (לפי דגם), זכאות אחת לשנה; משאבת הנקה חשמלית — הנחה 45%/50%/72% (לפי דגם), זכאות אחת לשנה; רכישה בבית מרקחת פנימי.

שיא · PROG20 · מכוסה — נספח ה' חל על שיא בתנאים זהים לעדיף; ידנית 56%–60%, חשמלית 45%–72%; זכאות אחת לשנה; בנוסף ניתן להיכלל בחבילת ההיריון (סעיף 30) לכיסוי נוסף.","כסף · PROG24 · אין מידע — מומלץ לבדוק

זהב · PROG25 · פרק כ""ד ס' 5.3 — עמיתת לאומית זהב בלבד: משאבת הנקה ידנית — השתתפות עצמית ₪99 או ₪142 (בהתאם לדגם); משאבת הנקה חשמלית — השתתפות עצמית ₪352 או ₪540 (בהתאם לדגם). זכאות: פעם אחת בהריון. רכישה בבתי מרקחת סניפי הקופה.",טעון השוואה פרטנית,
803,אביזרים רפואיים ומכשור,,CPM לברך — מכשיר שיקום פסיבי לפרק ברך לאחר ניתוח (השאלה),"כלל מבוטחי השב""ן בקופות החולים (לפי תוכנית והקופה)","הטבת שב""ן בנושא CPM לברך — מכשיר שיקום פסיבי לפרק ברך לאחר ניתוח (השאלה)",החזר/הטבה לCPM לברך — מכשיר שיקום פסיבי לפרק ברך לאחר ניתוח (השאלה) עד 91 ₪,"זהב · PROG09 · נספח א' — אביזרים בהשאלה: CPM לברך — מכשיר שיקום פסיבי לפרק ברך לאחר ניתוח, השאלה באמצעות כללית מושלם; השתתפות עצמית ₪91 לחודש; תקופת אכשרה 3 חודשים

פלטינום · PROG10 · ככל כללית מושלם זהב (PROG09) — CPM לברך לא מוזכר בנספח פלטינום; נספח א' זהב — השאלה ₪91/חודש, אכשרה 3 חודשים","כסף · PROG14 · אין מידע — מומלץ לבדוק

זהב · PROG15 · אין מידע — מומלץ לבדוק

שלי · PROG16 · אין מידע — מומלץ לבדוק","שיא · PROG20 · אין מידע — מומלץ לבדוק

עדיף · PROG19 · אין מידע — מומלץ לבדוק","כסף · PROG24 · אין מידע — מומלץ לבדוק

זהב · PROG25 · אין מידע — מומלץ לבדוק",טעון השוואה פרטנית,
804,אביזרים רפואיים ומכשור,,"חבישת לחץ (לאחר ניתוח, כוויות, בצקת לימפטית)","כלל מבוטחי השב""ן בקופות החולים (לפי תוכנית והקופה)","הטבת שב""ן בנושא חבישת לחץ (לאחר ניתוח, כוויות, בצקת לימפטית)",,"זהב · PROG09 · אין מידע — מומלץ לבדוק

פלטינום · PROG10 · אין מידע — מומלץ לבדוק","כסף · PROG14 · אין מידע — מומלץ לבדוק

זהב · PROG15 · אין מידע — מומלץ לבדוק

שלי · PROG16 · אין מידע — מומלץ לבדוק","עדיף · PROG19 · מכוסה — נספח ה׳ (אביזרים רפואיים חיוניים) תקנון מאוחדת עדיף. חבישת לחץ: השתתפות עצמית של המבוטח 15%; ספק בהסכם / מחסן מרכזי בלבד; תקרה $750.

שיא · PROG20 · מכוסה — נספח ה׳ (אביזרים רפואיים) תקנון מאוחדת שיא. חבישת לחץ: השתתפות עצמית 15%; ספק בהסכם / מחסן מרכזי; תקרה $750 (זהה לרובד עדיף).","כסף · PROG24 · אין מידע — מומלץ לבדוק

זהב · PROG25 · אין מידע — מומלץ לבדוק",טעון השוואה פרטנית,
805,אביזרים רפואיים ומכשור,,אביזרים רפואיים — אחוז החזר ותעריפים,"כלל מבוטחי השב""ן בקופות החולים (לפי תוכנית והקופה)","החזר 83% מהעלות בפועל עד תעריף תקרה, לפי נספח א'. ספק בהסכם (נספח ב'/ג') — השתתפות עצמית בלבד, ללא החזר. תיקון/חלפים/השכרה — 83% עד תקרה (מכבי זהב סעיף 16.1–16.3.5). תקופת המתנה 12",,"זהב · PROG09 · אין מידע — מומלץ לבדוק

פלטינום · PROG10 · אין מידע — מומלץ לבדוק","כסף · PROG14 · החזר 33% מהעלות בפועל עד תעריף תקרה לפי נספח א'. שכירות/תיקון/חלפים — 33% (מכבי כסף סעיף 14).

זהב · PROG15 · החזר 83% מהעלות בפועל עד תעריף תקרה, לפי נספח א'. ספק בהסכם (נספח ב'/ג') — השתתפות עצמית בלבד, ללא החזר. תיקון/חלפים/השכרה — 83% עד תקרה (מכבי זהב סעיף 16.1–16.3.5). תקופת המתנה 12 חודשים.

שלי · PROG16 · אין מידע — מומלץ לבדוק","עדיף · PROG19 · אין מידע — מומלץ לבדוק

שיא · PROG20 · אין מידע — מומלץ לבדוק","כסף · PROG24 · אין מידע — מומלץ לבדוק

זהב · PROG25 · אין מידע — מומלץ לבדוק",מכבי זהב,
806,אביזרים רפואיים ומכשור,,מכשיר שמיעה ואביזרי שמיעה — השתתפות עצמית,"כלל מבוטחי השב""ן בקופות החולים (לפי תוכנית והקופה)","הטבת שב""ן בנושא מכשיר שמיעה ואביזרי שמיעה — השתתפות עצמית","החזר/הטבה למכשיר שמיעה ואביזרי שמיעה — השתתפות עצמית בין 74 ל-1,084 ₪","זהב · PROG09 · החזר 75% מעלות מכשיר שמיעה, עד ₪1,084 לאוזן, פעם בשנה, במכוני הסדר (פרק ה׳ סעיף 41 — תקנון כללית מושלם זהב)

פלטינום · PROG10 · אין מידע — מומלץ לבדוק","כסף · PROG14 · אין מידע — מומלץ לבדוק

זהב · PROG15 · אין מידע — מומלץ לבדוק

שלי · PROG16 · אין מידע — מומלץ לבדוק","עדיף · PROG19 · אביזרי שמיעה — קבוצה א': אוזניות אלחוטיות לטלוויזיה ₪493.50 ה""ע; מגבר אישי ₪515.50 ה""ע; מערכת התראה ₪545 ה""ע. קבוצה ב': טלפון לכבדי שמיעה ₪254 ה""ע; דיבורית סלולרית ₪125 ה""ע; פעמון אלחוטי ₪199 ה""ע; שעון מעורר רוטט ₪199 ה""ע. (מאוחדת עדיף, נספח ו')

שיא · PROG20 · אביזרי שמיעה — קבוצה א': אוזניות אלחוטיות לטלוויזיה ₪147 ה""ע; מגבר אישי ₪147 ה""ע; מערכת התראה ₪221 ה""ע. קבוצה ב': כל פריט ₪73.50 ה""ע. (מאוחדת שיא, נספח ו')","כסף · PROG24 · מערכת רגילה: ₪731; מערכת מתקדמת: ₪813 (לאומית כסף, פרק כ""ד רשימה 5.1)

זהב · PROG25 · מערכת רגילה: ₪296; מערכת מתקדמת: ₪436 (לאומית זהב, פרק כ""ד רשימה 5.1)",כללית מושלם זהב,
807,אביזרים רפואיים ומכשור,,אטמי אוזניים — השתתפות עצמית,"כלל מבוטחי השב""ן בקופות החולים (לפי תוכנית והקופה)","הטבת שב""ן בנושא אטמי אוזניים — השתתפות עצמית",החזר/הטבה לאטמי אוזניים — השתתפות עצמית בין 74 ל-220 ₪,"זהב · PROG09 · אין מידע — מומלץ לבדוק

פלטינום · PROG10 · אין מידע — מומלץ לבדוק","כסף · PROG14 · אין מידע — מומלץ לבדוק

זהב · PROG15 · אין מידע — מומלץ לבדוק

שלי · PROG16 · אין מידע — מומלץ לבדוק","עדיף · PROG19 · אין מידע — מומלץ לבדוק

שיא · PROG20 · אין מידע — מומלץ לבדוק","כסף · PROG24 · השתתפות עצמית ₪220 (לאומית כסף, פרק כ""ד רשימה 5.1)

זהב · PROG25 · השתתפות עצמית ₪74 (לאומית זהב, פרק כ""ד רשימה 5.1)",טעון השוואה פרטנית,
808,אביזרים רפואיים ומכשור,,חגורת הריון — תעריפים,"כלל מבוטחי השב""ן בקופות החולים (לפי תוכנית והקופה)","הטבת שב""ן בנושא חגורת הריון — תעריפים",החזר/הטבה לחגורת הריון — תעריפים בין 166 ל-308 ₪,"זהב · PROG09 · אין מידע — מומלץ לבדוק

פלטינום · PROG10 · אין מידע — מומלץ לבדוק","כסף · PROG14 · אין מידע — מומלץ לבדוק

זהב · PROG15 · אין מידע — מומלץ לבדוק

שלי · PROG16 · אין מידע — מומלץ לבדוק","עדיף · PROG19 · אין מידע — מומלץ לבדוק

שיא · PROG20 · אין מידע — מומלץ לבדוק","כסף · PROG24 · אין מידע — מומלץ לבדוק

זהב · PROG25 · רגילה: ₪166; סגירה כפולה: ₪308 (לאומית זהב, פרק כ""ד רשימה 5.1)",טעון השוואה פרטנית,
809,אביזרים רפואיים ומכשור,,מגביר קול לנפגעי לרינקס,"כלל מבוטחי השב""ן בקופות החולים (לפי תוכנית והקופה)","הטבת שב""ן בנושא מגביר קול לנפגעי לרינקס","החזר/הטבה למגביר קול לנפגעי לרינקס בין 881 ל-5,867 ₪","זהב · PROG09 · אין מידע — מומלץ לבדוק

פלטינום · PROG10 · אין מידע — מומלץ לבדוק","כסף · PROG14 · אין מידע — מומלץ לבדוק

זהב · PROG15 · אין מידע — מומלץ לבדוק

שלי · PROG16 · אין מידע — מומלץ לבדוק","עדיף · PROG19 · אין מידע — מומלץ לבדוק

שיא · PROG20 · אין מידע — מומלץ לבדוק","כסף · PROG24 · החזר 80% עד ₪881 (לאומית כסף, פרק כ""ד רשימה 5.2)

זהב · PROG25 · החזר 80% עד ₪5,867 (לאומית זהב, פרק כ""ד רשימה 5.2)",טעון השוואה פרטנית,
810,אביזרים רפואיים ומכשור,,חבישת לחץ JOBST,"כלל מבוטחי השב""ן בקופות החולים (לפי תוכנית והקופה)","הטבת שב""ן בנושא חבישת לחץ JOBST","החזר/הטבה לחבישת לחץ JOBST בין 5,426 ל-5,867 ₪","זהב · PROG09 · אין מידע — מומלץ לבדוק

פלטינום · PROG10 · אין מידע — מומלץ לבדוק","כסף · PROG14 · אין מידע — מומלץ לבדוק

זהב · PROG15 · אין מידע — מומלץ לבדוק

שלי · PROG16 · אין מידע — מומלץ לבדוק","עדיף · PROG19 · אין מידע — מומלץ לבדוק

שיא · PROG20 · אין מידע — מומלץ לבדוק","כסף · PROG24 · החזר 80% עד ₪5,426 (עד 2 ביגודים בשנה) (לאומית כסף, פרק כ""ד רשימה 5.2)

זהב · PROG25 · החזר 80% עד ₪5,867 (עד 2 ביגודים בשנה) (לאומית זהב, פרק כ""ד רשימה 5.2)",טעון השוואה פרטנית,
811,אביזרים רפואיים ומכשור,,ערכת גלילים לוגיניסמוס,"כלל מבוטחי השב""ן בקופות החולים (לפי תוכנית והקופה)","הטבת שב""ן בנושא ערכת גלילים לוגיניסמוס",החזר/הטבה לערכת גלילים לוגיניסמוס בין 295 ל-840 ₪,"זהב · PROG09 · אין מידע — מומלץ לבדוק

פלטינום · PROG10 · אין מידע — מומלץ לבדוק","כסף · PROG14 · אין מידע — מומלץ לבדוק

זהב · PROG15 · אין מידע — מומלץ לבדוק

שלי · PROG16 · אין מידע — מומלץ לבדוק","עדיף · PROG19 · אין מידע — מומלץ לבדוק

שיא · PROG20 · אין מידע — מומלץ לבדוק","כסף · PROG24 · החזר 80% עד ₪295 (לאומית כסף, פרק כ""ד רשימה 5.2)

זהב · PROG25 · החזר 80% עד ₪840 (לאומית זהב, פרק כ""ד רשימה 5.2)",טעון השוואה פרטנית,
812,אביזרים רפואיים ומכשור,,מכשיר יישור סקוליוזיס,"כלל מבוטחי השב""ן בקופות החולים (לפי תוכנית והקופה)","הטבת שב""ן בנושא מכשיר יישור סקוליוזיס",החזר/הטבה למכשיר יישור סקוליוזיס בין 220 ל-514 ₪,"זהב · PROG09 · אין מידע — מומלץ לבדוק

פלטינום · PROG10 · אין מידע — מומלץ לבדוק","כסף · PROG14 · אין מידע — מומלץ לבדוק

זהב · PROG15 · אין מידע — מומלץ לבדוק

שלי · PROG16 · אין מידע — מומלץ לבדוק","עדיף · PROG19 · אין מידע — מומלץ לבדוק

שיא · PROG20 · אין מידע — מומלץ לבדוק","כסף · PROG24 · החזר 80% עד ₪220 (לאומית כסף, פרק כ""ד רשימה 5.2)

זהב · PROG25 · החזר 80% עד ₪514 (לאומית זהב, פרק כ""ד רשימה 5.2)",טעון השוואה פרטנית,
813,אביזרים רפואיים ומכשור,,הנחות בבית מרקחת — אביזרי הנקה ואמצעים רפואיים,"כלל מבוטחי השב""ן בקופות החולים (לפי תוכנית והקופה)","הנחות ברשתות בתי מרקחת (פרק כ""ד רשימה 5.3): משאבת הנקה ידנית ₪99/₪142; משאבת הנקה חשמלית ₪352/₪540 (פעם בהריון); רפידות הנקה 44% הנחה; משחה להנקה 61%; שקיות חלב 62%; פד הנקה 59%; מ",החזר/הטבה להנחות בבית מרקחת — אביזרי הנקה ואמצעים רפואיים בין 99 ל-540 ₪,"זהב · PROG09 · אין מידע — מומלץ לבדוק

פלטינום · PROG10 · אין מידע — מומלץ לבדוק","כסף · PROG14 · אין מידע — מומלץ לבדוק

זהב · PROG15 · אין מידע — מומלץ לבדוק

שלי · PROG16 · אין מידע — מומלץ לבדוק","עדיף · PROG19 · אין מידע — מומלץ לבדוק

שיא · PROG20 · אין מידע — מומלץ לבדוק","כסף · PROG24 · אין מידע — מומלץ לבדוק

זהב · PROG25 · הנחות ברשתות בתי מרקחת (פרק כ""ד רשימה 5.3): משאבת הנקה ידנית ₪99/₪142; משאבת הנקה חשמלית ₪352/₪540 (פעם בהריון); רפידות הנקה 44% הנחה; משחה להנקה 61%; שקיות חלב 62%; פד הנקה 59%; מד לחץ דם 35%/50% הנחה (פעם בשנה); מכשיר TENS לכאבי צירים 79% הנחה; בדיקת הריון 62%; מד סוכר 60% הנחה; מכשיר אינהלציה 63%; אירוצ'יימבר 70%; קונדום 50% (לאומית זהב, פרק כ""ד סעיף 5.3)",לאומית זהב,
814,אביזרים רפואיים ומכשור,,מדרסים ממוחשבים — החזר,"כלל מבוטחי השב""ן בקופות החולים (לפי תוכנית והקופה)","הטבת שב""ן בנושא מדרסים ממוחשבים — החזר",החזר/הטבה למדרסים ממוחשבים — החזר בין 60 ל-463 ₪,"זהב · PROG09 · החזר עד ₪463 לזוג מדרסים בהפניית רופא אורתופד; ₪60 השתתפות עצמית ללא צורך בהפניה; פעם בשנתיים קלנדריות; מגודל מידה 36 (chaimvchessed.com; פרק ה׳ סעיף 44 — תקנון כללית מושלם זהב)

פלטינום · PROG10 · אין מידע — מומלץ לבדוק","כסף · PROG14 · אין מידע — מומלץ לבדוק

זהב · PROG15 · אין מידע — מומלץ לבדוק

שלי · PROG16 · אין מידע — מומלץ לבדוק","עדיף · PROG19 · אין מידע — מומלץ לבדוק

שיא · PROG20 · אין מידע — מומלץ לבדוק","כסף · PROG24 · אין מידע — מומלץ לבדוק

זהב · PROG25 · אין מידע — מומלץ לבדוק",טעון השוואה פרטנית,
815,אביזרים רפואיים ומכשור,,אביזר APOS לכאבי ברכיים ועמוד שדרה,"כלל מבוטחי השב""ן בקופות החולים (לפי תוכנית והקופה)","הטבת שב""ן בנושא אביזר APOS לכאבי ברכיים ועמוד שדרה","החזר/הטבה לאביזר APOS לכאבי ברכיים ועמוד שדרה עד 1,750 ₪","זהב · PROG09 · פעם אחת לכל תקופות החברות בתכנית; השתתפות עצמית ₪1,750 (ללא תוספת — הסדר) במכוני הסדר; ללא השתתפות עצמית נוספת (פרק ה׳ סעיף 45 — תקנון כללית מושלם זהב)

פלטינום · PROG10 · אין מידע — מומלץ לבדוק","כסף · PROG14 · אין מידע — מומלץ לבדוק

זהב · PROG15 · אין מידע — מומלץ לבדוק

שלי · PROG16 · אין מידע — מומלץ לבדוק","עדיף · PROG19 · אין מידע — מומלץ לבדוק

שיא · PROG20 · אין מידע — מומלץ לבדוק","כסף · PROG24 · אין מידע — מומלץ לבדוק

זהב · PROG25 · אין מידע — מומלץ לבדוק",טעון השוואה פרטנית,
816,אביזרים רפואיים ומכשור,,מכשיר אינהלציה לחולי אסטמה,"כלל מבוטחי השב""ן בקופות החולים (לפי תוכנית והקופה)","הטבת שב""ן בנושא מכשיר אינהלציה לחולי אסטמה",החזר/הטבה למכשיר אינהלציה לחולי אסטמה בין 57 ל-104 ₪,"זהב · PROG09 · מכשיר ויאז׳ — ₪99; נביסול — ₪57; מכשיר לילדים 3008 — ₪104; מיני — ₪62; זכאות לרכישה כל 3 שנים בבתי המרקחת של כללית בהשתתפות עצמית נמוכה (נספח א׳ — תקנון כללית מושלם זהב)

פלטינום · PROG10 · אין מידע — מומלץ לבדוק","כסף · PROG14 · אין מידע — מומלץ לבדוק

זהב · PROG15 · אין מידע — מומלץ לבדוק

שלי · PROG16 · אין מידע — מומלץ לבדוק","עדיף · PROG19 · אין מידע — מומלץ לבדוק

שיא · PROG20 · אין מידע — מומלץ לבדוק","כסף · PROG24 · אין מידע — מומלץ לבדוק

זהב · PROG25 · אין מידע — מומלץ לבדוק",טעון השוואה פרטנית,
817,אביזרים רפואיים ומכשור,,מכשיר TENS לשיכוך כאבים,"כלל מבוטחי השב""ן בקופות החולים (לפי תוכנית והקופה)","הטבת שב""ן בנושא מכשיר TENS לשיכוך כאבים",החזר/הטבה למכשיר TENS לשיכוך כאבים בין 100 ל-164 ₪,"זהב · PROG09 · פרוטנס — ₪100; פרימה טנס — ₪114; טנס דיגיטלי סנסורי — ₪140; טאצ׳טנס — ₪164 (מחירי עמית — נספח א׳, תקנון כללית מושלם זהב)

פלטינום · PROG10 · אין מידע — מומלץ לבדוק","כסף · PROG14 · אין מידע — מומלץ לבדוק

זהב · PROG15 · אין מידע — מומלץ לבדוק

שלי · PROG16 · אין מידע — מומלץ לבדוק","עדיף · PROG19 · אין מידע — מומלץ לבדוק

שיא · PROG20 · אין מידע — מומלץ לבדוק","כסף · PROG24 · אין מידע — מומלץ לבדוק

זהב · PROG25 · אין מידע — מומלץ לבדוק",טעון השוואה פרטנית,
818,אביזרים רפואיים ומכשור,,מכשיר לחץ דם — מחיר מסובסד,"כלל מבוטחי השב""ן בקופות החולים (לפי תוכנית והקופה)","הטבת שב""ן בנושא מכשיר לחץ דם — מחיר מסובסד",החזר/הטבה למכשיר לחץ דם — מחיר מסובסד בין 149 ל-275 ₪,"זהב · PROG09 · מיקרולייף כף יד — ₪199; רוזמקס ME150F — ₪149; פארמה מדיק KD591 — ₪149; אומרון MX3 פלוס — ₪220; אומרון M4-1 — ₪275 (מחירי עמית — נספח א׳, תקנון כללית מושלם זהב)

פלטינום · PROG10 · אין מידע — מומלץ לבדוק","כסף · PROG14 · אין מידע — מומלץ לבדוק

זהב · PROG15 · אין מידע — מומלץ לבדוק

שלי · PROG16 · אין מידע — מומלץ לבדוק","עדיף · PROG19 · אין מידע — מומלץ לבדוק

שיא · PROG20 · אין מידע — מומלץ לבדוק","כסף · PROG24 · אין מידע — מומלץ לבדוק

זהב · PROG25 · אין מידע — מומלץ לבדוק",טעון השוואה פרטנית,
819,אביזרים רפואיים ומכשור,,פולסאוקסימטר — השאלה חודשית,"כלל מבוטחי השב""ן בקופות החולים (לפי תוכנית והקופה)","הטבת שב""ן בנושא פולסאוקסימטר — השאלה חודשית",החזר/הטבה לפולסאוקסימטר — השאלה חודשית עד 171 ₪,"זהב · PROG09 · השאלה חודשית ב-₪171 לחודש (נספח א׳ — תקנון כללית מושלם זהב)

פלטינום · PROG10 · אין מידע — מומלץ לבדוק","כסף · PROG14 · אין מידע — מומלץ לבדוק

זהב · PROG15 · אין מידע — מומלץ לבדוק

שלי · PROG16 · אין מידע — מומלץ לבדוק","עדיף · PROG19 · אין מידע — מומלץ לבדוק

שיא · PROG20 · אין מידע — מומלץ לבדוק","כסף · PROG24 · אין מידע — מומלץ לבדוק

זהב · PROG25 · אין מידע — מומלץ לבדוק",טעון השוואה פרטנית,
820,אביזרים רפואיים ומכשור,,CPM לברך — מכשיר שיקום פסיבי,"כלל מבוטחי השב""ן בקופות החולים (לפי תוכנית והקופה)","הטבת שב""ן בנושא CPM לברך — מכשיר שיקום פסיבי",החזר/הטבה לCPM לברך — מכשיר שיקום פסיבי עד 91 ₪,"זהב · PROG09 · השאלה ב-₪91 לחודש לאחר ניתוח ברך (נספח א׳ — תקנון כללית מושלם זהב)

פלטינום · PROG10 · אין מידע — מומלץ לבדוק","כסף · PROG14 · אין מידע — מומלץ לבדוק

זהב · PROG15 · אין מידע — מומלץ לבדוק

שלי · PROG16 · אין מידע — מומלץ לבדוק","עדיף · PROG19 · אין מידע — מומלץ לבדוק

שיא · PROG20 · אין מידע — מומלץ לבדוק","כסף · PROG24 · אין מידע — מומלץ לבדוק

זהב · PROG25 · אין מידע — מומלץ לבדוק",טעון השוואה פרטנית,
821,אביזרים רפואיים ומכשור,,סטימולטור ביתי לטיפול בבריחת שתן,"כלל מבוטחי השב""ן בקופות החולים (לפי תוכנית והקופה)","הטבת שב""ן בנושא סטימולטור ביתי לטיפול בבריחת שתן",החזר/הטבה לסטימולטור ביתי לטיפול בבריחת שתן עד 360 ₪,"זהב · PROG09 · השאלה ב-₪360 לחודש (נספח א׳ — תקנון כללית מושלם זהב)

פלטינום · PROG10 · אין מידע — מומלץ לבדוק","כסף · PROG14 · אין מידע — מומלץ לבדוק

זהב · PROG15 · אין מידע — מומלץ לבדוק

שלי · PROG16 · אין מידע — מומלץ לבדוק","עדיף · PROG19 · אין מידע — מומלץ לבדוק

שיא · PROG20 · אין מידע — מומלץ לבדוק","כסף · PROG24 · אין מידע — מומלץ לבדוק

זהב · PROG25 · אין מידע — מומלץ לבדוק",טעון השוואה פרטנית,
822,אביזרים רפואיים ומכשור,,משאבת אינפוזיה (קנגרו) — השאלה,"כלל מבוטחי השב""ן בקופות החולים (לפי תוכנית והקופה)","הטבת שב""ן בנושא משאבת אינפוזיה (קנגרו) — השאלה",,"זהב · PROG09 · השאלה ב-₪12 לחודש (נספח א׳ — תקנון כללית מושלם זהב)

פלטינום · PROG10 · אין מידע — מומלץ לבדוק","כסף · PROG14 · אין מידע — מומלץ לבדוק

זהב · PROG15 · אין מידע — מומלץ לבדוק

שלי · PROG16 · אין מידע — מומלץ לבדוק","עדיף · PROG19 · אין מידע — מומלץ לבדוק

שיא · PROG20 · אין מידע — מומלץ לבדוק","כסף · PROG24 · אין מידע — מומלץ לבדוק

זהב · PROG25 · אין מידע — מומלץ לבדוק",טעון השוואה פרטנית,
823,אביזרים רפואיים ומכשור,,חגורת בקע — מחיר מסובסד,"כלל מבוטחי השב""ן בקופות החולים (לפי תוכנית והקופה)","הטבת שב""ן בנושא חגורת בקע — מחיר מסובסד",החזר/הטבה לחגורת בקע — מחיר מסובסד עד 171 ₪,"זהב · PROG09 · ₪171 לחגורת בקע (נספח א׳ — תקנון כללית מושלם זהב)

פלטינום · PROG10 · אין מידע — מומלץ לבדוק","כסף · PROG14 · אין מידע — מומלץ לבדוק

זהב · PROG15 · אין מידע — מומלץ לבדוק

שלי · PROG16 · אין מידע — מומלץ לבדוק","עדיף · PROG19 · אין מידע — מומלץ לבדוק

שיא · PROG20 · אין מידע — מומלץ לבדוק","כסף · PROG24 · אין מידע — מומלץ לבדוק

זהב · PROG25 · אין מידע — מומלץ לבדוק",טעון השוואה פרטנית,
824,אביזרים רפואיים ומכשור,,אביזר להקראה ולזיהוי לכבדי ראייה,"כלל מבוטחי השב""ן בקופות החולים (לפי תוכנית והקופה)","הטבת שב""ן בנושא אביזר להקראה ולזיהוי לכבדי ראייה","החזר/הטבה לאביזר להקראה ולזיהוי לכבדי ראייה בין 8,000 ל-10,000 ₪","זהב · PROG09 · אביזר להקראה — ₪8,000; אביזר לזיהוי והקראה — ₪10,000; (מחירי עמית — נספח א׳, תקנון כללית מושלם זהב)

פלטינום · PROG10 · אין מידע — מומלץ לבדוק","כסף · PROG14 · אין מידע — מומלץ לבדוק

זהב · PROG15 · אין מידע — מומלץ לבדוק

שלי · PROG16 · אין מידע — מומלץ לבדוק","עדיף · PROG19 · אין מידע — מומלץ לבדוק

שיא · PROG20 · אין מידע — מומלץ לבדוק","כסף · PROG24 · אין מידע — מומלץ לבדוק

זהב · PROG25 · אין מידע — מומלץ לבדוק",טעון השוואה פרטנית,
825,אביזרים רפואיים ומכשור,,"מד חום, משקל ושעון דופק — בהנחה","כלל מבוטחי השב""ן בקופות החולים (לפי תוכנית והקופה)","הטבת שב""ן בנושא מד חום, משקל ושעון דופק — בהנחה","החזר/הטבה למד חום, משקל ושעון דופק — בהנחה בין 149 ל-340 ₪","זהב · PROG09 · מד חום לאוזן מיקרולייף — ₪149; משקל THINNER — ₪150; שעון דופק PoLar FS2C — ₪340; שעון TRIAX C3 — ₪190; שעון IMARA — ₪240; (מחירי עמית כללית מושלם — נספח א׳, תקנון כללית מושלם זהב)

פלטינום · PROG10 · אין מידע — מומלץ לבדוק","כסף · PROG14 · אין מידע — מומלץ לבדוק

זהב · PROG15 · אין מידע — מומלץ לבדוק

שלי · PROG16 · אין מידע — מומלץ לבדוק","עדיף · PROG19 · אין מידע — מומלץ לבדוק

שיא · PROG20 · אין מידע — מומלץ לבדוק","כסף · PROG24 · אין מידע — מומלץ לבדוק

זהב · PROG25 · אין מידע — מומלץ לבדוק",טעון השוואה פרטנית,
826,אביזרים רפואיים ומכשור,,CPAP — השתתפות עצמית לאומית,"כלל מבוטחי השב""ן בקופות החולים (לפי תוכנית והקופה)","הטבת שב""ן בנושא CPAP — השתתפות עצמית לאומית","החזר/הטבה לCPAP — השתתפות עצמית לאומית בין 1,083 ל-1,844 ₪","זהב · PROG09 · אין מידע — מומלץ לבדוק

פלטינום · PROG10 · אין מידע — מומלץ לבדוק","כסף · PROG14 · אין מידע — מומלץ לבדוק

זהב · PROG15 · אין מידע — מומלץ לבדוק

שלי · PROG16 · אין מידע — מומלץ לבדוק","עדיף · PROG19 · אין מידע — מומלץ לבדוק

שיא · PROG20 · אין מידע — מומלץ לבדוק","כסף · PROG24 · השתתפות עצמית ₪1,663 (רגיל) (לאומית כסף, פרק כ""ד רשימה 5.1)

זהב · PROG25 · השתתפות עצמית ₪1,083 (רגיל) / ₪1,844 (אוטומטי) (לאומית זהב, פרק כ""ד רשימה 5.1)",טעון השוואה פרטנית,
827,אביזרים רפואיים ומכשור,,BPAP — מכשיר לנשימה,"כלל מבוטחי השב""ן בקופות החולים (לפי תוכנית והקופה)","הטבת שב""ן בנושא BPAP — מכשיר לנשימה","החזר/הטבה לBPAP — מכשיר לנשימה בין 1,759 ל-3,666 ₪","זהב · PROG09 · אין מידע — מומלץ לבדוק

פלטינום · PROG10 · אין מידע — מומלץ לבדוק","כסף · PROG14 · אין מידע — מומלץ לבדוק

זהב · PROG15 · אין מידע — מומלץ לבדוק

שלי · PROG16 · אין מידע — מומלץ לבדוק","עדיף · PROG19 · אין מידע — מומלץ לבדוק

שיא · PROG20 · אין מידע — מומלץ לבדוק","כסף · PROG24 · השתתפות עצמית ₪3,666 (לאומית כסף, פרק כ""ד רשימה 5.1)

זהב · PROG25 · השתתפות עצמית ₪1,759 (לאומית זהב, פרק כ""ד רשימה 5.1)",טעון השוואה פרטנית,
828,רפואה משלימה ואורח חיים,,רפואה משלימה (אלטרנטיבית),"כלל מבוטחי השב""ן בקופות החולים (לפי תוכנית והקופה)","סעיף 17 — רפואה משלימה (מהות הכיסוי ביחס ל""מכבי זהב"": משופר חלופי):",החזר/הטבה לרפואה משלימה (אלטרנטיבית) עד 50 ₪,"זהב · PROG09 · רפואה משלימה במרפאות הסדר (סעיף 30): השתתפות בהוצאות טיפול במצבים רפואיים באמצעות רפואה משלימה. עמית שירכוש את השירות במרפאות ""כללית רפואה משלימה"": עד 20 טיפולים בשנה קלנדרית, בהשתתפות עצמית של 40% ממחיר המחירון של מרפאות ""כללית רפואה משלימה"". במכסת הטיפולים ייכלל גם ייעוץ מקדים, שבגינו תיגבה השתתפות עצמית של ₪33 (צמוד למדד). תקופת אכשרה: 3 חודשים. (התקנון אינו מפרט בנפרד דיקור/נטורופתיה/הומאופתיה/כירופרקטיקה/רפלקסולוגיה/שיאצו — הכיסוי כללי לרפואה משלימה במרפאות ההסדר.)

פלטינום · PROG10 · אין מידע — מומלץ לבדוק. הכיסוי לרפואה משלימה ניתן במסגרת 'מושלם זהב' (ראו עמודה זו). בפלטינום מופיע רק חריג שלילת כיסוי לרפואה משלימה/הומאופתיה בהקשר ניתוחים פרטיים בחו""ל, וכן החזר לרכישת רפואה משלימה שלא במרפאות הסדר — רק במסגרת החבילה התומכת לחולי סרטן.","כסף · PROG14 · סעיף 15 — רפואה משלימה:
חבר זכאי להנחה של כ-10% ממחיר כל טיפול לפי מחירון מרפאות ""מכבי טבעי"" שאושרו ע""י ""מכבי כסף"", בתחומים: אקופונקטורה, ביופידבק, כירופרקטיקה, רפלקסולוגיה, שיאצו, הומיאופתיה, צמחי מרפא, טווינה, שיטת פאולה, אוסטיאופתיה, שיטת אלכסנדר, יוגה לחולי סרטן, היפנוזה ודמיון מודרך.
תקופת המתנה: ללא תקופת המתנה.

זהב · PROG15 · סעיף 17 — רפואה משלימה:
חבר זכאי להנחה בשיעור של כ-30% ממחיר כל טיפול לפי מחירון מכבי טבעי, בתחומים: ייעוץ, אקופונקטורה, ביופידבק, כירופרקטיקה, רפלקסולוגיה, שיאצו, הומיאופתיה, צמחי מרפא, טווינה, שיטת פאולה, אוסטיאופתיה, שיטת אלכסנדר, יוגה לחולי סרטן, היפנוזה ודמיון מודרך.
הזכאות: עד 20 הטיפולים הראשונים בשנה קלנדרית — הנחה של כ-30%; מעבר לטיפול ה-20 — הנחה של 10% בלבד.
תקופת המתנה: ללא תקופת המתנה.

שלי · PROG16 · סעיף 17 — רפואה משלימה (מהות הכיסוי ביחס ל""מכבי זהב"": משופר חלופי):
17.1 חבר ""מכבי שלי"" זכאי להנחה בשיעור של כ-56% ממחיר כל טיפול, לפי מחירון מכבי טבעי לחברי מכבי כמפורט בנספח ב' לתקנון, בגין טיפולים הניתנים במרפאות ""מכבי טבעי"".
17.2 הזכאות לפי סעיף 17.1 היא ל-20 טיפולים ראשונים לכל היותר בשנה קלנדרית אחת, בכל התחומים גם יחד, לרבות ייעוץ רפואי.
17.3 חבר ""מכבי שלי"" זכאי להנחה בשיעור של 10% ממחיר כל טיפול מעבר לטיפול ה-20, עבור כל טיפולי הרפואה המשלימה המופיעים ברשימת הטיפולים במרפאות מכבי טבעי שבהסכם עם מכבי.
תקופת המתנה: 3 חודשים.","עדיף · PROG19 · סעיף ב'.12 — רפואה משלימה
תקופת המתנה: לא נדרשת תקופת המתנה.
מבוטח אשר סובל מבעיה רפואית שלא ניתן למצוא לה מזור בשיטות הרפואה המקובלות 'ברפואה הקונוונציונלית' יהיה זכאי להנחה בשיעור שבין 25%-40% מהתעריף המקובל במרפאות לרפואה משלימה של הקופה בגין הטיפול הדרוש ('טיפול' הינו טיפול אקטיבי לפתרון בעיה אקוטית, ולא טיפול תחזוקתי שוטף). גובה ההנחה מותנה בסוג הטיפול — התעריף יועמד לרשות המבוטחים באותן מרפאות, בכפוף לתנאים הבאים:
12.2.1 הרופא הממיין במרפאה לרפואה משלימה של הקופה יקבע את סוג הטיפול הדרוש ואת היקפו ובכל מקרה בהיקף שלא יעלה על 22 טיפולים בשנה.
12.2.2 המבוטח אינו זכאי לשיפוי בגין טיפולים שקיבל בתחום 'הרפואה המשלימה' מחוץ למרפאות הקופה.
12.2.3 הקופה תספק בכל אחת מהמרפאות המיועדות לכך את מגוון הטיפולים הקיים באותה מרפאה; אינה מחויבת לספק בכל מרפאה את כלל תחומי הטיפול.
12.2.4 הסמכות המקצועית בקופה רשאית להפנות מבוטח למרפאה אחרת של הקופה.
שיטות הטיפול המקובלות: ייעוץ, דיקור (אקופונקטורה), שיאצו, רפלקסולוגיה, טווינה, כירופרקטיקה, אוסטאופתיה, הומאופתיה, שיטת אלכסנדר, שיטת פלדנקרייז.
מבוטח שלא הגיע לתור ולא ביטל לפחות 24 שעות מראש — יחויב בגובה ההשתתפות העצמית ועד השתתפות מרבית של 50 ש""ח.

שיא · PROG20 · סעיף ב'.32 — רפואה משלימה
תקופת המתנה: 12 חודשים מיום ההצטרפות לתוכנית.
מהות השירות ביחס לזכאות על פי 'מאוחדת עדיף': משופר חלופי.
מבוטח יהיה זכאי לסדרה בת 22 טיפולים לשנה בכל התחומים יחד בהנחה של 40%-50% ממחירון מבוטח ללא ביטוח משלים.
האמור לעיל בכפוף לכל ההנחיות והסייגים הכלולים בסעיף 12 לתקנון 'עדיף'.","כסף · PROG24 · פרק ל""ד — רפואה טבעית משלימה

סעיף 1 — המקרה המזכה: טיפולים ברפואה משלימה שעבר עמית במכון שבהסדר, בכפוף לתשלום השתתפות עצמית כמפורט להלן.

רשימת סוגי הטיפולים והשתתפות עצמית לעמיתי ""לאומית כסף"" (בש""ח):
1.1 הומאופטיה, ביקור ראשון — 237
1.2 הומאופטיה, המשך טיפול — 195
1.3 כירופרקטיקה — 135
1.4 אוסטאופטיה — 135
1.5 רפלקסולוגיה — 135
1.6 שיאצו — 135
1.7 פלדנקרייז אישי — 135
1.8 פלדנקרייז קבוצתי — 38
1.9 ביופידבק — 158
1.10 פרחי באך — 135
1.11 שיטת פאולה — 135
1.12 שיטת אלכסנדר — 135
1.13 עיסוי בשמנים ארומטיים — 135
1.14 נטורופטיה — 135
1.15 רפואה סינית — 135
1.16 טאי-צ'י (לחודש) — 246
1.17 שיטת אלבאום — אבחון (למי שמלאו לו 6 שנים) — 588
1.18 שיטת אלבאום — טיפול — 130
1.19 עיסוי לימפטי — 196
1.20 ג'יירוקינטיקס — 245
1.21 טווינא — 101
1.22 מיון ראשוני — 106
1.23 סייקים — סדנא — 865
1.24 סדנת יוגה (4 מפגשים) — 198
1.25 עיסוי תינוקות קבוצתי — 319
1.26 עיסוי תינוקות אישי — 319
1.27 הומאופטיה ביקור בית ראשון — 232
1.28 הומאופטיה ביקור בית חוזר — 217
1.29 רפלקסולוגיה ביקור בית — 203
1.30 שיאצו ביקור בית — 203
1.31 פרחי באך ביקורי בית — 203
1.32 עיסוי בשמנים ארומטיים — ביקורי בית — 217
1.33 נטורופתיה — ביקורי בית — 178
1.34 רפואה סינית — ביקורי בית — 224
1.35 הומאופטיה ביקור ראשון — ילדים — 237
1.36 הומאופטיה ביקור חוזר — ילדים — 195
1.37 רפלקסולוגיה — ילדים — 135
1.38 שיאצו — ילדים — 135
1.39 פרחי באך — ילדים — 135
1.40 עיסוי בשמנים ארומטיים — ילדים — 135
1.41 נטורופתיה — ילדים — 135
1.42 רפואה סינית (דיקור) — ילדים — 135
1.43 טווינא — ילדים — 106
1.44 מיון ראשוני — ילדים — 103 (שורה 5474 בקובץ: 103)
1.45 שיטת אלבאום — אבחון ילדים (שטרם מלאו להם 6 שנים) — 391
1.46 שיטת אלבאום — טיפול ילדים — 130

סעיף 2 — קבלת שירותים: השירותים יינתנו במכונים שבהסדר.

סעיף 3.1 — הגבלות: הקופה לא תשפה בגין: היפנוזה/היפנוטרפיה; טיפולים לצורך הרזיה; גמילה מהרגלים/התמכרות; טיפולים שאינם ברשימה; תרופות/צמחי מרפא/חומרים שנדרשו לטיפול.

סעיף 4 — תקופת אכשרה: לפרק זה לא תהיה תקופת אכשרה.

זהב · PROG25 · פרק ל""ד — רפואה טבעית משלימה

סעיף 1 — המקרה המזכה: טיפולים ברפואה משלימה שעבר עמית במכון שבהסדר, בכפוף לתשלום השתתפות עצמית מופחתת כמפורט להלן.

רשימת סוגי הטיפולים והשתתפות עצמית לעמיתי ""לאומית זהב"" (בש""ח):
1.1 הומאופטיה, ביקור ראשון — 181
1.2 הומאופטיה, המשך טיפול — 109
1.3 כירופרקטיקה — 122
1.4 אוסטאופטיה — 122
1.5 רפלקסולוגיה — 92
1.6 שיאצו — 92
1.7 פלדנקרייז אישי — 90
1.8 פלדנקרייז קבוצתי — 23
1.9 ביופידבק — 135
1.10 פרחי באך — 90
1.11 שיטת פאולה — 68
1.12 שיטת אלכסנדר — 90
1.13 עיסוי בשמנים ארומטיים — 97
1.14 נטורופטיה — 94
1.15 רפואה סינית — 92
1.16 טאי-צ'י (לחודש) — 174
1.17 שיטת אלבאום — אבחון (למי שמלאו לו 6 שנים) — 424
1.18 שיטת אלבאום — טיפול — 103
1.19 עיסוי לימפטי — 123
1.20 ג'יירוקינטיקס — 173
1.21 טווינא — 92
1.22 מיון ראשוני — 30
1.23 סייקים — סדנא — 799
1.24 סדנת יוגה (4 מפגשים) — 172
1.25 עיסוי תינוקות קבוצתי — 293
1.26 עיסוי תינוקות אישי — 293
1.27 הומאופטיה ביקור בית ראשון — 217
1.28 הומאופטיה ביקור בית חוזר — 203
1.29 רפלקסולוגיה ביקור בית — 174
1.30 שיאצו ביקור בית — 174
1.31 פרחי באך ביקורי בית — 174
1.32 עיסוי בשמנים ארומטיים — ביקורי בית — 203
1.33 נטורופתיה — ביקורי בית — 130
1.34 רפואה סינית — ביקורי בית — 195
1.35 הומאופטיה ביקור ראשון — ילדים — 165
1.36 הומאופטיה ביקור חוזר — ילדים — 90
1.37 רפלקסולוגיה — ילדים — 68
1.38 שיאצו — ילדים — 68
1.39 פרחי באך — ילדים — 90
1.40 עיסוי בשמנים ארומטיים — ילדים — 90
1.41 נטורופתיה — ילדים — 93
1.42 רפואה סינית (דיקור) — ילדים — 75
1.43 טווינא — ילדים — 80
1.44 מיון ראשוני — ילדים — 30
1.45 שיטת אלבאום — אבחון ילדים (שטרם מלאו להם 6 שנים) — 221
1.46 שיטת אלבאום — טיפול ילדים — 103

סעיף 2 — קבלת שירותים: השירותים יינתנו במכונים שבהסדר.

סעיף 3.1 — הגבלות: הקופה לא תשפה בגין: היפנוזה/היפנוטרפיה; טיפולים לצורך הרזיה; גמילה מהרגלים/התמכרות; טיפולים שאינם ברשימה; תרופות/צמחי מרפא/חומרים שנדרשו לטיפול.

סעיף 4 — תקופת אכשרה: לפרק זה לא תהיה תקופת אכשרה.",מכבי שלי,
829,רפואה משלימה ואורח חיים,,ייעוץ תזונתי / דיאטנית,"כלל מבוטחי השב""ן בקופות החולים (לפי תוכנית והקופה)","פרק ח' סעיף 9: ייעוץ תזונתי בבית — עד 3 מפגשים עם תזונאי מוסמך, השת""ע ₪25/מפגש, חד-פעמי לכל תקופת החברות, אכשרה 6 חודשים, ספקים בהסדר. נוסף: בחבילה תומכת לחולי סרטן — החזר 75% עד ת","החזר/הטבה לייעוץ תזונתי / דיאטנית בין 471 ל-11,199 ₪","זהב · PROG09 · סעיף 37: ייעוץ דיאטטי בבית העמית באמצעות 'כללית דיאט' — 25% ממחירון כללית, 6 מפגשים, אכשרה 3 חודשים. מקור: תקנון מושלם זהב סעיף 37.

פלטינום · PROG10 · פרק ח' סעיף 9: ייעוץ תזונתי בבית — עד 3 מפגשים עם תזונאי מוסמך, השת""ע ₪25/מפגש, חד-פעמי לכל תקופת החברות, אכשרה 6 חודשים, ספקים בהסדר. נוסף: בחבילה תומכת לחולי סרטן — החזר 75% עד תקרת ₪11,199 (אכשרה 12 חודשים). מקור: תקנון מושלם פלטינום פרק ח' סעיף 9 / פרק ט'.","כסף · PROG14 · אין מידע — מומלץ לבדוק. ""מכבי כסף"" אינו מציין כיסוי ייעודי לייעוץ תזונתי/דיאטנית. מקור: תקנון מכבי כסף.

זהב · PROG15 · אין מידע — מומלץ לבדוק. ""מכבי זהב"" אינו מציין כיסוי ייעודי לייעוץ תזונתי/דיאטנית (פרט לייעוץ כחלק מחבילת לידה). מקור: תקנון מכבי זהב.

שלי · PROG16 · ייעוץ תזונה ליולדת בלבד — ייעוץ אישי בבית היולדת לפעילות גופנית ו/או לתזונה נכונה על ידי תזונאית מוסמכת (סעיף 11.5.2), תקרת החזר: ₪471.32 לכל ייעוץ. הזכאות מוגבלת ליולדות בלבד. אין כיסוי ייעוץ תזונתי כללי. מקור: תקנון מכבי שלי.","עדיף · PROG19 · סעיף 29 — ייעוץ תזונתי. תקופת אכשרה: לא נדרשת. זכאות: עד 4 פגישות בשנה קלנדרית אצל יועץ תזונה הקשור עם הקופה בהסכם. השתתפות עצמית: 34 ש""ח לפגישה. מקור: תקנון מאוחדת עדיף.

שיא · PROG20 · סעיף 11 — ייעוץ תזונתי. תקופת אכשרה: לא נדרשת. זכאות: 2 פגישות נוספות בשנה (מעבר לזכאות מסעיף 29 לתקנון עדיף), אצל יועץ תזונה בהסכם עם הקופה. השתתפות עצמית: 34 ש""ח לפגישה. סה""כ זכאות מצטברת לבעלי שיא: 6 פגישות בשנה (4 מעדיף + 2 משיא). מקור: תקנון מאוחדת שיא.","כסף · PROG24 · אין כיסוי ייעודי לייעוץ תזונתי/דיאטנית כשירות עצמאי בתכנית לאומית כסף. ייעוץ תזונה אישי בבית העמית (פרק ל""ה סעיף 4) מוגבל לעמיתי לאומית זהב בלבד. מקור: תקנון לאומית כסף.

זהב · PROG25 · ייעוץ תזונה אישי בבית העמית עם תזונאית מוסמכת שבהסדר, לעמיתים מגיל 18 ומעלה (פרק ל""ה סעיף 4), בתנאי שאינם זכאים לשירות זה בסל הבסיסי. תקרת טיפולים: עד 2 טיפולים בתקופת הסכם (המכסה הכוללת עם אימון כושר: עד 12 טיפולים). השתתפות עצמית: ₪30 לטיפול. הקופה נושאת ביתרת העלות. תקופת אכשרה: 6 חודשים (לסעיף 4 של פרק ל""ה). אישור מראש: לא נדרש מפורשות. מקור: תקנון לאומית זהב.",כללית פלטינום,
830,רפואה משלימה ואורח חיים,,סדנאות וקורסים לאורח חיים בריא,"כלל מבוטחי השב""ן בקופות החולים (לפי תוכנית והקופה)","סעיף 12 — סדנאות וקורסים. תקופת אכשרה: לא נדרשת. מבוטח זכאי להנחה של 50% מהתעריף הרגיל או 600 ש""ח לקורס (הנמוך מבין השניים) בקורסים וסדנאות בתחומים: הרזיה, הכנה ללידה — בלבד שמתקיי",החזר/הטבה לסדנאות וקורסים לאורח חיים בריא בין 80 ל-600 ₪,"זהב · PROG09 · סעיף 38: סדנאות אורח חיים בריא באמצעות 'כללית אישית' — 20% ממחירון כללית אישית. מספר מפגשים לא צוין; לא נמצא סעיף גמילה מעישון מפורש. מקור: תקנון מושלם זהב סעיף 38.

פלטינום · PROG10 · לא מופיע בפלטינום — חל הכיסוי של מושלם זהב. מקור: תקנון מושלם פלטינום.","כסף · PROG14 · אין מידע — מומלץ לבדוק. ""מכבי כסף"" אינו מציין סדנאות לאורח חיים בריא. מקור: תקנון מכבי כסף.

זהב · PROG15 · שני מסלולים: (1) אפליקציית מכבי Upapp — חבר מגיל 14 ומעלה זכאי ל-4 אימונים פרונטליים בחודש (לא נצבר) בעלות ₪25 לאימון אצל ספקים שבאפליקציה, ללא תקופת המתנה (סעיף 32.1, בתוקף עד 1.6.2028). (2) סדנאות וירטואליות לגיל השלישי (70+) — מנוי לסדנאות וירטואליות לאורח חיים בריא במגוון תחומים אצל ספקים בהסכם, כולל התקנת ערכה ייעודית בבית; השתתפות עצמית: ₪25 לחודש (סעיף 32.2). ללא תקופת המתנה לסדנאות אלו. מקור: תקנון מכבי זהב.

שלי · PROG16 · סדנאות הריון, לידה והורות בלבד (סעיף 15) — הכנה ללידה: ₪179.65 לזוג/יחיד; עיסוי תינוקות (עד גיל שנה): ₪89.83 לזוג/יחיד; התעמלות לאחר לידה (עד שנה מהלידה): ₪203.23 ליחיד; החייאה: ₪27.10 ליחיד. ללא תקופת המתנה. אין סדנאות אורח חיים בריא כלליות ב""מכבי שלי"" (מעבר לסדנאות לידה ו/או שימור הכושר הקוגניטיבי לגיל 45+). מקור: תקנון מכבי שלי.","עדיף · PROG19 · סעיף 34 — אורח חיים בריא. תקופת אכשרה: לא נדרשת. מבוטחים מגיל 14 זכאים להירשם לאפליקציית אורח חיים בריא לרכישת חבילת 4 אימונים קבוצתיים בחודש בעלות 40 ש""ח, או 4 אימונים בחודש במרכזי ספורט וכושר בהסדר בעלות 80 ש""ח. אין סעיף ייעודי לסדנאות גמילה מעישון או קורסי תזונה ספציפיים. מקור: תקנון מאוחדת עדיף.

שיא · PROG20 · סעיף 12 — סדנאות וקורסים. תקופת אכשרה: לא נדרשת. מבוטח זכאי להנחה של 50% מהתעריף הרגיל או 600 ש""ח לקורס (הנמוך מבין השניים) בקורסים וסדנאות בתחומים: הרזיה, הכנה ללידה — בלבד שמתקיימים במסגרת הקופה ו/או אצל ספקים בהסכם. ההשתתפות מוגבלת לקורס אחד בשנה קלנדרית בכל אחד מהתחומים (סה""כ 2 קורסים בשנה). השירות מתווסף לזכאות עדיף. מקור: תקנון מאוחדת שיא.","כסף · PROG24 · אין כיסוי לסדנאות או קורסים לאורח חיים בריא (גמילה מעישון, תזונה וכד') בתכנית לאומית כסף. גמילה מעישון מפורטת כהחרגה מפורשת בפרק ל""ד (רפואה משלימה). מקור: תקנון לאומית כסף.

זהב · PROG25 · תוכנית דיגיטלית לקידום אורח חיים בריא ועידוד פעילות גופנית (פרק ל""ה סעיף 5), לעמיתים מגיל 14 ומעלה, באמצעות ספק שבהסדר. השתתפות עצמית: ₪5 לחודש (3 חודשים ראשונים ברישום ללא השתתפות עצמית, פעם אחת בתקופת הסכם; בפועל ניתן ללא השתתפות עצמית עד 31.12.2025). אין כיסוי לסדנת גמילה מעישון (מוחרג). תקופת אכשרה: ללא (לסעיפים 1-3 ו-5 בפרק ל""ה). מקור: תקנון לאומית זהב.",מאוחדת שיא,
831,רפואה משלימה ואורח חיים,,אימוני כושר אישיים בבית,"כלל מבוטחי השב""ן בקופות החולים (לפי תוכנית והקופה)","סעיף 34 — אורח חיים בריא. מבוטחי עדיף מגיל 14 זכאים להירשם לאפליקציית אורח חיים בריא ולרכוש חבילה של 4 אימונים קבוצתיים בחודש במרכזי ספורט וכושר בהסדר, בעלות של 40 ₪ לחבילת 4 אימונ",החזר/הטבה לאימוני כושר אישיים בבית עד 80 ₪,"זהב · PROG09 · אין מידע — מומלץ לבדוק. אימוני כושר אישיים אינם מופיעים כזכאות במושלם זהב. מקור: תקנון מושלם זהב.

פלטינום · PROG10 · פרק ח' סעיף 9: עמית מגיל 18+ זכאי לחבילת שירות הכוללת אימוני כושר אישיים בבית העמית — עד 10 אימונים, השת""ע ₪25 למפגש, חד-פעמי לכל תקופת החברות, אכשרה 6 חודשים, באמצעות ספקים בהסדר (ללא חדר כושר). מקור: תקנון מושלם פלטינום פרק ח' סעיף 9.","כסף · PROG14 · אין מידע — מומלץ לבדוק. תקנון מכבי כסף אינו כולל סעיף לאימוני כושר אישיים בבית או בחדר כושר (מלבד פעילות גופנית משקמת/מבוקרת במכונים שבהסכם לאחר אירוע קרדיאלי — סעיפים 9.1–9.3, שאינם אימון אישי כללי). מקור: תקנון מכבי כסף.

זהב · PROG15 · סעיף 32.1 — מכבי upapp (אפליקציה לחיים בריאים): חבר בגיל 14 שנים ומעלה זכאי ל-4 אימונים פרונטליים בחודש בלבד (לא נצבר), בעלות של ₪25 לאימון, אצל ספקים המוצעים באפליקציה. תקרת החזר בש""ח: לא צוינה (תשלום ₪25 לאימון ישירות). אחוז החזר/שיפוי: לא צוין. מספר אימונים: 4 לחודש. אכשרה: ללא תקופת המתנה. אישור מראש נדרש: לא. הערה: סעיף בתוקף עד 1.6.2028. מקור: תקנון מכבי זהב.

שלי · PROG16 · אין מידע — מומלץ לבדוק. תקנון מכבי שלי אינו כולל סעיף לאימוני כושר אישיים בבית או בחדר כושר (הסעיף הקרוב ביותר הוא 'שימור הכושר הקוגניטיבי' — סעיף 21 — שעוסק בסדנאות/תוכנות לשימור כושר קוגניטיבי, לא כושר גופני). מקור: תקנון מכבי שלי.","עדיף · PROG19 · סעיף 34 — אורח חיים בריא. מבוטחי עדיף מגיל 14 זכאים להירשם לאפליקציית אורח חיים בריא ולרכוש חבילה של 4 אימונים קבוצתיים בחודש במרכזי ספורט וכושר בהסדר, בעלות של 40 ₪ לחבילת 4 אימונים קבוצתיים (או לחילופין 80 ₪ לחבילת 4 אימונים במרכזי ספורט וכושר). אין כיסוי לאימון אישי בבית המבוטח בתוכנית זו. תקופת אכשרה: לא נדרשת. אישור מראש: לא נדרש. מקור: תקנון מאוחדת עדיף.

שיא · PROG20 · סעיף 41 — אימוני כושר אישיים בבית החבר. הזכאות מתווספת (אינה קיימת במאוחדת עדיף). מבוטח מגיל 18 ומעלה זכאי לאימוני כושר אישיים בביתו על ידי מאמן/ת כושר אישי מוסמך/ת הנמצא ברשימת הספקים בהסדר עם הקופה. עד 12 אימוני כושר אישיים בכל תקופות החברות בתכנית, בתשלום השתתפות עצמית של 23 ₪ לאימון. תקרת החזר: לא צוינה (ספק בהסדר). תקופת אכשרה: 6 חודשים מיום ההצטרפות. אישור מראש: לא צוין. מקור: תקנון מאוחדת שיא.","כסף · PROG24 · אין כיסוי לעמיתי ""לאומית כסף"" — סעיף 4 (אימון כושר וייעוץ תזונתי בבית העמית) בפרק ל""ה (רפואת ספורט) מיועד לעמיתי ""לאומית זהב"" בלבד (גיל 18 ומעלה). אין מידע — מומלץ לבדוק. מקור: תקנון לאומית כסף.

זהב · PROG25 · אימון כושר אישי בבית העמית (פרק ל""ה, סעיף 4): לעמית ""לאומית זהב"" מגיל 18 ומעלה, עם מאמן כושר מוסמך שבהסדר; השתתפות עצמית 30 ₪ לטיפול; עד 12 אימוני כושר אישיים בתקופת הסכם (מכסה משותפת עם ייעוץ תזונה: סך 12 ביחד); ייעוץ תזונה אישי: עד 2 טיפולים בתקופת הסכם בתוך אותה המכסה הכוללת; שירות ניתן רק דרך מכון שבהסדר (אין החזר לשלא בהסדר); תקופת אכשרה 6 חודשים; אישור מראש: אין דרישה מפורשת. מקור: תקנון לאומית זהב.",מאוחדת עדיף,
832,רפואה משלימה ואורח חיים,,אפליקציה/תוכנית דיגיטלית לאורח חיים בריא,"כלל מבוטחי השב""ן בקופות החולים (לפי תוכנית והקופה)","זכאות: מבוטחי עדיף מגיל 14 זכאים להירשם לאפליקציית אורח חיים בריא ולרכוש חבילה של 4 אימונים קבוצתיים בחודש בעלות 40 ש""ח, או 4 אימונים במרכזי ספורט וכושר בהסדר בעלות 80 ש""ח לחודש. ב","החזר/הטבה לאפליקציה/תוכנית דיגיטלית לאורח חיים בריא בין 80 ל-1,535 ₪","זהב · PROG09 · תוכנית לקידום בריאות מבוססת תמריצים לעמיתי כללית מושלם מעל גיל 14, המעוניינים להצטרף לשירות. השירות מעניק חיזוקים חיוביים בהתאם לעמידה ביעדים אישיים באמצעים דיגיטליים. השתתפות עצמית: ₪10 לחודש. 3 חודשים ראשונים מיום הרישום — ללא השתתפות עצמית (פעם אחת בכל תקופות החברות). השירות יינתן על ידי נותני שירות בהסדר. מקור: תקנון כללית מושלם זהב, פרק ה' סעיף 51.

פלטינום · PROG10 · אין מידע — מומלץ לבדוק. תקנון מושלם פלטינום אינו מזכיר תוכנית דיגיטלית לאורח חיים בריא מעבר לתקנון הזהב. מקור: תקנון כללית מושלם פלטינום.","כסף · PROG14 · אין מידע — מומלץ לבדוק. מקור: תקנון מכבי כסף

זהב · PROG15 · סעיף 32.1 — אפליקציית upapp לאורח חיים בריא. גיל 14 ומעלה. 4 אימונים פרונטליים לחודש בהשתתפות עצמית ₪25 לאימון (לא נצבר). בתוקף עד 1.6.2028. ללא תקופת המתנה. סעיף 32.2 — סדנאות וירטואליות לגיל השלישי (70 ומעלה) לאורח חיים בריא במגוון תחומים, כולל ערכה ביתית, התאמה אישית ותמיכה טכנית. השתתפות עצמית ₪25 לחודש. ללא תקופת המתנה. מקור: תקנון מכבי זהב סעיף 32

שלי · PROG16 · סעיף 21 — שימור הכושר הקוגניטיבי (חדש). גיל 45 ומעלה, שאינו מאובחן כחולה דמנציה. זכאות לסדנה אחת או רכישת תוכנה ייעודית אחת (בריינספא / בריין טריין / רימיינד) אצל ספקים בהסכם. השתתפות עצמית: סדנה אינטראקטיבית ₪162.96–₪1,535.36 לסדרת מפגשים (לפי סוג ומספר), תוכנה לאימון אישי (מנוי חצי שנתי) ₪209.79. תקופת חברות — פעם אחת. מקור: תקנון מכבי שלי סעיף 21","עדיף · PROG19 · זכאות: מבוטחי עדיף מגיל 14 זכאים להירשם לאפליקציית אורח חיים בריא ולרכוש חבילה של 4 אימונים קבוצתיים בחודש בעלות 40 ש""ח, או 4 אימונים במרכזי ספורט וכושר בהסדר בעלות 80 ש""ח לחודש. בנוסף: רשאי להירשם לתוכנית מבוססת תמריצים לקידום אורח חיים בריא. ללא תקופת המתנה. הערה: תוקף סעיף 34.3 (4 אימונים חינם לנרשמים חדשים) הינו עד 27.7.2025. מקור: תקנון מאוחדת עדיף, סעיף 34.

שיא · PROG20 · אין מידע — מומלץ לבדוק. תקנון מאוחדת שיא אינו כולל סעיף ייחודי לאפליקציית אורח חיים בריא. מבוטחי שיא נהנים מזכויות עדיף (סעיף 34). בנוסף לכך, מאוחדת שיא מציעה אימוני כושר אישיים בבית (סעיף 41): עד 12 אימונים בכל תקופות החברות, השתתפות עצמית 23 ש""ח לאימון, למבוטחים מגיל 18. תקופת המתנה: 6 חודשים. מקור: תקנון מאוחדת שיא, סעיף 41.","כסף · PROG24 · אין מידע — מומלץ לבדוק. תוכנית דיגיטלית לאורח חיים בריא (פרק ל""ה סעיף 5) מפורטת בתקנון לעמיתי לאומית זהב בלבד (גיל 14+). לעמיתי לאומית כסף אין כיסוי מפורש לתוכנית דיגיטלית זו.

זהב · PROG25 · כיסוי: תוכנית דיגיטלית לקידום אורח חיים בריא ועידוד פעילות גופנית, המתבססת על חיזוקים חיוביים לפי עמידה ביעדים אישיים. הזכאות לעמיתי זהב מגיל 14 ומעלה, דרך ספק שבהסדר. השת""ע: ₪5 לחודש (3 החודשים הראשונים ממועד הרישום ללא השתתפות עצמית, פעם אחת בתקופת הסכם). הערה: עד 31.12.2025 השירות ניתן ללא השתתפות עצמית כלל. אכשרה: ללא תקופת אכשרה. אישור מראש: לא נדרש. מקור: תקנון לאומית זהב, פרק ל""ה סעיף 5.",מאוחדת עדיף,
833,רפואה משלימה ואורח חיים,,ביופידבק,"כלל מבוטחי השב""ן בקופות החולים (לפי תוכנית והקופה)","הנחה של ~56% ממחירון מכבי טבעי עד 20 טיפולים ראשונים בשנה קלנדרית (כל התחומים יחד, כולל ייעוץ רפואי); מטיפול 21 ואילך — 10% בלבד; ביופידבק כלול ברשימה (נספח ב'); תקופת המתנה 3 חודש",החזר/הטבה לביופידבק בין 135 ל-158 ₪,"זהב · PROG09 · מכוסה במסגרת סעיף 30 (פרק ה') — רפואה משלימה במרפאות הסדר: עד 20 טיפולים בשנה קלנדרית; השתתפות עצמית 50% ממחיר המחירון במרפאות הסדר כלליות, או 40% במרפאות 'כללית רפואה משלימה'; ייעוץ מקדים נכלל במכסה בהשתתפות עצמית ₪33 (צמוד למדד). הביופידבק אינו מפורט בשמו בתקנון — הכיסוי הוא כללי לרפואה משלימה.

פלטינום · PROG10 · ככל כללית מושלם זהב — סעיף 30 (פרק ה'): עד 20 טיפולים בשנה, 50% ממחירון/40% ב'כללית רפואה משלימה'; פלטינום אינו מוסיף כיסוי נוסף לרפואה משלימה.","כסף · PROG14 · הנחה של ~10% ממחירון מכבי טבעי במרפאות ""מכבי טבעי"" — ביופידבק כלול ברשימת הטיפולים; ללא תקופת המתנה (סעיף 15 מכבי כסף)

זהב · PROG15 · הנחה של ~30% ממחירון מכבי טבעי עד 20 טיפולים ראשונים בשנה קלנדרית (כל תחומי הרפואה המשלימה יחד); מטיפול 21 ואילך — 10% בלבד; ביופידבק כלול ברשימה; ללא תקופת המתנה (סעיף 17 מכבי זהב)

שלי · PROG16 · הנחה של ~56% ממחירון מכבי טבעי עד 20 טיפולים ראשונים בשנה קלנדרית (כל התחומים יחד, כולל ייעוץ רפואי); מטיפול 21 ואילך — 10% בלבד; ביופידבק כלול ברשימה (נספח ב'); תקופת המתנה 3 חודשים (סעיף 17 מכבי שלי)","עדיף · PROG19 · אין מידע — מומלץ לבדוק

שיא · PROG20 · אין מידע — מומלץ לבדוק","כסף · PROG24 · פרק ל""ד ס' 1.9 — ביופידבק: השתתפות עצמית ₪158. ללא תקופת אכשרה. טיפול במכון שבהסדר.

זהב · PROG25 · פרק ל""ד ס' 1.9 — ביופידבק: השתתפות עצמית ₪135. ללא תקופת אכשרה. טיפול במכון שבהסדר.",מכבי שלי,
834,רפואה משלימה ואורח חיים,,הומאופטיה,"כלל מבוטחי השב""ן בקופות החולים (לפי תוכנית והקופה)",הנחה של ~56% ממחירון מכבי טבעי עד 20 טיפולים ראשונים בשנה קלנדרית; מטיפול 21 ואילך — 10%; הומיאופתיה כלולה ברשימה (נספח ב'); תקופת המתנה 3 חודשים (סעיף 17 מכבי שלי),החזר/הטבה להומאופטיה בין 90 ל-237 ₪,"זהב · PROG09 · מכוסה במסגרת סעיף 30 (פרק ה') — רפואה משלימה במרפאות הסדר: עד 20 טיפולים בשנה קלנדרית; השתתפות עצמית 50% ממחיר המחירון במרפאות הסדר כלליות, או 40% במרפאות 'כללית רפואה משלימה'; ייעוץ מקדים נכלל במכסה בהשתתפות עצמית ₪33 (צמוד למדד). ההומאופטיה אינה מפורטת בשמה בתקנון — הכיסוי הוא כללי לרפואה משלימה.

פלטינום · PROG10 · ככל כללית מושלם זהב — סעיף 30 (פרק ה'): עד 20 טיפולים בשנה, 50%/40% ממחירון; פלטינום אינו מוסיף כיסוי נוסף לרפואה משלימה.","כסף · PROG14 · הנחה של ~10% ממחירון מכבי טבעי במרפאות ""מכבי טבעי"" — הומיאופתיה כלולה ברשימת הטיפולים; ללא תקופת המתנה (סעיף 15 מכבי כסף)

זהב · PROG15 · הנחה של ~30% ממחירון מכבי טבעי עד 20 טיפולים ראשונים בשנה קלנדרית; מטיפול 21 ואילך — 10%; הומיאופתיה כלולה ברשימה; ללא תקופת המתנה (סעיף 17 מכבי זהב)

שלי · PROG16 · הנחה של ~56% ממחירון מכבי טבעי עד 20 טיפולים ראשונים בשנה קלנדרית; מטיפול 21 ואילך — 10%; הומיאופתיה כלולה ברשימה (נספח ב'); תקופת המתנה 3 חודשים (סעיף 17 מכבי שלי)","עדיף · PROG19 · סעיף 12 — רפואה משלימה | ללא תקופת המתנה | הנחה 25%-40% מתעריף הקופה | עד 22 טיפולים בשנה | הומאופתיה כלולה ברשימת הטיפולים המקובלים | טיפול במרפאות הקופה בלבד; ללא שיפוי חיצוני

שיא · PROG20 · סעיף 32 — רפואה משלימה (משופר חלופי) | תקופת המתנה 12 חודשים | הנחה 40%-50% ממחירון מבוטח ללא ביטוח משלים | עד 22 טיפולים בשנה (בכל התחומים יחד) | הומאופתיה כלולה ברשימת הטיפולים | כפוף לסייגי סעיף 12 של תקנון עדיף","כסף · PROG24 · פרק ל""ד ס' 1.1-1.2 — הומאופטיה: ביקור ראשון ₪237, המשך טיפול ₪195. ביקור בית ראשון ₪232 (ס' 1.27), ביקור בית חוזר ₪217 (ס' 1.28). ילדים: ביקור ראשון ₪237 (ס' 1.35), ביקור חוזר ₪195 (ס' 1.36). ללא תקופת אכשרה.

זהב · PROG25 · פרק ל""ד ס' 1.1-1.2 — הומאופטיה: ביקור ראשון ₪181, המשך טיפול ₪109. ביקור בית ראשון ₪217 (ס' 1.27), ביקור בית חוזר ₪203 (ס' 1.28). ילדים: ביקור ראשון ₪165 (ס' 1.35), ביקור חוזר ₪90 (ס' 1.36). ללא תקופת אכשרה.",מכבי שלי,
835,רפואה משלימה ואורח חיים,,טאי-צ'י (חודשי),"כלל מבוטחי השב""ן בקופות החולים (לפי תוכנית והקופה)","הטבת שב""ן בנושא טאי-צ'י (חודשי)",החזר/הטבה לטאי-צ'י (חודשי) בין 174 ל-246 ₪,"זהב · PROG09 · מכוסה במסגרת סעיף 30 (פרק ה') — רפואה משלימה במרפאות הסדר: עד 20 טיפולים/מפגשים בשנה קלנדרית; השתתפות עצמית 50% ממחיר המחירון במרפאות הסדר כלליות, או 40% במרפאות 'כללית רפואה משלימה'; ייעוץ מקדים נכלל במכסה בהשתתפות עצמית ₪33 (צמוד למדד). הכיסוי כללי לרפואה משלימה — טאי-צ'י אינו מפורט בשמו.

פלטינום · PROG10 · ככל כללית מושלם זהב — סעיף 30 (פרק ה'): עד 20 טיפולים בשנה, 50%/40% ממחירון; פלטינום אינו מוסיף כיסוי נוסף לרפואה משלימה.","כסף · PROG14 · אין מידע — מומלץ לבדוק (טאי-צ'י אינו מפורט בסעיף 15 מכבי כסף; רשימת הטיפולים אינה כוללת אותו)

זהב · PROG15 · אין מידע — מומלץ לבדוק (לא מוזכר במפורש בסעיף 17 מכבי זהב; ייתכן וכלול בהרחבת הרשימה הסגורה — מומלץ לאמת מול מחירון מכבי טבעי)

שלי · PROG16 · אין מידע — מומלץ לבדוק (לא מוזכר במפורש בסעיף 17 מכבי שלי; ייתכן וכלול בנספח ב' — מומלץ לאמת)","עדיף · PROG19 · אין מידע — מומלץ לבדוק

שיא · PROG20 · אין מידע — מומלץ לבדוק","כסף · PROG24 · פרק ל""ד ס' 1.16 — טאי-צ'י (לחודש): השתתפות עצמית ₪246. ללא תקופת אכשרה.

זהב · PROG25 · פרק ל""ד ס' 1.16 — טאי-צ'י (לחודש): השתתפות עצמית ₪174. ללא תקופת אכשרה.",טעון השוואה פרטנית,
836,רפואה משלימה ואורח חיים,,כירופרקטיקה ואוסטאופטיה,"כלל מבוטחי השב""ן בקופות החולים (לפי תוכנית והקופה)",הנחה של ~56% ממחירון מכבי טבעי עד 20 טיפולים ראשונים בשנה קלנדרית; מטיפול 21 ואילך — 10%; כירופרקטיקה ואוסטיאופתיה כלולות ברשימה (נספח ב'); תקופת המתנה 3 חודשים (סעיף 17 מכבי שלי),החזר/הטבה לכירופרקטיקה ואוסטאופטיה בין 122 ל-135 ₪,"זהב · PROG09 · מכוסה במסגרת סעיף 30 (פרק ה') — רפואה משלימה במרפאות הסדר: עד 20 טיפולים בשנה קלנדרית; השתתפות עצמית 50% ממחיר המחירון במרפאות הסדר כלליות, או 40% במרפאות 'כללית רפואה משלימה'; ייעוץ מקדים נכלל במכסה בהשתתפות עצמית ₪33 (צמוד למדד). כירופרקטיקה ואוסטאופטיה אינן מפורטות בשמן בתקנון — הכיסוי הוא כללי לרפואה משלימה.

פלטינום · PROG10 · ככל כללית מושלם זהב — סעיף 30 (פרק ה'): עד 20 טיפולים בשנה, 50%/40% ממחירון; פלטינום אינו מוסיף כיסוי נוסף לרפואה משלימה.","כסף · PROG14 · הנחה של ~10% ממחירון מכבי טבעי — כירופרקטיקה ואוסטיאופתיה כלולות ברשימת הטיפולים; ללא תקופת המתנה (סעיף 15 מכבי כסף)

זהב · PROG15 · הנחה של ~30% ממחירון מכבי טבעי עד 20 טיפולים ראשונים בשנה קלנדרית; מטיפול 21 ואילך — 10%; כירופרקטיקה ואוסטיאופתיה כלולות ברשימה; ללא תקופת המתנה (סעיף 17 מכבי זהב)

שלי · PROG16 · הנחה של ~56% ממחירון מכבי טבעי עד 20 טיפולים ראשונים בשנה קלנדרית; מטיפול 21 ואילך — 10%; כירופרקטיקה ואוסטיאופתיה כלולות ברשימה (נספח ב'); תקופת המתנה 3 חודשים (סעיף 17 מכבי שלי)","עדיף · PROG19 · סעיף 12 — רפואה משלימה | ללא תקופת המתנה | הנחה 25%-40% מתעריף הקופה | עד 22 טיפולים בשנה | כירופרקטיקה ואוסטאופתיה כלולות ברשימת הטיפולים | טיפול במרפאות הקופה בלבד

שיא · PROG20 · סעיף 32 — רפואה משלימה (משופר חלופי) | תקופת המתנה 12 חודשים | הנחה 40%-50% ממחירון מבוטח ללא ביטוח משלים | עד 22 טיפולים בשנה (בכל התחומים יחד) | כירופרקטיקה ואוסטאופתיה כלולות | כפוף לסייגי סעיף 12 של תקנון עדיף","כסף · PROG24 · פרק ל""ד ס' 1.3-1.4 — כירופרקטיקה: ₪135; אוסטאופטיה: ₪135. ללא תקופת אכשרה. טיפול במכון שבהסדר.

זהב · PROG25 · פרק ל""ד ס' 1.3-1.4 — כירופרקטיקה: ₪122; אוסטאופטיה: ₪122. ללא תקופת אכשרה. טיפול במכון שבהסדר.",מכבי שלי,
837,רפואה משלימה ואורח חיים,,נטורופטיה,"כלל מבוטחי השב""ן בקופות החולים (לפי תוכנית והקופה)","הטבת שב""ן בנושא נטורופטיה",החזר/הטבה לנטורופטיה בין 93 ל-178 ₪,"זהב · PROG09 · מכוסה במסגרת סעיף 30 (פרק ה') — רפואה משלימה במרפאות הסדר: עד 20 טיפולים בשנה קלנדרית; השתתפות עצמית 50% ממחיר המחירון במרפאות הסדר כלליות, או 40% במרפאות 'כללית רפואה משלימה'; ייעוץ מקדים נכלל במכסה בהשתתפות עצמית ₪33 (צמוד למדד). נטורופטיה אינה מפורטת בשמה בתקנון — הכיסוי הוא כללי לרפואה משלימה.

פלטינום · PROG10 · ככל כללית מושלם זהב — סעיף 30 (פרק ה'): עד 20 טיפולים בשנה, 50%/40% ממחירון; פלטינום אינו מוסיף כיסוי נוסף לרפואה משלימה.","זהב · PROG15 · אין מידע — מומלץ לבדוק (לא מוזכר במפורש בסעיף 17 מכבי זהב; ייתכן וכלול בהרחבת המחירון — מומלץ לאמת)

כסף · PROG14 · אין מידע — מומלץ לבדוק (נטורופטיה אינה מפורטת ברשימת הטיפולים בסעיף 15 מכבי כסף)

שלי · PROG16 · אין מידע — מומלץ לבדוק (לא מוזכר במפורש בסעיף 17 מכבי שלי; ייתכן וכלול בנספח ב' — מומלץ לאמת)","עדיף · PROG19 · אין מידע — מומלץ לבדוק

שיא · PROG20 · אין מידע — מומלץ לבדוק","כסף · PROG24 · פרק ל""ד ס' 1.14 — נטורופטיה: ₪135. ביקורי בית (ס' 1.33): ₪178. ילדים (ס' 1.41): ₪135. ללא תקופת אכשרה.

זהב · PROG25 · פרק ל""ד ס' 1.14 — נטורופטיה: ₪94. ביקורי בית (ס' 1.33): ₪130. ילדים (ס' 1.41): ₪93. ללא תקופת אכשרה.",טעון השוואה פרטנית,
838,רפואה משלימה ואורח חיים,,סדנת יוגה,"כלל מבוטחי השב""ן בקופות החולים (לפי תוכנית והקופה)","הטבת שב""ן בנושא סדנת יוגה",החזר/הטבה לסדנת יוגה בין 172 ל-198 ₪,"זהב · PROG09 · מכוסה במסגרת סעיף 30 (פרק ה') — רפואה משלימה במרפאות הסדר: עד 20 טיפולים/מפגשים בשנה קלנדרית; השתתפות עצמית 50% ממחיר המחירון במרפאות הסדר כלליות, או 40% במרפאות 'כללית רפואה משלימה'; ייעוץ מקדים נכלל במכסה בהשתתפות עצמית ₪33 (צמוד למדד). יוגה אינה מפורטת בשמה בתקנון — הכיסוי הוא כללי לרפואה משלימה.

פלטינום · PROG10 · ככל כללית מושלם זהב — סעיף 30 (פרק ה'): עד 20 טיפולים בשנה, 50%/40% ממחירון; פלטינום אינו מוסיף כיסוי נוסף לרפואה משלימה.","כסף · PROG14 · אין מידע — מומלץ לבדוק (יוגה לחולי סרטן מוזכרת בסעיף 15 מכבי כסף; יוגה כללית — לא מפורשת ברשימה)

זהב · PROG15 · אין מידע — מומלץ לבדוק (יוגה לחולי סרטן מוזכרת בסעיף 17 מכבי זהב; סדנת יוגה כללית — לא מפורשת)

שלי · PROG16 · אין מידע — מומלץ לבדוק (יוגה לחולי סרטן מוזכרת בסעיף 17 מכבי שלי; סדנת יוגה כללית — לא מפורשת ברשימה)","עדיף · PROG19 · אין מידע — מומלץ לבדוק

שיא · PROG20 · אין מידע — מומלץ לבדוק","כסף · PROG24 · פרק ל""ד ס' 1.24 — סדנת יוגה (4 מפגשים): השתתפות עצמית ₪198. ללא תקופת אכשרה.

זהב · PROG25 · פרק ל""ד ס' 1.24 — סדנת יוגה (4 מפגשים): השתתפות עצמית ₪172. ללא תקופת אכשרה.",טעון השוואה פרטנית,
839,רפואה משלימה ואורח חיים,,עיסוי בשמנים ארומטיים,"כלל מבוטחי השב""ן בקופות החולים (לפי תוכנית והקופה)","הטבת שב""ן בנושא עיסוי בשמנים ארומטיים",החזר/הטבה לעיסוי בשמנים ארומטיים בין 90 ל-217 ₪,"זהב · PROG09 · מכוסה במסגרת סעיף 30 (פרק ה') — רפואה משלימה במרפאות הסדר: עד 20 טיפולים בשנה קלנדרית; השתתפות עצמית 50% ממחיר המחירון במרפאות הסדר כלליות, או 40% במרפאות 'כללית רפואה משלימה'; ייעוץ מקדים נכלל במכסה בהשתתפות עצמית ₪33 (צמוד למדד). עיסוי ארומטרפיה אינו מפורט בשמו בתקנון — הכיסוי הוא כללי לרפואה משלימה.

פלטינום · PROG10 · ככל כללית מושלם זהב — סעיף 30 (פרק ה'): עד 20 טיפולים בשנה, 50%/40% ממחירון; פלטינום אינו מוסיף כיסוי נוסף לרפואה משלימה.","כסף · PROG14 · אין מידע — מומלץ לבדוק (עיסוי ארומטי אינו מפורט בסעיף 15 מכבי כסף)

זהב · PROG15 · אין מידע — מומלץ לבדוק (לא מוזכר במפורש בסעיף 17 מכבי זהב — ייתכן וכלול בהרחבת המחירון)

שלי · PROG16 · אין מידע — מומלץ לבדוק (לא מוזכר במפורש בסעיף 17 מכבי שלי — ייתכן וכלול בנספח ב')","עדיף · PROG19 · אין מידע — מומלץ לבדוק

שיא · PROG20 · אין מידע — מומלץ לבדוק","כסף · PROG24 · פרק ל""ד ס' 1.13 — עיסוי ארומתרפיה: ₪135. ביקורי בית (ס' 1.32): ₪217. ילדים (ס' 1.40): ₪135. ללא תקופת אכשרה.

זהב · PROG25 · פרק ל""ד ס' 1.13 — עיסוי ארומתרפיה: ₪97. ביקורי בית (ס' 1.32): ₪203. ילדים (ס' 1.40): ₪90. ללא תקופת אכשרה.",טעון השוואה פרטנית,
840,רפואה משלימה ואורח חיים,,עיסוי לימפטי,"כלל מבוטחי השב""ן בקופות החולים (לפי תוכנית והקופה)","הטבת שב""ן בנושא עיסוי לימפטי",החזר/הטבה לעיסוי לימפטי בין 123 ל-196 ₪,"זהב · PROG09 · מכוסה במסגרת סעיף 30 (פרק ה') — רפואה משלימה במרפאות הסדר: עד 20 טיפולים בשנה קלנדרית; השתתפות עצמית 50% ממחיר המחירון במרפאות הסדר כלליות, או 40% במרפאות 'כללית רפואה משלימה'; ייעוץ מקדים נכלל במכסה בהשתתפות עצמית ₪33 (צמוד למדד). עיסוי לימפטי אינו מפורט בשמו בתקנון — הכיסוי הוא כללי לרפואה משלימה.

פלטינום · PROG10 · ככל כללית מושלם זהב — סעיף 30 (פרק ה'): עד 20 טיפולים בשנה, 50%/40% ממחירון; פלטינום אינו מוסיף כיסוי נוסף לרפואה משלימה.","שלי · PROG16 · אין מידע — מומלץ לבדוק (לא מוזכר במפורש בסעיף 17 מכבי שלי)

זהב · PROG15 · אין מידע — מומלץ לבדוק (לא מוזכר במפורש בסעיף 17 מכבי זהב)

כסף · PROG14 · אין מידע — מומלץ לבדוק (עיסוי לימפטי אינו מפורט בסעיף 15 מכבי כסף)","עדיף · PROG19 · אין מידע — מומלץ לבדוק

שיא · PROG20 · אין מידע — מומלץ לבדוק","כסף · PROG24 · פרק ל""ד ס' 1.19 — עיסוי לימפטי: השתתפות עצמית ₪196. ללא תקופת אכשרה.

זהב · PROG25 · פרק ל""ד ס' 1.19 — עיסוי לימפטי: השתתפות עצמית ₪123. ללא תקופת אכשרה.",טעון השוואה פרטנית,
841,רפואה משלימה ואורח חיים,,עיסוי תינוקות (קבוצתי ואישי),"כלל מבוטחי השב""ן בקופות החולים (לפי תוכנית והקופה)","הטבת שב""ן בנושא עיסוי תינוקות (קבוצתי ואישי)",החזר/הטבה לעיסוי תינוקות (קבוצתי ואישי) בין 90 ל-319 ₪,"זהב · PROG09 · מכוסה במסגרת סעיף 30 (פרק ה') — רפואה משלימה במרפאות הסדר: עד 20 טיפולים בשנה קלנדרית; השתתפות עצמית 50% ממחיר המחירון במרפאות הסדר כלליות, או 40% במרפאות 'כללית רפואה משלימה'; ייעוץ מקדים נכלל במכסה בהשתתפות עצמית ₪33 (צמוד למדד). עיסוי תינוקות אינו מפורט בשמו בתקנון — הכיסוי הוא כללי לרפואה משלימה.

פלטינום · PROG10 · ככל כללית מושלם זהב — סעיף 30 (פרק ה'): עד 20 טיפולים בשנה, 50%/40% ממחירון; פלטינום אינו מוסיף כיסוי נוסף לרפואה משלימה.","כסף · PROG14 · אין מידע — מומלץ לבדוק (לא מצוין בתקנון מכבי כסף; עיסוי תינוקות כסדנה קיים רק במכבי שלי)

זהב · PROG15 · אין מידע — מומלץ לבדוק (לא מצוין בתקנון מכבי זהב)

שלי · PROG16 · עיסוי תינוקות (גיל התינוק עד שנה): ₪89.83 לזוג/יחיד; ללא תקופת המתנה (סעיף 15 מכבי שלי). הערה: מדובר בסדנה קבוצתית; עיסוי תינוקות אישי — אין מידע — מומלץ לבדוק","עדיף · PROG19 · אין מידע — מומלץ לבדוק

שיא · PROG20 · אין מידע — מומלץ לבדוק","כסף · PROG24 · פרק ל""ד ס' 1.25-1.26 — עיסוי תינוקות קבוצתי: ₪319; עיסוי תינוקות אישי: ₪319. ללא תקופת אכשרה.

זהב · PROG25 · פרק ל""ד ס' 1.25-1.26 — עיסוי תינוקות קבוצתי: ₪293; עיסוי תינוקות אישי: ₪293. ללא תקופת אכשרה.",טעון השוואה פרטנית,
842,רפואה משלימה ואורח חיים,,פלדנקרייז (אישי וקבוצתי),"כלל מבוטחי השב""ן בקופות החולים (לפי תוכנית והקופה)","הטבת שב""ן בנושא פלדנקרייז (אישי וקבוצתי)",החזר/הטבה לפלדנקרייז (אישי וקבוצתי) בין 90 ל-135 ₪,"זהב · PROG09 · מכוסה במסגרת סעיף 30 (פרק ה') — רפואה משלימה במרפאות הסדר: עד 20 טיפולים בשנה קלנדרית; השתתפות עצמית 50% ממחיר המחירון במרפאות הסדר כלליות, או 40% במרפאות 'כללית רפואה משלימה'; ייעוץ מקדים נכלל במכסה בהשתתפות עצמית ₪33 (צמוד למדד). פלדנקרייז אינו מפורט בשמו בתקנון — הכיסוי הוא כללי לרפואה משלימה.

פלטינום · PROG10 · ככל כללית מושלם זהב — סעיף 30 (פרק ה'): עד 20 טיפולים בשנה, 50%/40% ממחירון; פלטינום אינו מוסיף כיסוי נוסף לרפואה משלימה.","כסף · PROG14 · אין מידע — מומלץ לבדוק (פלדנקרייז אינו מפורט בסעיף 15 מכבי כסף)

זהב · PROG15 · אין מידע — מומלץ לבדוק (לא מוזכר במפורש בסעיף 17 מכבי זהב)

שלי · PROG16 · אין מידע — מומלץ לבדוק (לא מוזכר במפורש בסעיף 17 מכבי שלי)","עדיף · PROG19 · סעיף 12 — רפואה משלימה | ללא תקופת המתנה | הנחה 25%-40% מתעריף הקופה | עד 22 טיפולים בשנה | שיטת פלדנקרייז כלולה ברשימת הטיפולים | טיפול במרפאות הקופה בלבד

שיא · PROG20 · סעיף 32 — רפואה משלימה (משופר חלופי) | תקופת המתנה 12 חודשים | הנחה 40%-50% ממחירון מבוטח ללא ביטוח משלים | עד 22 טיפולים בשנה (בכל התחומים יחד) | שיטת פלדנקרייז כלולה | כפוף לסייגי סעיף 12 של תקנון עדיף","כסף · PROG24 · פרק ל""ד ס' 1.7-1.8 — פלדנקרייז אישי: ₪135; פלדנקרייז קבוצתי: ₪38. ללא תקופת אכשרה.

זהב · PROG25 · פרק ל""ד ס' 1.7-1.8 — פלדנקרייז אישי: ₪90; פלדנקרייז קבוצתי: ₪23. ללא תקופת אכשרה.",טעון השוואה פרטנית,
843,רפואה משלימה ואורח חיים,,פרחי באך,"כלל מבוטחי השב""ן בקופות החולים (לפי תוכנית והקופה)","הטבת שב""ן בנושא פרחי באך",החזר/הטבה לפרחי באך בין 90 ל-203 ₪,"זהב · PROG09 · מכוסה במסגרת סעיף 30 (פרק ה') — רפואה משלימה במרפאות הסדר: עד 20 טיפולים בשנה קלנדרית; השתתפות עצמית 50% ממחיר המחירון במרפאות הסדר כלליות, או 40% במרפאות 'כללית רפואה משלימה'; ייעוץ מקדים נכלל במכסה בהשתתפות עצמית ₪33 (צמוד למדד). פרחי באך אינם מפורטים בשמם בתקנון — הכיסוי הוא כללי לרפואה משלימה.

פלטינום · PROG10 · ככל כללית מושלם זהב — סעיף 30 (פרק ה'): עד 20 טיפולים בשנה, 50%/40% ממחירון; פלטינום אינו מוסיף כיסוי נוסף לרפואה משלימה.","כסף · PROG14 · אין מידע — מומלץ לבדוק (פרחי באך אינם מפורטים בסעיף 15 מכבי כסף)

זהב · PROG15 · אין מידע — מומלץ לבדוק (לא מוזכר במפורש בסעיף 17 מכבי זהב)

שלי · PROG16 · אין מידע — מומלץ לבדוק (לא מוזכר במפורש בסעיף 17 מכבי שלי)","עדיף · PROG19 · אין מידע — מומלץ לבדוק

שיא · PROG20 · אין מידע — מומלץ לבדוק","כסף · PROG24 · פרק ל""ד ס' 1.10 — פרחי באך: ₪135. ביקורי בית (ס' 1.31): ₪203. ילדים (ס' 1.39): ₪135. ללא תקופת אכשרה.

זהב · PROG25 · פרק ל""ד ס' 1.10 — פרחי באך: ₪90. ביקורי בית (ס' 1.31): ₪174. ילדים (ס' 1.39): ₪90. ללא תקופת אכשרה.",טעון השוואה פרטנית,
844,רפואה משלימה ואורח חיים,,רפואה סינית ודיקור (אקופונקטורה),"כלל מבוטחי השב""ן בקופות החולים (לפי תוכנית והקופה)",הנחה של ~56% ממחירון מכבי טבעי עד 20 טיפולים ראשונים בשנה קלנדרית; מטיפול 21 ואילך — 10%; אקופונקטורה כלולה ברשימה (נספח ב'); תקופת המתנה 3 חודשים (סעיף 17 מכבי שלי),החזר/הטבה לרפואה סינית ודיקור (אקופונקטורה) בין 75 ל-224 ₪,"זהב · PROG09 · מכוסה במסגרת סעיף 30 (פרק ה') — רפואה משלימה במרפאות הסדר: עד 20 טיפולים בשנה קלנדרית; השתתפות עצמית 50% ממחיר המחירון במרפאות הסדר כלליות, או 40% במרפאות 'כללית רפואה משלימה'; ייעוץ מקדים נכלל במכסה בהשתתפות עצמית ₪33 (צמוד למדד). אקופונקטורה ורפואה סינית אינן מפורטות בשמן בתקנון — הכיסוי הוא כללי לרפואה משלימה.

פלטינום · PROG10 · ככל כללית מושלם זהב — סעיף 30 (פרק ה'): עד 20 טיפולים בשנה, 50%/40% ממחירון; פלטינום אינו מוסיף כיסוי נוסף לרפואה משלימה.","כסף · PROG14 · הנחה של ~10% ממחירון מכבי טבעי — אקופונקטורה כלולה ברשימת הטיפולים; ללא תקופת המתנה (סעיף 15 מכבי כסף)

זהב · PROG15 · הנחה של ~30% ממחירון מכבי טבעי עד 20 טיפולים ראשונים בשנה קלנדרית; מטיפול 21 ואילך — 10%; אקופונקטורה כלולה ברשימה; ללא תקופת המתנה (סעיף 17 מכבי זהב)

שלי · PROG16 · הנחה של ~56% ממחירון מכבי טבעי עד 20 טיפולים ראשונים בשנה קלנדרית; מטיפול 21 ואילך — 10%; אקופונקטורה כלולה ברשימה (נספח ב'); תקופת המתנה 3 חודשים (סעיף 17 מכבי שלי)","עדיף · PROG19 · סעיף 12 — רפואה משלימה | ללא תקופת המתנה | הנחה 25%-40% מתעריף הקופה | עד 22 טיפולים בשנה | דיקור (אקופונקטורה) כלול ברשימת הטיפולים | טיפול במרפאות הקופה בלבד; ללא שיפוי חיצוני

שיא · PROG20 · סעיף 32 — רפואה משלימה (משופר חלופי) | תקופת המתנה 12 חודשים | הנחה 40%-50% ממחירון מבוטח ללא ביטוח משלים | עד 22 טיפולים בשנה (בכל התחומים יחד) | דיקור (אקופונקטורה) כלול | כפוף לסייגי סעיף 12 של תקנון עדיף","כסף · PROG24 · פרק ל""ד ס' 1.15 — רפואה סינית/אקופונקטורה: ₪135. ביקורי בית (ס' 1.34): ₪224. ילדים — דיקור (ס' 1.42): ₪135. ללא תקופת אכשרה.

זהב · PROG25 · פרק ל""ד ס' 1.15 — רפואה סינית/אקופונקטורה: ₪92. ביקורי בית (ס' 1.34): ₪195. ילדים — דיקור (ס' 1.42): ₪75. ללא תקופת אכשרה.",מכבי שלי,
845,רפואה משלימה ואורח חיים,,רפלקסולוגיה,"כלל מבוטחי השב""ן בקופות החולים (לפי תוכנית והקופה)",הנחה של ~56% ממחירון מכבי טבעי עד 20 טיפולים ראשונים בשנה קלנדרית; מטיפול 21 ואילך — 10%; רפלקסולוגיה כלולה ברשימה (נספח ב'); תקופת המתנה 3 חודשים (סעיף 17 מכבי שלי),החזר/הטבה לרפלקסולוגיה בין 68 ל-203 ₪,"זהב · PROG09 · מכוסה במסגרת סעיף 30 (פרק ה') — רפואה משלימה במרפאות הסדר: עד 20 טיפולים בשנה קלנדרית; השתתפות עצמית 50% ממחיר המחירון במרפאות הסדר כלליות, או 40% במרפאות 'כללית רפואה משלימה'; ייעוץ מקדים נכלל במכסה בהשתתפות עצמית ₪33 (צמוד למדד). רפלקסולוגיה אינה מפורטת בשמה בתקנון — הכיסוי הוא כללי לרפואה משלימה.

פלטינום · PROG10 · ככל כללית מושלם זהב — סעיף 30 (פרק ה'): עד 20 טיפולים בשנה, 50%/40% ממחירון; פלטינום אינו מוסיף כיסוי נוסף לרפואה משלימה.","כסף · PROG14 · הנחה של ~10% ממחירון מכבי טבעי — רפלקסולוגיה כלולה ברשימת הטיפולים; ללא תקופת המתנה (סעיף 15 מכבי כסף)

זהב · PROG15 · הנחה של ~30% ממחירון מכבי טבעי עד 20 טיפולים ראשונים בשנה קלנדרית; מטיפול 21 ואילך — 10%; רפלקסולוגיה כלולה ברשימה; ללא תקופת המתנה (סעיף 17 מכבי זהב)

שלי · PROG16 · הנחה של ~56% ממחירון מכבי טבעי עד 20 טיפולים ראשונים בשנה קלנדרית; מטיפול 21 ואילך — 10%; רפלקסולוגיה כלולה ברשימה (נספח ב'); תקופת המתנה 3 חודשים (סעיף 17 מכבי שלי)","עדיף · PROG19 · סעיף 12 — רפואה משלימה | ללא תקופת המתנה | הנחה 25%-40% מתעריף הקופה | עד 22 טיפולים בשנה | רפלקסולוגיה כלולה ברשימת הטיפולים | טיפול במרפאות הקופה בלבד

שיא · PROG20 · סעיף 32 — רפואה משלימה (משופר חלופי) | תקופת המתנה 12 חודשים | הנחה 40%-50% ממחירון מבוטח ללא ביטוח משלים | עד 22 טיפולים בשנה (בכל התחומים יחד) | רפלקסולוגיה כלולה | כפוף לסייגי סעיף 12 של תקנון עדיף","כסף · PROG24 · פרק ל""ד ס' 1.5 — רפלקסולוגיה: ₪135. ביקורי בית (ס' 1.29): ₪203. ילדים (ס' 1.37): ₪135. ללא תקופת אכשרה.

זהב · PROG25 · פרק ל""ד ס' 1.5 — רפלקסולוגיה: ₪92. ביקורי בית (ס' 1.29): ₪174. ילדים (ס' 1.37): ₪68. ללא תקופת אכשרה.",מכבי שלי,
846,רפואה משלימה ואורח חיים,,שיאצו,"כלל מבוטחי השב""ן בקופות החולים (לפי תוכנית והקופה)",הנחה של ~56% ממחירון מכבי טבעי עד 20 טיפולים ראשונים בשנה קלנדרית; מטיפול 21 ואילך — 10%; שיאצו כלול ברשימה (נספח ב'); תקופת המתנה 3 חודשים (סעיף 17 מכבי שלי),החזר/הטבה לשיאצו בין 68 ל-203 ₪,"זהב · PROG09 · מכוסה במסגרת סעיף 30 (פרק ה') — רפואה משלימה במרפאות הסדר: עד 20 טיפולים בשנה קלנדרית; השתתפות עצמית 50% ממחיר המחירון במרפאות הסדר כלליות, או 40% במרפאות 'כללית רפואה משלימה'; ייעוץ מקדים נכלל במכסה בהשתתפות עצמית ₪33 (צמוד למדד). שיאצו אינו מפורט בשמו בתקנון — הכיסוי הוא כללי לרפואה משלימה.

פלטינום · PROG10 · ככל כללית מושלם זהב — סעיף 30 (פרק ה'): עד 20 טיפולים בשנה, 50%/40% ממחירון; פלטינום אינו מוסיף כיסוי נוסף לרפואה משלימה.","כסף · PROG14 · הנחה של ~10% ממחירון מכבי טבעי — שיאצו כלול ברשימת הטיפולים; ללא תקופת המתנה (סעיף 15 מכבי כסף)

זהב · PROG15 · הנחה של ~30% ממחירון מכבי טבעי עד 20 טיפולים ראשונים בשנה קלנדרית; מטיפול 21 ואילך — 10%; שיאצו כלול ברשימה; ללא תקופת המתנה (סעיף 17 מכבי זהב)

שלי · PROG16 · הנחה של ~56% ממחירון מכבי טבעי עד 20 טיפולים ראשונים בשנה קלנדרית; מטיפול 21 ואילך — 10%; שיאצו כלול ברשימה (נספח ב'); תקופת המתנה 3 חודשים (סעיף 17 מכבי שלי)","עדיף · PROG19 · סעיף 12 — רפואה משלימה | ללא תקופת המתנה | הנחה 25%-40% מתעריף הקופה | עד 22 טיפולים בשנה | שיאצו כלול ברשימת הטיפולים | טיפול במרפאות הקופה בלבד

שיא · PROG20 · סעיף 32 — רפואה משלימה (משופר חלופי) | תקופת המתנה 12 חודשים | הנחה 40%-50% ממחירון מבוטח ללא ביטוח משלים | עד 22 טיפולים בשנה (בכל התחומים יחד) | שיאצו כלול | כפוף לסייגי סעיף 12 של תקנון עדיף","כסף · PROG24 · פרק ל""ד ס' 1.6 — שיאצו: ₪135. ביקורי בית (ס' 1.30): ₪203. ילדים (ס' 1.38): ₪135. ללא תקופת אכשרה.

זהב · PROG25 · פרק ל""ד ס' 1.6 — שיאצו: ₪92. ביקורי בית (ס' 1.30): ₪174. ילדים (ס' 1.38): ₪68. ללא תקופת אכשרה.",מכבי שלי,
847,רפואה משלימה ואורח חיים,,שיטת אלבאום,"כלל מבוטחי השב""ן בקופות החולים (לפי תוכנית והקופה)","הטבת שב""ן בנושא שיטת אלבאום",החזר/הטבה לשיטת אלבאום בין 103 ל-588 ₪,"זהב · PROG09 · מכוסה במסגרת סעיף 30 (פרק ה') — רפואה משלימה במרפאות הסדר: עד 20 טיפולים בשנה קלנדרית; השתתפות עצמית 50% ממחיר המחירון במרפאות הסדר כלליות, או 40% במרפאות 'כללית רפואה משלימה'; ייעוץ מקדים נכלל במכסה בהשתתפות עצמית ₪33 (צמוד למדד). שיטת אלבאום אינה מפורטת בשמה בתקנון — הכיסוי הוא כללי לרפואה משלימה.

פלטינום · PROG10 · ככל כללית מושלם זהב — סעיף 30 (פרק ה'): עד 20 טיפולים בשנה, 50%/40% ממחירון; פלטינום אינו מוסיף כיסוי נוסף לרפואה משלימה.","כסף · PROG14 · אין מידע — מומלץ לבדוק (שיטת אלבאום אינה מפורטת בסעיף 15 מכבי כסף)

זהב · PROG15 · אין מידע — מומלץ לבדוק (לא מוזכר במפורש בסעיף 17 מכבי זהב)

שלי · PROG16 · אין מידע — מומלץ לבדוק (לא מוזכר במפורש בסעיף 17 מכבי שלי)","עדיף · PROG19 · אין מידע — מומלץ לבדוק

שיא · PROG20 · אין מידע — מומלץ לבדוק","כסף · PROG24 · פרק ל""ד ס' 1.17-1.18 — שיטת אלבאום: אבחון (מגיל 6) ₪588; טיפול ₪130. ילדים (עד גיל 6) — אבחון (ס' 1.45): ₪391; טיפול (ס' 1.46): ₪221. ללא תקופת אכשרה.

זהב · PROG25 · פרק ל""ד ס' 1.17-1.18 — שיטת אלבאום: אבחון (מגיל 6) ₪424; טיפול ₪103. ילדים (עד גיל 6) — אבחון (ס' 1.45): ₪391; טיפול (ס' 1.46): ₪221. ללא תקופת אכשרה.",טעון השוואה פרטנית,
848,רפואה משלימה ואורח חיים,,ייעוץ תזונתי בבית ותוכנית דיגיטלית לקידום בריאות (כללית אישית),"כלל מבוטחי השב""ן בקופות החולים (לפי תוכנית והקופה)",אין כיסוי לייעוץ תזונתי בבית ותוכנית דיגיטלית שכזו במכבי שלי. ייעוץ תזונה ביולדת — עד ₪471.32 להחזר לייעוץ אחד (סעיף 11.5.2). נטורופתיה ותזונה טבעית — 56% השתתפות מכבי שלי (נספח מח,החזר/הטבה לייעוץ תזונתי בבית ותוכנית דיגיטלית לקידום בריאות (כללית אישית) בין 236 ל-471 ₪,"זהב · PROG09 · פרק ה' סעיף 37 — ""כללית דיאט"": ייעוץ דיאטטי בבית העמית; 6 מפגשים; השתתפות עצמית 25% ממחירון שירותי בריאות כללית. פרק ה' סעיף 38 — ""כללית אישית"": השתתפות בסדנאות אורח חיים בריא; השתתפות עצמית 20% ממחירון כללית אישית. פרק ה' סעיף 51 — תוכנית דיגיטלית לקידום בריאות לעמיתים מעל גיל 14: חיזוקים חיוביים בהתאם לעמידה ביעדים אישיים; השתתפות עצמית ₪10 לחודש.

פלטינום · PROG10 · ככל כללית מושלם זהב + פרק ח' סעיף 9 (פלטינום): עד 3 מפגשים נוספים עם תזונאי/ת מוסמכ/ת — מפגשים אישיים בבית העמית; השתתפות עצמית ₪25 למפגש; זכאות חד-פעמית לכל תקופות החברות בתכנית.","כסף · PROG14 · אין כיסוי לייעוץ תזונתי בבית ותוכנית דיגיטלית שכזו במכבי כסף. רפואה משלימה (נטורופתיה ותזונה טבעית) — הנחה של כ-10% במרפאות מכבי טבעי (סעיף 15).

זהב · PROG15 · אין כיסוי לייעוץ תזונתי בבית ותוכנית דיגיטלית שכזו במכבי זהב. נטורופתיה ותזונה טבעית וצמחי מרפא — ₪353.06 לטיפול ראשון, ₪236.15 לטיפולים המשך (נספח ד' מכבי זהב — מחירון רפואה משלימה).

שלי · PROG16 · אין כיסוי לייעוץ תזונתי בבית ותוכנית דיגיטלית שכזו במכבי שלי. ייעוץ תזונה ביולדת — עד ₪471.32 להחזר לייעוץ אחד (סעיף 11.5.2). נטורופתיה ותזונה טבעית — 56% השתתפות מכבי שלי (נספח מחירון רפואה משלימה).","עדיף · PROG19 · אין מידע — מומלץ לבדוק

שיא · PROG20 · אין מידע — מומלץ לבדוק","כסף · PROG24 · אין מידע — מומלץ לבדוק

זהב · PROG25 · אין מידע — מומלץ לבדוק",מכבי שלי,
849,רפואה משלימה ואורח חיים,,ייעוץ תזונתי — 4 פגישות בשנה (ללא צורך בזכאות חוק),"כלל מבוטחי השב""ן בקופות החולים (לפי תוכנית והקופה)","הטבת שב""ן בנושא ייעוץ תזונתי — 4 פגישות בשנה (ללא צורך בזכאות חוק)",,"זהב · PROG09 · אין מידע — מומלץ לבדוק

פלטינום · PROG10 · אין מידע — מומלץ לבדוק","כסף · PROG14 · אין מידע — מומלץ לבדוק

זהב · PROG15 · אין מידע — מומלץ לבדוק

שלי · PROG16 · אין מידע — מומלץ לבדוק","עדיף · PROG19 · מכוסה — סעיף 29 לתקנון 'מאוחדת עדיף'. מבוטח זכאי לייעוץ תזונתי גם אם אינו זכאי לכך לפי חוק ביטוח בריאות ממלכתי, אצל יועץ בהסכם עם הקופה. היקף: עד 4 פגישות בשנה. השתתפות עצמית: ₪34 לפגישה. תקופת המתנה: לא נדרשת.

שיא · PROG20 · מכוסה ומורחב — סעיף 11 לתקנון 'מאוחדת שיא' + סעיף 29 לתקנון 'מאוחדת עדיף'. מבוטח 'שיא' זכאי ל-2 פגישות נוספות בשנה מעבר ל-4 הפגישות מכוח 'מאוחדת עדיף' — סה""כ 6 פגישות בשנה. השתתפות עצמית: ₪34 לפגישה. תקופת המתנה: לא נדרשת. (מהות: מתווסף.)","כסף · PROG24 · אין מידע — מומלץ לבדוק

זהב · PROG25 · אין מידע — מומלץ לבדוק",טעון השוואה פרטנית,
850,רפואה משלימה ואורח חיים,,"מוצרי גמילה מעישון בהנחה (ניקוטינל — מסטיקים, לוז'נים, מדבקות)","כלל מבוטחי השב""ן בקופות החולים (לפי תוכנית והקופה)","הטבת שב""ן בנושא מוצרי גמילה מעישון בהנחה (ניקוטינל — מסטיקים, לוז'נים, מדבקות)",,"זהב · PROG09 · נספח ג' — רשימת תרופות ללא מרשם בהנחה ללקוחות כללית מושלם: NICOTINELL MINT 1MG LOZ, NICOTINELL FRU.GUM 2MG, NICOTINELL GUM 4MG FRUIT, NICOTINELL GUM 4MG MINT, NICOTINELL MIN.GUM 2MG, NICOTINELL MINT 2MG S/F LOZ, NICOTINELL TTS 10 (7מ""ג), NICOTINELL TTS 20 (14מ""ג), NICOTINELL TTS 30 (21מ""ג) — מדבקות, מסטיקים וסוכריות ניקוטין ברשימת מוצרי הנחה לעמיתי כללית מושלם (אחוז ההנחה המדויק אינו מצוין בתקנון).

פלטינום · PROG10 · ככל כללית מושלם זהב — מוצרי ניקוטינל (מסטיקים, לוז'נים, מדבקות) ברשימת הנחה של כללית מושלם; לא נמצאה תוספת פלטינום נפרדת בנושא זה.","כסף · PROG14 · אין מידע — מומלץ לבדוק

זהב · PROG15 · אין מידע — מומלץ לבדוק

שלי · PROG16 · אין מידע — מומלץ לבדוק","עדיף · PROG19 · אין מידע — מומלץ לבדוק

שיא · PROG20 · אין מידע — מומלץ לבדוק","כסף · PROG24 · אין מידע — מומלץ לבדוק

זהב · PROG25 · אין מידע — מומלץ לבדוק",טעון השוואה פרטנית,
851,רפואה משלימה ואורח חיים,,רפואה משלימה — תעריפי השתתפות עצמית,"כלל מבוטחי השב""ן בקופות החולים (לפי תוכנית והקופה)","הנחה 56% ממחירון הטיפול, עד 20 טיפולים/שנה. מטיפול 21: 10% (מכבי שלי סעיף 17). ללא תקופת המתנה.",החזר/הטבה לרפואה משלימה — תעריפי השתתפות עצמית בין 90 ל-865 ₪,"זהב · PROG09 · 40% הנחה ממחירון מרפאות כללית רפואה משלימה; 50% הנחה במרפאות הסדר אחרות; עד 10 טיפולים בשנה קלנדרית; ייעוץ מקדים ₪33 (פרק ה׳ סעיף 30 — תקנון כללית מושלם זהב)

פלטינום · PROG10 · אין מידע — מומלץ לבדוק","כסף · PROG14 · הנחה כ-10% ממחירון מכבי טבעי לחברי מכבי, ללא הגבלת טיפולים (מכבי כסף סעיף 15.1).

זהב · PROG15 · הנחה כ-30% ממחירון מכבי טבעי, עד 20 טיפולים/שנה (סעיף 17.2). מטיפול 21 ואילך: 10% (סעיף 17.3). דוגמאות: דיקור ₪135.61; שיאצו ₪138.26; כירופרקטיקה ₪147.27; הומיאופתיה ₪146.04/₪213.44; רפלקסולוגיה ₪123.57 (מכבי זהב נספח ד'). ללא תקופת המתנה.

שלי · PROG16 · הנחה 56% ממחירון הטיפול, עד 20 טיפולים/שנה. מטיפול 21: 10% (מכבי שלי סעיף 17). ללא תקופת המתנה.","עדיף · PROG19 · רפואה משלימה — הנחה 25%–40% ממחיר הספק, עד 22 טיפולים בשנה. (מאוחדת עדיף, סעיף 12) | שיטת אלכסנדר ורפואה משלימה נוספת (כולל שיאצו, נטורופתיה, פלדנקרייז, רפלקסולוגיה ועוד) — הנחה 25%–40%, עד 22 טיפולים בשנה. (מאוחדת עדיף, סעיף 12.2)

שיא · PROG20 · רפואה משלימה — הנחה 40%–50% ממחיר הספק, עד 22 טיפולים בשנה. (מאוחדת שיא, סעיף 32)","כסף · PROG24 · הומאופטיה ביקור ראשון: ₪237; המשך ₪195; כירופרקטיקה/אוסטאופטיה: ₪135; רפלקסולוגיה/שיאצו: ₪135; פלדנקרייז אישי: ₪135; קבוצתי: ₪38; ביופידבק: ₪158; פרחי באך: ₪135; שיטת אלכסנדר: ₪135; ארומתרפיה: ₪135; נטורופטיה: ₪135; רפואה סינית: ₪135; טאי-צ'י: ₪246/חודש; שיטת אלבאום אבחון: ₪588; טיפול: ₪130; עיסוי לימפטי: ₪196; ג'יירוקינטיקס: ₪245; טווינא: ₪101; מיון ראשוני: ₪106; סייקים סדנא: ₪865; יוגה 4 מפגשים: ₪198; עיסוי תינוקות קבוצתי: ₪319; אישי: ₪319 (לאומית כסף, פרק ל""ד)

זהב · PROG25 · הומאופטיה ביקור ראשון: ₪181; המשך: ₪109; כירופרקטיקה/אוסטאופטיה: ₪122; רפלקסולוגיה: ₪92; שיאצו: ₪92; פלדנקרייז אישי: ₪90; קבוצתי: ₪23; ביופידבק: ₪135; פרחי באך: ₪90; שיטת אלבאום אבחון: ₪424; טיפול: ₪103; ארומתרפיה: ₪97; נטורופטיה: ₪94; רפואה סינית: ₪92; טאי-צ'י: ₪174/חודש; עיסוי לימפטי: ₪123; ג'יירוקינטיקס: ₪173; טווינא: ₪92; מיון ראשוני: ₪30; סייקים סדנא: ₪799; יוגה 4 מפגשים: ₪172; עיסוי תינוקות קבוצתי: ₪293; אישי: ₪293 (לאומית זהב, פרק ל""ד)",מכבי שלי,
852,רפואה משלימה ואורח חיים,,ייעוץ תזונתי — פגישות ותעריפים,"כלל מבוטחי השב""ן בקופות החולים (לפי תוכנית והקופה)","הטבת שב""ן בנושא ייעוץ תזונתי — פגישות ותעריפים",,"זהב · PROG09 · אין מידע — מומלץ לבדוק

פלטינום · PROG10 · אין מידע — מומלץ לבדוק","כסף · PROG14 · אין מידע — מומלץ לבדוק

זהב · PROG15 · אין מידע — מומלץ לבדוק

שלי · PROG16 · אין מידע — מומלץ לבדוק","עדיף · PROG19 · ייעוץ תזונתי — 4 פגישות בשנה ב-₪34 ה""ע לפגישה. (מאוחדת עדיף, סעיף 11)

שיא · PROG20 · ייעוץ תזונתי — 2 פגישות נוספות בשנה (מעבר ל-4 בעדיף) ב-₪34 ה""ע לפגישה; סה""כ 6 פגישות בשנה. (מאוחדת שיא, סעיף 11)","כסף · PROG24 · אין מידע — מומלץ לבדוק

זהב · PROG25 · אין מידע — מומלץ לבדוק",טעון השוואה פרטנית,
853,רפואה משלימה ואורח חיים,,אימוני כושר אישיים בבית — תנאים,"כלל מבוטחי השב""ן בקופות החולים (לפי תוכנית והקופה)","הטבת שב""ן בנושא אימוני כושר אישיים בבית — תנאים",,"זהב · PROG09 · אין מידע — מומלץ לבדוק

פלטינום · PROG10 · אין מידע — מומלץ לבדוק","כסף · PROG14 · אין מידע — מומלץ לבדוק

זהב · PROG15 · אין מידע — מומלץ לבדוק

שלי · PROG16 · אין מידע — מומלץ לבדוק","עדיף · PROG19 · אין מידע — מומלץ לבדוק

שיא · PROG20 · אימוני כושר אישיים בבית — 12 פגישות סה""כ (לא לשנה), ₪23 ה""ע לפגישה. (מאוחדת שיא, סעיף 41)","כסף · PROG24 · אין מידע — מומלץ לבדוק

זהב · PROG25 · השתתפות עצמית ₪30 לטיפול; עד 12 אימוני כושר אישיים + עד 2 ייעוצי תזונה בתקופת ההסכם (סה""כ עד 12 טיפולים); עמית מגיל 18+ (לאומית זהב, פרק ל""ה סעיף 4)",טעון השוואה פרטנית,
854,רפואה משלימה ואורח חיים,,סדנאות אורח חיים בריא ותוכניות דיגיטליות,"כלל מבוטחי השב""ן בקופות החולים (לפי תוכנית והקופה)","הטבת שב""ן בנושא סדנאות אורח חיים בריא ותוכניות דיגיטליות",,"זהב · PROG09 · הנחה 20% ממחירון כללית אישית לסדנאות אורח חיים (פרק ה׳ סעיף 38 — תקנון כללית מושלם זהב)

פלטינום · PROG10 · אין מידע — מומלץ לבדוק","שלי · PROG16 · אין מידע — מומלץ לבדוק

כסף · PROG14 · אין מידע — מומלץ לבדוק

זהב · PROG15 · גיל 14+. עד 4 אימונים פרונטליים/חודש (לא נצבר). ₪25 לאימון. בתוקף עד 1.6.2028 (מכבי זהב סעיף 32.1). ללא תקופת המתנה.","עדיף · PROG19 · אין מידע — מומלץ לבדוק

שיא · PROG20 · אין מידע — מומלץ לבדוק","כסף · PROG24 · אין מידע — מומלץ לבדוק

זהב · PROG25 · השתתפות עצמית ₪5 לחודש (3 חודשים ראשונים ללא השתתפות עצמית, פעם אחת); ללא השתתפות עצמית עד 31.12.2025; עמית מגיל 14+ (לאומית זהב, פרק ל""ה סעיף 5)",כללית מושלם זהב,
855,רפואה משלימה ואורח חיים,,מועדון כושר — כניסה לחדרי כושר בהנחה,"כלל מבוטחי השב""ן בקופות החולים (לפי תוכנית והקופה)","הטבת שב""ן בנושא מועדון כושר — כניסה לחדרי כושר בהנחה",החזר/הטבה למועדון כושר — כניסה לחדרי כושר בהנחה עד 90 ₪,"זהב · PROG09 · כניסה ליותר מ-1,000 מכוני כושר/פילאטיס/יוגה ב-₪20 לאימון דרך אפליקציית כללית Active (i11.co.il; clalitfreefit.movement4life.co.il)

פלטינום · PROG10 · פלטינום: כנ""ל — ₪25 לאימון בודד, או 4 כניסות ב-₪90, עד 4 כניסות בחודש, דרך חברת פריפיט (clalitfreefit.movement4life.co.il)","כסף · PROG14 · אין מידע — מומלץ לבדוק

זהב · PROG15 · אין מידע — מומלץ לבדוק

שלי · PROG16 · אין מידע — מומלץ לבדוק","עדיף · PROG19 · אין מידע — מומלץ לבדוק

שיא · PROG20 · אין מידע — מומלץ לבדוק","כסף · PROG24 · אין מידע — מומלץ לבדוק

זהב · PROG25 · אין מידע — מומלץ לבדוק",טעון השוואה פרטנית,
856,רפואה משלימה ואורח חיים,,תוכנית קידום בריאות מבוססת תמריצים,"כלל מבוטחי השב""ן בקופות החולים (לפי תוכנית והקופה)","הטבת שב""ן בנושא תוכנית קידום בריאות מבוססת תמריצים",,"זהב · PROG09 · 3 חודשים ראשונים מיום הרישום — ללא השתתפות עצמית; לאחר מכן ₪10 לחודש; פעם אחת לכל תקופות החברות בתכנית (פרק ה׳ סעיף 51 — תקנון כללית מושלם זהב)

פלטינום · PROG10 · אין מידע — מומלץ לבדוק","כסף · PROG14 · אין מידע — מומלץ לבדוק

זהב · PROG15 · אין מידע — מומלץ לבדוק

שלי · PROG16 · אין מידע — מומלץ לבדוק","עדיף · PROG19 · אין מידע — מומלץ לבדוק

שיא · PROG20 · אין מידע — מומלץ לבדוק","כסף · PROG24 · אין מידע — מומלץ לבדוק

זהב · PROG25 · אין מידע — מומלץ לבדוק",טעון השוואה פרטנית,
857,רפואה אסתטית,,ניתוחים אסתטיים/קוסמטיים,"כלל מבוטחי השב""ן בקופות החולים (לפי תוכנית והקופה)",סעיף 2 — ניתוחים פלסטיים. תקופת המתנה: 3 חודשים מיום ההצטרפות לתוכנית. מהות השירות ביחס לזכאות על פי 'מאוחדת עדיף': מתווסף. 2.1 מבוטח 'מאוחדת שיא' יהיה זכאי לעבור ניתוח פלסטי מאלה ,"החזר/הטבה לניתוחים אסתטיים/קוסמטיים בין 3,400 ל-30,192 ₪","זהב · PROG09 · טיפול קוסמטי בורידים בקצף — השת""ע ₪3,400 לרגל אחת / ₪5,900 לשתי רגליים, פעם ב-3 שנים, אישור מראש. מקור: תקנון מושלם זהב.

פלטינום · PROG10 · ניתוחים/טיפולים אסתטיים (פרק ה' סעיף 25) במרפאות שבהסכם: אף, עפעף/זוג עפעפיים, מתיחת פנים/צוואר, מתיחת בטן, שאיבת שומן (קטנה/גדולה), הרמת/הקטנת/הגדלת שדיים (ללא שתלים), טיפול להזעת יתר, והסרת שיער (אזורים שונים). ההשת""ע נקבעת בהסכם עם המרפאה (לא מצוינת מספרית בתקנון). אכשרה 12 חודשים (הסרת שיער 6 חודשים). טיפול בורידים בולטים — לא מופיע בפלטינום. מקור: תקנון פלטינום.","כסף · PROG14 · סעיף 5.3 (החרגה): ניתוחים קוסמטיים ו/או טיפולים קוסמטיים — החבר לא יהיה זכאי לאיזו מהזכויות המנויות בסעיפים 6, 6א, 7, 8, 13, 14 בגינם. לא קיים סעיף המעניק כיסוי פוזיטיבי לניתוחים אסתטיים/קוסמטיים. בתחום שיניים: לפי סעיף 13 קיימת הנחה על טיפולי שיניים, ובסעיף 22.5 א(3) מוחרגת התייעצות אצל רופא עור או כירורג פלסטי בנוגע לבעיות קוסמטיות.

זהב · PROG15 · סעיף 5.3 (החרגה): ניתוחים קוסמטיים ו/או טיפולים קוסמטיים — החבר לא יהיה זכאי לאיזו מהזכויות המנויות בסעיפים המופיעים שם. לא קיים סעיף המעניק כיסוי פוזיטיבי לניתוחים אסתטיים. בסעיף 15.1 (שיניים): טיפול אסתטי — הנחה של 25% על פי רשימה. בסעיף 27.5 א(3) מוחרגת: התייעצות אצל רופא עור או כירורג פלסטי בנוגע לבעיות קוסמטיות או אסתטיות שאינן מסיבות רפואיות, כולל ייעוץ לפני/אחרי ביצוע ניתוח אסתטי.

שלי · PROG16 · פרק ה': אופטיקה ואסתטיקה — סעיף (31) ניתוחים אסתטיים (מהות הכיסוי ביחס לזכאות על פי ""מכבי זהב"": חדש). מקרה מזכה (31.1): מבוטח ""מכבי שלי"" יהיה זכאי להנחה בעת ביצוע ניתוח אסתטי הכלול ברשימת הניתוחים, בתנאים: (31.1.1) הניתוח האסתטי בוצע אצל ספקים שבהסכם עם מכבי; (31.1.2) המבוטח אינו זכאי לאחד מהניתוחים ברשימה על פי חוק ביטוח בריאות; (31.1.3) הזכאות הינה לניתוח אסתטי אחד בשנה מתוך הרשימה. גובה הכיסוי (31.2): מבוטח ""מכבי שלי"" יהיה זכאי לכיסוי בכפוף לתשלום השתתפות עצמית אצל ספקים שבהסכם, בניתוחים האסתטיים הבאים: (31.2.1) אף; (31.2.2) עפעפיים; (31.2.3) הצמדת אוזניים; (31.2.4) הגדלת חזה (כולל שתלים); (31.2.5) הקטנת והרמת חזה; (31.2.6) ורידים (לא כולל נימים), בשיטת הזרקת קצף תחת US, באישור מראש ובמקרים שבהם אין הצדקה רפואית; (31.2.7) מתיחת בטן; (31.2.8) מתיחת פנים; (31.2.9) שאיבת שומן. למען הסר ספק: אם ניתן כיסוי ממכבי או מ""מכבי זהב"" משיקולים רפואיים, לא יינתן כיסוי נוסף מ""מכבי שלי"" (31.3). ההשתתפויות העצמיות תמצאנה בסניפי מכבי. תקופת המתנה: 6 חודשים (31.5).","עדיף · PROG19 · סעיף 22 — רפואה אסתטית. תקופת המתנה: 6 חודשים מיום ההצטרפות לתוכנית. 22.1 מבוטח יהא זכאי להנחה עד 25% מתעריף הקופה בגין טיפול ורידים לצרכים קוסמטיים. כל זאת בתנאי שהטיפול בוצע במרפאות הקופה שנועדו לכך ושהטיפול והיקפו אושרו מראש ע""י הסמכות המאשרת בקופה. | הערה: מאוחדת עדיף אינה מכסה ניתוחים פלסטיים קוסמטיים.

שיא · PROG20 · סעיף 2 — ניתוחים פלסטיים. תקופת המתנה: 3 חודשים מיום ההצטרפות לתוכנית. מהות השירות ביחס לזכאות על פי 'מאוחדת עדיף': מתווסף. 2.1 מבוטח 'מאוחדת שיא' יהיה זכאי לעבור ניתוח פלסטי מאלה המפורטים בסעיף 2.2 להלן בבית חולים פרטי הקשור עם הקופה בהסכם ובאמצעות מנתח הכלול בהסכם. המבוטח יידרש להשתתפות עצמית בהתאם לסוג הניתוח ולבית החולים אשר נבחר על ידו. 2.2 סוגי הניתוחים וההשתתפויות העצמיות: 2.2.1 ניתוח אף — 10,452 ש""ח. 2.2.2 שאיבת שומן קטנה — 6,854 ש""ח. 2.2.3 שאיבת שומן בינונית — 16,848 ש""ח. 2.2.4 שאיבת שומן גדולה — 21,931 ש""ח. 2.2.5 הרמת/הקטנת שדיים — 17,819 ש""ח. 2.2.6 הגדלת שדיים — 16,183 ש""ח (המחיר כולל עלות שתלים). 2.2.7 ניתוח עפעפיים — 12,336 ש""ח. 2.2.8 מתיחת פנים וצוואר — 21,417 ש""ח. 2.2.9 מתיחת צוואר — 22,105 ש""ח. 2.2.10 מתיחת בטן גדולה — 17,684 ש""ח. 2.2.11 מתיחת בטן קטנה/בינונית — 15,635 ש""ח. 2.2.12 ניתוח להצמדת אוזניים — 10,244 ש""ח. 2.2.13 ניתוח פלסטי לאחר ירידה ניכרת במשקל — 30,192 ש""ח. 2.2.14 טיפול להעלמת ורידים — 9,424 ש""ח לכל רגל. 2.2.15 טיפול למניעת הזעת יתר בכפות ידיים/רגליים — 8,224 ש""ח. 2.3 אופן התשלום יהיה בהתאם להסכם הקיים בין הקופה לבין ספק השירות. 2.4 מבוטח לא יהיה זכאי לשיפוי בגין ניתוח פלסטי המבוצע במרכז רפואי אחר, שאינו קשור עם הקופה בהסכם.","כסף · PROG24 · פרק ל""ט — ניתוחים אסתטיים: אין כיסוי לעמיתי 'לאומית כסף'. הפרק מזכה את עמיתי 'לאומית זהב' בלבד, כמפורט במפורש בסעיף 2 לפרק זה: 'ניתוח אסתטי שעבר עמית לאומית זהב...'

זהב · PROG25 · פרק ל""ט — ניתוחים אסתטיים. תקופת אכשרה: 6 חודשים.

מקרה מזכה: ניתוח אסתטי שעבר עמית 'לאומית זהב' בלבד, בתנאים מצטברים: הניתוח אינו מכוסה בחוק ביטוח בריאות, כלול ברשימה המפורטת, בוצע ע""י רופא מנתח שבהסדר במוסד רפואי שבהסדר, אושר מראש על ידי הקופה. הזכאות: ניתוח אחד מהרשימה בשנה קלנדרית.

רשימת הניתוחים והשתתפויות עצמיות לעמיתי 'לאומית זהב' (בש""ח):
- ניתוח אוזניים: 11,115 ש""ח
- הרמת עפעפיים עליונים: 6,084 ש""ח
- הרמת עפעפיים תחתונים: 6,084 ש""ח
- ניתוח אף בלי מחיצה: 10,530 ש""ח
- ניתוח אף עם מחיצה: 12,285 ש""ח
- הגדלת שדיים: 13,455 ש""ח
- הרמת שדיים בלי שתלים: 16,965 ש""ח
- הרמת שדיים עם שתלים: 18,720 ש""ח
- הרמת שדיים כולל הוצאת שתלים: 18,720 ש""ח
- הקטנת שדיים: 18,135 ש""ח
- מתיחת בטן: 17,199 ש""ח

הערה: מי שהיה עמית ב'לאומית זהב' ביום 31.01.2020 זכאי לקבל טיפולים עפ""י סעיף 3.1.2 ללא תקופת אכשרה. מי שהיה עמית ביום 30.11.2020 זכאי לסעיף 3.2.2 ללא תקופת אכשרה.",מאוחדת שיא,
858,רפואה אסתטית,,ניתוחים פלסטיים/קוסמטיים מורחבים,"כלל מבוטחי השב""ן בקופות החולים (לפי תוכנית והקופה)","סעיף 2 — ניתוחים פלסטיים. תקופת אכשרה: 3 חודשים מיום ההצטרפות. נדרש אישור מראש (ביצוע בבית חולים פרטי בהסכם עם הקופה, על ידי מנתח בהסכם). המבוטח משלם השתתפות עצמית בהתאם לסוג הניתו","החזר/הטבה לניתוחים פלסטיים/קוסמטיים מורחבים בין 3,400 ל-30,192 ₪","זהב · PROG09 · אין מידע — מומלץ לבדוק. לא מופיע כפרק נפרד; מופיע רק טיפול קוסמטי בורידים ברגליים בקצף (השת""ע ₪3,400 רגל אחת / ₪5,900 שתי רגליים, פעם ב-3 שנים) ופאה לחולים אונקולוגיים. מקור: תקנון מושלם זהב.

פלטינום · PROG10 · פרק ניתוחים/טיפולים אסתטיים במרפאות שבהסכם: אף, עפעף אחד/זוג עפעפיים, מתיחת פנים/צוואר, מתיחת בטן, שאיבת שומן (קטנה/גדולה), הרמת/הקטנת/הגדלת שדיים (ללא שתלים), טיפול להזעת יתר (בית שחי / כפות ידיים-רגליים). ההשת""ע נקבעת בהסכם עם המרפאה. אכשרה 12 חודשים. מקור: תקנון מושלם פלטינום סעיף 3.","שלי · PROG16 · זכאות להנחה בניתוח אסתטי אחד בשנה (סעיף 31). הניתוח חייב להתבצע אצל ספקים שבהסכם עם מכבי. המבוטח אינו זכאי לניתוח על פי חוק ביטוח בריאות. רשימת הניתוחים הכלולים: (1) אף, (2) עפעפיים, (3) הצמדת אוזניים, (4) הגדלת חזה (כולל שתלים), (5) הקטנת והרמת חזה, (6) ורידים בשיטת הזרקת קצף תחת US — באישור מראש של ""מכבי שלי"" ורק מסיבות אסתטיות, (7) מתיחת בטן, (8) מתיחת פנים, (9) שאיבת שומן. גובה הכיסוי: כפוף לתשלום השתתפות עצמית לפי הספק שבהסכם. תקופת אכשרה: 6 חודשים. לא מפורט אישור מראש מיוחד (למעט ורידים). מקור: תקנון מכבי שלי.

כסף · PROG14 · ניתוחים קוסמטיים ו/או טיפולים קוסמטיים אינם מזכים בזכויות השב""ן (סעיף 5.3). ייעוץ אצל רופא עור או כירורג פלסטי בנוגע לבעיות קוסמטיות/אסתטיות שאינן מסיבות רפואיות — אינו מכוסה. אין כיסוי ייעודי לניתוחים אסתטיים/פלסטיים ב""מכבי כסף"". מקור: תקנון מכבי כסף.

זהב · PROG15 · ניתוחים קוסמטיים ו/או טיפולים קוסמטיים אינם מזכים בזכויות השב""ן (סעיף 5.3). ייעוץ אצל רופא עור או כירורג פלסטי בנוגע לבעיות קוסמטיות/אסתטיות שאינן מסיבות רפואיות (כולל ייעוץ לפני/אחרי ניתוח אסתטי) — אינו מכוסה (סעיף 27.1 חריגים). טיפול אסתטי שיניים: הנחה 25% על פי רשימה. אין כיסוי ייעודי לניתוחים אסתטיים/פלסטיים ב""מכבי זהב"". מקור: תקנון מכבי זהב.","עדיף · PROG19 · אין כיסוי ייעודי לניתוחים פלסטיים/קוסמטיים עצמאיים במסלול עדיף. סעיף 22 (רפואה אסתטית) מעניק הנחה של עד 25% מתעריף הקופה בגין טיפול ורידים לצרכים קוסמטיים בלבד, בכפוף לאישור מראש של הסמכות המאשרת בקופה. תקופת אכשרה: 6 חודשים. אין מידע על ניתוחי פלסטיקה כלליים — מומלץ לבדוק. מקור: תקנון מאוחדת עדיף.

שיא · PROG20 · סעיף 2 — ניתוחים פלסטיים. תקופת אכשרה: 3 חודשים מיום ההצטרפות. נדרש אישור מראש (ביצוע בבית חולים פרטי בהסכם עם הקופה, על ידי מנתח בהסכם). המבוטח משלם השתתפות עצמית בהתאם לסוג הניתוח: ניתוח אף — 10,452 ש""ח; שאיבת שומן קטנה — 6,854 ש""ח; שאיבת שומן בינונית — 16,848 ש""ח; שאיבת שומן גדולה — 21,931 ש""ח; הרמת/הקטנת שדיים — 17,819 ש""ח; הגדלת שדיים (כולל שתלים) — 16,183 ש""ח; ניתוח עפעפיים — 12,336 ש""ח; מתיחת פנים וצוואר — 21,417 ש""ח; מתיחת צוואר — 22,105 ש""ח; מתיחת בטן גדולה — 17,684 ש""ח; מתיחת בטן קטנה/בינונית — 15,635 ש""ח; ניתוח להצמדת אוזניים — 10,244 ש""ח; ניתוח פלסטי לאחר ירידה ניכרת במשקל — 30,192 ש""ח; טיפול להעלמת ורידים — 9,424 ש""ח לכל רגל; טיפול למניעת הזעת יתר — 8,224 ש""ח. ביצוע רק בבית חולים פרטי בהסכם; שיפוי אינו ניתן בבית חולים שאינו בהסכם. מקור: תקנון מאוחדת שיא.","כסף · PROG24 · אין זכאות לניתוחים אסתטיים בתכנית לאומית כסף (פרק ל""ט). מקור: תקנון לאומית כסף.

זהב · PROG25 · זכאות לניתוח אסתטי אחד מתוך רשימת ניתוחים בשנה קלנדרית (פרק ל""ט). הניתוח חייב להיות מבוצע ע""י רופא מנתח שבהסדר, במוסד רפואי שבהסדר, ובאישור מראש של הקופה. רשימת הניתוחים והשתתפות עצמית: ניתוח אוזניים ₪11,115; הרמת עפעפיים עליונים ₪6,084; הרמת עפעפיים תחתונים ₪6,084; ניתוח אף בלי מחיצה ₪10,530; ניתוח אף עם מחיצה ₪12,285; הגדלת שדיים ₪13,455; הרמת שדיים בלי שתלים ₪16,965; הרמת שדיים עם שתלים ₪18,720; הרמת שדיים כולל הוצאת שתלים ₪18,720; הקטנת שדיים ₪18,135; מתיחת בטן ₪17,199. תקרת החזר: אין — הקופה נושאת בעלות בניכוי השתתפות עצמית. תקופת אכשרה: 6 חודשים. אישור מראש: נדרש. מקור: תקנון לאומית זהב.",מאוחדת שיא,
859,רפואה אסתטית,,טיפול קוסמטי בורידים (סקלרותרפיה),"כלל מבוטחי השב""ן בקופות החולים (לפי תוכנית והקופה)","זכאות נוספת: תקנון מאוחדת שיא כולל תחת ניתוחים פלסטיים (סעיף 2) — טיפול להעלמת ורידים (דליות) בבית חולים פרטי בהסכם, בהשתתפות עצמית של 9,424 ש""ח לכל רגל. זהו ניתוח פלסטי (סקלרותרפי","החזר/הטבה לטיפול קוסמטי בורידים (סקלרותרפיה) בין 3,400 ל-9,424 ₪","זהב · PROG09 · טיפול קוסמטי בורידים ברגליים באמצעות קצף במכוני הסדר — השתתפות עצמית: ₪3,400 לרגל אחת, ₪5,900 לשתי רגליים. תדירות: פעם אחת בשלוש שנים. דורש אישור מראש מספק ההסדר לפי קריטריונים של כללית מושלם. מקור: תקנון כללית מושלם זהב, פרק ה' סעיף 47.

פלטינום · PROG10 · תקנון מושלם פלטינום כולל פרק ניתוחים ו/או טיפולים אסתטיים (ברשימה: אף, עפעפיים, מתיחת פנים/צוואר, מתיחת בטן, שאיבת שומן, הרמת/הקטנת שדיים, הגדלת שדיים, הזעת יתר, הסרת שיער), אך ורידים/סקלרותרפיה אינם מוזכרים ברשימה זו. אין מידע — מומלץ לבדוק. מקור: תקנון כללית מושלם פלטינום, פרק טיפולים אסתטיים.","כסף · PROG14 · אין מידע — מומלץ לבדוק. מקור: תקנון מכבי כסף

זהב · PROG15 · אין מידע — מומלץ לבדוק (לא נמצא בתקנון). מקור: תקנון מכבי זהב

שלי · PROG16 · סעיף 31.2.6 — ורידים (לא כולל נימים) בשיטת הזרקת קצף תחת US, באישור מראש של ""מכבי שלי"", במקרים בהם אין הצדקה רפואית והניתוח נדרש משיקולים אסתטיים בלבד. ניתוח אסתטי אחד בשנה מתוך רשימת ניתוחים (כולל סוגים אחרים). גובה ההשתתפות העצמית מפורסם בסניפי מכבי ובאתר. תקופת המתנה: 6 חודשים. מקור: תקנון מכבי שלי סעיף 31.2.6","עדיף · PROG19 · זכאות: מבוטח זכאי להנחה עד 25% מתעריף הקופה בגין טיפול ורידים לצרכים קוסמטיים. תנאים: הטיפול מבוצע במרפאות הקופה המיועדות לכך. אישור מראש: נדרש אישור מראש מ""הסמכות המאשרת"" גם לטיפול עצמו וגם להיקפו. תקופת המתנה: 6 חודשים. מקור: תקנון מאוחדת עדיף, סעיף 22.

שיא · PROG20 · זכאות נוספת: תקנון מאוחדת שיא כולל תחת ניתוחים פלסטיים (סעיף 2) — טיפול להעלמת ורידים (דליות) בבית חולים פרטי בהסכם, בהשתתפות עצמית של 9,424 ש""ח לכל רגל. זהו ניתוח פלסטי (סקלרותרפיה ניתוחית), שונה מהנחת 25% בעדיף. תקופת המתנה: 3 חודשים. אישור מראש: נדרשת פנייה לספק בהסכם. מקור: תקנון מאוחדת שיא, סעיף 2.2.14.","כסף · PROG24 · אין מידע — מומלץ לבדוק. תקנון לאומית כסף אינו מציין טיפול קוסמטי בורידים בולטים / דליות / סקלרותרפיה. פרק ל""ט (ניתוחים אסתטיים) אינו כולל טיפול ורידים קוסמטי.

זהב · PROG25 · אין מידע — מומלץ לבדוק. תקנון לאומית זהב אינו מציין טיפול קוסמטי בורידים בולטים / דליות / סקלרותרפיה. פרק ל""ט (ניתוחים אסתטיים) אינו כולל טיפול ורידים קוסמטי.",מאוחדת שיא,
860,רפואה אסתטית,,הסרת שיער בלייזר,"כלל מבוטחי השב""ן בקופות החולים (לפי תוכנית והקופה)","הטבת שב""ן בנושא הסרת שיער בלייזר",,"זהב · PROG09 · אין מידע — מומלץ לבדוק. הסרת שיער בלייזר לא מופיעה בתקנון זהב. מקור: תקנון כללית מושלם זהב.

פלטינום · PROG10 · כיסוי לטיפולי הסרת שיער בלייזר במרפאות שבהסכם, לעמית מגיל 18 ומעלה, חד-פעמי לכל תקופות החברות בתכנית. האזורים המכוסים: בית שחי/מפשעה, ידיים (אמה/זרוע/כף יד), גב (תחתון/עליון), רגליים (שוק/ירך/כף רגל), עורף, בטן, חזה. השתתפות עצמית: לפי ההסכם (הרשימה תופץ למרפאות; סכום מדויק לא נקוב בתקנון). תקופת אכשרה: 12 חודשים (עבור שירות הסרת שיער). אין פירוט מספר טיפולים. מקור: תקנון כללית מושלם פלטינום (פרק ח', סעיף 25.3).","כסף · PROG14 · אין מידע על כיסוי הסרת שיער בלייזר בתקנון מכבי כסף — מומלץ לבדוק. מקור: תקנון מכבי כסף.

זהב · PROG15 · אין מידע על כיסוי הסרת שיער בלייזר בתקנון מכבי זהב — מומלץ לבדוק. מקור: תקנון מכבי זהב.

שלי · PROG16 · אין מידע על כיסוי הסרת שיער בלייזר בתקנון מכבי שלי — מומלץ לבדוק. מקור: תקנון מכבי שלי.","עדיף · PROG19 · סעיף 22 לתקנון מאוחדת עדיף — רפואה אסתטית: הכיסוי האסתטי מוגבל לטיפול ורידים לצרכים קוסמטיים בלבד (הנחה עד 25% מתעריף הקופה, באישור מראש ובמרפאות הקופה). הסרת שיער בלייזר — אינה מפורטת בתקנון עדיף — אין מידע — מומלץ לבדוק. אכשרה: 6 חודשים (לרפואה אסתטית). אישור מראש: כן. מקור: תקנון מאוחדת עדיף, סעיף 22.

שיא · PROG20 · תקנון מאוחדת שיא כולל סעיף 2 — ניתוחים פלסטיים: כיסוי ניתוחים פלסטיים שונים (אף, שאיבת שומן, שדיים, עפעפיים, מתיחת פנים ועוד) בהשתתפות עצמית מוגדרת. הסרת שיער בלייזר אינה מפורטת בתקנון שיא — אין מידע — מומלץ לבדוק. אכשרה: 3 חודשים (לניתוחים פלסטיים). אישור מראש: כן. מקור: תקנון מאוחדת שיא, סעיף 2.","כסף · PROG24 · אין מידע — מומלץ לבדוק. תקנון לאומית כסף אינו מזכיר כיסוי לטיפולי הסרת שיער בלייזר. פרק ל""ט (ניתוחים אסתטיים) — אין זכאות לעמיתי לאומית כסף.

זהב · PROG25 · אין מידע — מומלץ לבדוק. תקנון לאומית זהב מכסה ניתוחים אסתטיים לפי רשימה (פרק ל""ט), אך הסרת שיער בלייזר אינה מוזכרת מפורשות ברשימה הגלויה בתקנון. | אכשרה לפרק ל""ט: 6 חודשים.",טעון השוואה פרטנית,
861,רפואה אסתטית,,ניתוחים אסתטיים מגוונים (מורחב),"כלל מבוטחי השב""ן בקופות החולים (לפי תוכנית והקופה)",מאוחדת עדיף (סעיף 22 — רפואה אסתטית): כיסוי מצומצם — הנחה של עד 25% מתעריף הקופה בגין טיפול ורידים לצרכים קוסמטיים בלבד. זאת בתנאי שהטיפול בוצע במרפאות הקופה ואושר מראש על ידי הסמכ,"החזר/הטבה לניתוחים אסתטיים מגוונים (מורחב) בין 3,400 ל-30,192 ₪","זהב · PROG09 · אין מידע — מומלץ לבדוק. כיסוי לניתוחים/טיפולים אסתטיים מסוגים אלה (אף, עפעפיים, מתיחות, שאיבת שומן, שדיים, הזעת יתר) אינו מוזכר בתקנון כללית מושלם זהב. (בפרק ה' סעיף 47 מופיע כיסוי לטיפול קוסמטי בורידים ברגליים בלבד, בתקרה של ₪3,400 לרגל אחת או ₪5,900 לשתי רגליים, פעם אחת ב-3 שנים, ללא השתתפות עצמית — אך זאת אינה הרשימה האסתטית המורחבת.) מקור: תקנון כללית מושלם זהב.

פלטינום · PROG10 · פרק ז', סעיפים 2–5 — כיסוי לניתוחים ו/או טיפולים אסתטיים שאינם זכאים על פי חוק ביטוח בריאות, הכלולים ברשימה, ובתנאי שבוצעו במרפאות שבהסכם. סוגי ניתוחים: אף, עפעף אחד, זוג עפעפיים, מתיחת פנים או צוואר, מתיחת בטן, שאיבת שומן קטנה, שאיבת שומן גדולה, הרמת/הקטנת שדיים, הגדלת שדיים (ללא שתלים), טיפול להזעת יתר — בית שחי, טיפול להזעת יתר — כפות ידיים/רגליים. הסרת שיער: בית שחי/מפשעה, ידיים, גב, רגליים, עורף, בטן, חזה. השתתפות עצמית: על פי ההסכם (רשימת ההשתתפויות העצמיות מופצת למרפאות). תקרה: לא צוין סכום מקסימלי כולל. תקופת אכשרה: 12 חודשים (לשירות הסרת שיער — 6 חודשים). אישור מראש: לא צוין. מקור: תקנון כללית מושלם פלטינום.","כסף · PROG14 · אין כיסוי לניתוחים אסתטיים. סעיף 5.3 מחריג במפורש ניתוחים קוסמטיים/אסתטיים. מקור: תקנון מכבי כסף, סעיף 5.3

זהב · PROG15 · אין כיסוי לניתוחים אסתטיים. סעיף 5.3 מחריג ניתוחים קוסמטיים/אסתטיים. הסעיפים 905–906 שוללים גם ייעוץ לפני/אחרי ניתוח אסתטי. מקור: תקנון מכבי זהב, סעיפים 5.3, 18.4.2ב

שלי · PROG16 · ניתוח אסתטי אחד בשנה מתוך הרשימה: אף, עפעפיים, הצמדת אוזניים, הגדלת חזה (כולל שתלים), הקטנת/הרמת חזה, ורידים (הזרקת קצף תחת US — באישור מראש של מכבי שלי), מתיחת בטן, מתיחת פנים, שאיבת שומן. תנאים: ניתוח בספקים שבהסכם; המבוטח אינו זכאי לניתוח מכוח חוק ביטוח בריאות. גובה ההשתתפות העצמית לפי ספק ורשימה. אישור מראש נדרש לסעיף ורידים. אכשרה: 6 חודשים. מקור: תקנון מכבי שלי, סעיפים 31.1–31.5","עדיף · PROG19 · מאוחדת עדיף (סעיף 22 — רפואה אסתטית): כיסוי מצומצם — הנחה של עד 25% מתעריף הקופה בגין טיפול ורידים לצרכים קוסמטיים בלבד. זאת בתנאי שהטיפול בוצע במרפאות הקופה ואושר מראש על ידי הסמכות המאשרת. תקופת המתנה: 6 חודשים. אין כיסוי לניתוחי אף, עפעפיים, מתיחת פנים/צוואר/בטן, שאיבת שומן, הרמת/הקטנת שדיים, הזעת יתר, ושאר ניתוחים אסתטיים. מקור: תקנון מאוחדת עדיף 2026, סעיף 22.

שיא · PROG20 · מאוחדת שיא (סעיף 2 — ניתוחים פלסטיים): כיסוי מורחב משמעותית. מבוטח שיא זכאי לניתוח פלסטי בבית חולים פרטי בהסדר באמצעות מנתח בהסכם. רשימת הניתוחים וההשתתפות העצמית: ניתוח אף ₪10,452 | שאיבת שומן קטנה ₪6,854 | שאיבת שומן בינונית ₪16,848 | שאיבת שומן גדולה ₪21,931 | הרמת/הקטנת שדיים ₪17,819 | הגדלת שדיים ₪16,183 (כולל שתלים) | ניתוח עפעפיים ₪12,336 | מתיחת פנים וצוואר ₪21,417 | מתיחת צוואר ₪22,105 | מתיחת בטן גדולה ₪17,684 | מתיחת בטן קטנה/בינונית ₪15,635 | ניתוח להצמדת אוזניים ₪10,244 | ניתוח פלסטי לאחר ירידה ניכרת במשקל ₪30,192 | טיפול להעלמת ורידים ₪9,424 לכל רגל | טיפול למניעת הזעת יתר בכפות ידיים/רגליים ₪8,224. תקופת המתנה: 3 חודשים. נדרש אישור מראש. מקור: תקנון מאוחדת שיא 2026, סעיף 2.","כסף · PROG24 · אין זכאות — פרק ל""ט (ניתוחים אסתטיים) מיועד לעמיתי 'לאומית זהב' בלבד. מקור: תקנון לאומית כסף.

זהב · PROG25 · מכוסה — פרק ל""ט. עמית 'לאומית זהב' זכאי לניתוח אסתטי אחד מרשימת הניתוחים בשנה קלנדרית, בתנאי שאינו זכאי לו על פי חוק הבריאות, ובוצע על ידי רופא מנתח שבהסדר במוסד רפואי שבהסדר. רשימת הניתוחים המכוסים: ניתוח אוזניים (ש""ע ₪11,115), הרמת עפעפיים עליונים (₪6,084), הרמת עפעפיים תחתונים (₪6,084), ניתוח אף בלי מחיצה (₪10,530), ניתוח אף עם מחיצה (₪12,285), הגדלת שדיים (₪13,455), הרמת שדיים בלי שתלים (₪16,965), הרמת שדיים עם שתלים (₪18,720), הרמת שדיים כולל הוצאת שתלים (₪18,720), הקטנת שדיים (₪18,135), מתיחת בטן (₪17,199). ההשתתפות העצמית המצוינת היא סכום שנשא בו העמית; הקופה נושאת ביתרה. אכשרה: 6 חודשים. אישור מראש: נדרש אישור הקופה מראש. מקור: תקנון לאומית זהב.",מאוחדת עדיף,
862,רפואה אסתטית,,הגדלת שדיים (PROG25 בלבד),"כלל מבוטחי השב""ן בקופות החולים (לפי תוכנית והקופה)","הטבת שב""ן בנושא הגדלת שדיים (PROG25 בלבד)","החזר/הטבה להגדלת שדיים (PROG25 בלבד) בין 13,455 ל-16,183 ₪","זהב · PROG09 · אין מידע — מומלץ לבדוק

פלטינום · PROG10 · מכוסה — פרק 5, סעיף 3: הגדלת שדיים ללא שתלים (הגדלה עם שתלים אינה כלולה); תקופת אכשרה 12 חודשים; ההשתתפות העצמית משולמת ישירות למרפאה שבהסכם (הסכום המדויק מופץ למרפאות ואינו מפורט בתקנון). הניתוח מבוצע רק במרפאות שבהסכם.","כסף · PROG14 · אין כיסוי — ניתוחים/טיפולים קוסמטיים מוחרגים מפורשות (סעיף 5.3 מכבי כסף)

זהב · PROG15 · אין כיסוי — ניתוחים קוסמטיים מוחרגים מסעיפים 6,7,8,9,10,15,16,25,27,31 (סעיף 5.3 מכבי זהב)

שלי · PROG16 · כיסוי קיים במסגרת סעיף 31 (ניתוחים אסתטיים) — הגדלת חזה כולל שתלים כלולה ברשימה (סעיף 31.2.4); ניתוח אחד בשנה; השתתפות עצמית לפי ספק (פרטים בסניפי מכבי/אתר); תקופת המתנה 6 חודשים (סעיף 31 מכבי שלי)","עדיף · PROG19 · אין מידע — מומלץ לבדוק

שיא · PROG20 · סעיף 2 — ניתוחים פלסטיים (מתווסף לעדיף) | תקופת המתנה 3 חודשים | השתתפות עצמית ₪16,183 (כולל עלות שתלים) | ניתוח בבית חולים פרטי בהסכם, באמצעות מנתח בהסכם | ללא שיפוי בגין ניתוח בבית חולים שאינו בהסכם","כסף · PROG24 · אין מידע — מומלץ לבדוק

זהב · PROG25 · פרק ל""ט — הגדלת שדיים (לאומית זהב בלבד): השתתפות עצמית ₪13,455. ניתוח אסתטי אחד לשנה קלנדרית; אישור מראש; תקופת אכשרה 6 חודשים.",טעון השוואה פרטנית,
863,רפואה אסתטית,,"הסרת שיער בלייזר — אזורי גוף מפורטים (ידיים, גב, רגליים, עורף, בטן, חזה)","כלל מבוטחי השב""ן בקופות החולים (לפי תוכנית והקופה)","הטבת שב""ן בנושא הסרת שיער בלייזר — אזורי גוף מפורטים (ידיים, גב, רגליים, עורף, בטן, חזה)",,"זהב · PROG09 · אין מידע — מומלץ לבדוק

פלטינום · PROG10 · מכוסה — פרק 7, סעיף 3: הסרת שיער בלייזר באזורים: בית שחי/מפשעה, ידיים (אמה/זרוע/כף יד), גב (תחתון/עליון), רגליים (שוק/ירך/כף רגל), עורף, בטן, חזה; תקופת אכשרה 6 חודשים; ההשתתפות העצמית משולמת ישירות למרפאה שבהסכם (הסכום המדויק מופץ למרפאות ואינו מפורט בתקנון).","שלי · PROG16 · אין מידע — מומלץ לבדוק (לא מוזכר בסעיף 31 מכבי שלי ולא בסעיפים 29–30)

כסף · PROG14 · אין מידע — מומלץ לבדוק (לא מצוין בתקנון מכבי כסף; ניתוחים/טיפולים קוסמטיים מוחרגים בסעיף 5.3)

זהב · PROG15 · אין מידע — מומלץ לבדוק (לא מצוין בתקנון מכבי זהב; ניתוחים קוסמטיים מוחרגים בסעיף 5.3)","שיא · PROG20 · אין מידע — מומלץ לבדוק

עדיף · PROG19 · אין מידע — מומלץ לבדוק","כסף · PROG24 · אין מידע — מומלץ לבדוק

זהב · PROG25 · אין מידע — מומלץ לבדוק",טעון השוואה פרטנית,
864,רפואה אסתטית,,הרמת עפעפיים עליונים ותחתונים (PROG25 בלבד),"כלל מבוטחי השב""ן בקופות החולים (לפי תוכנית והקופה)","הטבת שב""ן בנושא הרמת עפעפיים עליונים ותחתונים (PROG25 בלבד)","החזר/הטבה להרמת עפעפיים עליונים ותחתונים (PROG25 בלבד) בין 6,084 ל-12,336 ₪","זהב · PROG09 · אין מידע — מומלץ לבדוק

פלטינום · PROG10 · מכוסה — פרק 5, סעיף 3: עפעף אחד / זוג עפעפיים (הרמת עפעפיים עליונים ו/או תחתונים); תקופת אכשרה 12 חודשים; ההשתתפות העצמית משולמת ישירות למרפאה שבהסכם (הסכום המדויק מופץ למרפאות ואינו מפורט בתקנון).","כסף · PROG14 · אין כיסוי — ניתוחים/טיפולים קוסמטיים מוחרגים מפורשות (סעיף 5.3 מכבי כסף)

זהב · PROG15 · אין כיסוי — ניתוחים קוסמטיים מוחרגים (סעיף 5.3 מכבי זהב)

שלי · PROG16 · כיסוי קיים במסגרת סעיף 31 — ניתוח עפעפיים כלול ברשימה (סעיף 31.2.2); ניתוח אחד בשנה; השתתפות עצמית לפי ספק; תקופת המתנה 6 חודשים (סעיף 31 מכבי שלי)","עדיף · PROG19 · אין מידע — מומלץ לבדוק

שיא · PROG20 · סעיף 2 — ניתוחים פלסטיים (מתווסף לעדיף) | תקופת המתנה 3 חודשים | השתתפות עצמית ₪12,336 לניתוח עפעפיים (עפעפיים עליונים ו/או תחתונים) | ניתוח בבית חולים פרטי בהסכם, באמצעות מנתח בהסכם","כסף · PROG24 · אין מידע — מומלץ לבדוק

זהב · PROG25 · פרק ל""ט — הרמת עפעפיים (לאומית זהב בלבד): עליונים ₪6,084; תחתונים ₪6,084. ניתוח אסתטי אחד לשנה קלנדרית; אישור מראש; תקופת אכשרה 6 חודשים.",טעון השוואה פרטנית,
865,רפואה אסתטית,,"הרמת שדיים (עם/בלי שתלים, כולל הוצאת שתלים) — PROG25 בלבד","כלל מבוטחי השב""ן בקופות החולים (לפי תוכנית והקופה)","הטבת שב""ן בנושא הרמת שדיים (עם/בלי שתלים, כולל הוצאת שתלים) — PROG25 בלבד","החזר/הטבה להרמת שדיים (עם/בלי שתלים, כולל הוצאת שתלים) — PROG25 בלבד בין 16,183 ל-18,720 ₪","זהב · PROG09 · אין מידע — מומלץ לבדוק

פלטינום · PROG10 · מכוסה חלקית — פרק 5, סעיף 3: הרמת/הקטנת שדיים כלולה; הגדלת שדיים עם שתלים אינה כלולה (רק 'הגדלת שדיים ללא שתלים'); הוצאת שתלים — אינה מוזכרת במפורש. תקופת אכשרה 12 חודשים; ההשתתפות העצמית משולמת ישירות למרפאה שבהסכם.","כסף · PROG14 · אין כיסוי — ניתוחים/טיפולים קוסמטיים מוחרגים מפורשות (סעיף 5.3 מכבי כסף)

זהב · PROG15 · אין כיסוי — ניתוחים קוסמטיים מוחרגים (סעיף 5.3 מכבי זהב)

שלי · PROG16 · כיסוי קיים במסגרת סעיף 31 — הקטנת והרמת חזה כלולות ברשימה (סעיף 31.2.5); הגדלת חזה כולל שתלים (31.2.4); ניתוח אחד בשנה; השתתפות עצמית לפי ספק. הוצאת שתלים — כלולה בסעיף 31.2.5; תקופת המתנה 6 חודשים (סעיף 31 מכבי שלי)","עדיף · PROG19 · אין מידע — מומלץ לבדוק

שיא · PROG20 · סעיף 2 — ניתוחים פלסטיים (מתווסף לעדיף) | תקופת המתנה 3 חודשים | השתתפות עצמית ₪17,819 (הרמת/הקטנת שדיים) | הגדלת שדיים ₪16,183 (כולל שתלים) | ניתוח בבית חולים פרטי בהסכם, באמצעות מנתח בהסכם | הערה: הוצאת שתלים בנפרד — אין אזכור מפורש; מומלץ לבדוק","כסף · PROG24 · אין מידע — מומלץ לבדוק

זהב · PROG25 · פרק ל""ט — הרמת שדיים (לאומית זהב בלבד): ללא שתלים ₪16,965; עם שתלים ₪18,720; כולל הוצאת שתלים ₪18,720. ניתוח אסתטי אחד לשנה קלנדרית; אישור מראש; תקופת אכשרה 6 חודשים.",טעון השוואה פרטנית,
866,רפואה אסתטית,,טיפול בהזעת יתר (היפרהידרוזיס) — בית שחי וכפות ידיים/רגליים,"כלל מבוטחי השב""ן בקופות החולים (לפי תוכנית והקופה)","סעיף 22 — רפואה אסתטית | תקופת המתנה 6 חודשים | כיסוי: הנחה עד 25% מתעריף הקופה לטיפול ורידים קוסמטי בלבד | הערה: הזעת יתר בבית שחי — כלולה בסל הבסיסי (בוטוקס) ולא בשב""ן | טיפול בכ","החזר/הטבה לטיפול בהזעת יתר (היפרהידרוזיס) — בית שחי וכפות ידיים/רגליים עד 8,224 ₪","זהב · PROG09 · אין מידע — מומלץ לבדוק

פלטינום · PROG10 · מכוסה — פרק 7, סעיף 3: טיפול להזעת יתר (בית שחי) וטיפול להזעת יתר (כפות ידיים/רגליים); תקופת אכשרה כללית לפרק 7: 12 חודשים; ההשתתפות העצמית משולמת ישירות למרפאה שבהסכם (הסכום המדויק מופץ למרפאות ואינו מפורט בתקנון).","כסף · PROG14 · אין מידע — מומלץ לבדוק (לא מצוין בתקנון מכבי כסף)

זהב · PROG15 · אין מידע — מומלץ לבדוק (לא מצוין בתקנון מכבי זהב)

שלי · PROG16 · אין מידע — מומלץ לבדוק (לא מצוין בסעיפים 29–31 מכבי שלי)","עדיף · PROG19 · סעיף 22 — רפואה אסתטית | תקופת המתנה 6 חודשים | כיסוי: הנחה עד 25% מתעריף הקופה לטיפול ורידים קוסמטי בלבד | הערה: הזעת יתר בבית שחי — כלולה בסל הבסיסי (בוטוקס) ולא בשב""ן | טיפול בכפות ידיים/רגליים — אין כיסוי מפורש בשב""ן עדיף

שיא · PROG20 · סעיף 2 — ניתוחים פלסטיים | תקופת המתנה 3 חודשים | השתתפות עצמית ₪8,224 לטיפול למניעת הזעת יתר בכפות ידיים/רגליים | ניתוח בבית חולים פרטי בהסכם | הערה: בית שחי — אין אזכור בסעיף הניתוחים הפלסטיים; מומלץ לבדוק","כסף · PROG24 · אין מידע — מומלץ לבדוק

זהב · PROG25 · אין מידע — מומלץ לבדוק",מאוחדת עדיף,
867,רפואה אסתטית,,מתיחת בטן (PROG25 בלבד),"כלל מבוטחי השב""ן בקופות החולים (לפי תוכנית והקופה)","הטבת שב""ן בנושא מתיחת בטן (PROG25 בלבד)","החזר/הטבה למתיחת בטן (PROG25 בלבד) בין 15,635 ל-17,684 ₪","זהב · PROG09 · אין מידע — מומלץ לבדוק

פלטינום · PROG10 · מכוסה — פרק 5, סעיף 3: מתיחת בטן; תקופת אכשרה 12 חודשים; ההשתתפות העצמית משולמת ישירות למרפאה שבהסכם (הסכום המדויק מופץ למרפאות ואינו מפורט בתקנון).","כסף · PROG14 · אין כיסוי — ניתוחים/טיפולים קוסמטיים מוחרגים מפורשות (סעיף 5.3 מכבי כסף)

זהב · PROG15 · אין כיסוי — ניתוחים קוסמטיים מוחרגים (סעיף 5.3 מכבי זהב)

שלי · PROG16 · כיסוי קיים במסגרת סעיף 31 — מתיחת בטן כלולה ברשימה (סעיף 31.2.7); ניתוח אחד בשנה; השתתפות עצמית לפי ספק; תקופת המתנה 6 חודשים (סעיף 31 מכבי שלי)","עדיף · PROG19 · אין מידע — מומלץ לבדוק

שיא · PROG20 · סעיף 2 — ניתוחים פלסטיים (מתווסף לעדיף) | תקופת המתנה 3 חודשים | השתתפות עצמית: מתיחת בטן גדולה ₪17,684 | מתיחת בטן קטנה/בינונית ₪15,635 | ניתוח בבית חולים פרטי בהסכם, באמצעות מנתח בהסכם","כסף · PROG24 · אין מידע — מומלץ לבדוק

זהב · PROG25 · פרק ל""ט — מתיחת בטן (לאומית זהב בלבד): השתתפות עצמית ₪17,199. ניתוח אסתטי אחד לשנה קלנדרית; אישור מראש; תקופת אכשרה 6 חודשים.",טעון השוואה פרטנית,
868,רפואה אסתטית,,ניתוח אוזניים (PROG25 בלבד),"כלל מבוטחי השב""ן בקופות החולים (לפי תוכנית והקופה)","הטבת שב""ן בנושא ניתוח אוזניים (PROG25 בלבד)","החזר/הטבה לניתוח אוזניים (PROG25 בלבד) בין 10,244 ל-11,115 ₪","זהב · PROG09 · אין מידע — מומלץ לבדוק

פלטינום · PROG10 · אין מידע — מומלץ לבדוק","כסף · PROG14 · אין כיסוי — ניתוחים/טיפולים קוסמטיים מוחרגים מפורשות (סעיף 5.3 מכבי כסף)

זהב · PROG15 · אין כיסוי — ניתוחים קוסמטיים מוחרגים (סעיף 5.3 מכבי זהב)

שלי · PROG16 · כיסוי קיים במסגרת סעיף 31 — הצמדת אוזניים כלולה ברשימה (סעיף 31.2.3); ניתוח אחד בשנה; השתתפות עצמית לפי ספק; תקופת המתנה 6 חודשים (סעיף 31 מכבי שלי)","עדיף · PROG19 · אין מידע — מומלץ לבדוק

שיא · PROG20 · סעיף 2 — ניתוחים פלסטיים (מתווסף לעדיף) | תקופת המתנה 3 חודשים | השתתפות עצמית ₪10,244 לניתוח להצמדת אוזניים | ניתוח בבית חולים פרטי בהסכם, באמצעות מנתח בהסכם","כסף · PROG24 · אין מידע — מומלץ לבדוק

זהב · PROG25 · פרק ל""ט — ניתוח אוזניים אסתטי (לאומית זהב בלבד): השתתפות עצמית ₪11,115. ניתוח אסתטי אחד לשנה קלנדרית; אישור מראש; תקופת אכשרה 6 חודשים.",טעון השוואה פרטנית,
869,רפואה אסתטית,,ניתוח אף (עם/בלי מחיצה) — PROG25 בלבד,"כלל מבוטחי השב""ן בקופות החולים (לפי תוכנית והקופה)","הטבת שב""ן בנושא ניתוח אף (עם/בלי מחיצה) — PROG25 בלבד","החזר/הטבה לניתוח אף (עם/בלי מחיצה) — PROG25 בלבד בין 10,452 ל-12,285 ₪","זהב · PROG09 · אין מידע — מומלץ לבדוק

פלטינום · PROG10 · מכוסה — פרק 5, סעיף 3: ניתוח אף (כולל); ניתוח אף עם/בלי מחיצה אינו מופרד בתקנון הפלטינום (מצוין רק 'אף'); תקופת אכשרה 12 חודשים; ההשתתפות העצמית משולמת ישירות למרפאה שבהסכם.","כסף · PROG14 · אין כיסוי — ניתוחים/טיפולים קוסמטיים מוחרגים מפורשות (סעיף 5.3 מכבי כסף)

זהב · PROG15 · אין כיסוי — ניתוחים קוסמטיים מוחרגים (סעיף 5.3 מכבי זהב)

שלי · PROG16 · כיסוי קיים במסגרת סעיף 31 — ניתוח אף כלול ברשימה (סעיף 31.2.1); ניתוח אחד בשנה; השתתפות עצמית לפי ספק; תקופת המתנה 6 חודשים (סעיף 31 מכבי שלי). הערה: הוראת חפיפה — אם ניתן כיסוי ממכבי מסיבה רפואית לא יינתן כיסוי נוסף","עדיף · PROG19 · אין מידע — מומלץ לבדוק

שיא · PROG20 · סעיף 2 — ניתוחים פלסטיים (מתווסף לעדיף) | תקופת המתנה 3 חודשים | השתתפות עצמית ₪10,452 לניתוח אף | ניתוח בבית חולים פרטי בהסכם, באמצעות מנתח בהסכם | הערה: אין הבחנה מפורשת עם/ללא מחיצה — תעריף אחד ₪10,452","כסף · PROG24 · אין מידע — מומלץ לבדוק

זהב · PROG25 · פרק ל""ט — ניתוח אף (לאומית זהב בלבד): ללא מחיצה ₪10,530; עם מחיצה ₪12,285. ניתוח אסתטי אחד לשנה קלנדרית; אישור מראש; תקופת אכשרה 6 חודשים.",טעון השוואה פרטנית,
870,רפואה אסתטית,,"ניתוחי אף ואסתטיקת פנים (ריינופלסטיקה, ניתוח עפעפיים, מתיחת פנים/צוואר)","כלל מבוטחי השב""ן בקופות החולים (לפי תוכנית והקופה)","הטבת שב""ן בנושא ניתוחי אף ואסתטיקת פנים (ריינופלסטיקה, ניתוח עפעפיים, מתיחת פנים/צוואר)","החזר/הטבה לניתוחי אף ואסתטיקת פנים (ריינופלסטיקה, ניתוח עפעפיים, מתיחת פנים/צוואר) בין 10,452 ל-22,105 ₪","זהב · PROG09 · אין מידע — מומלץ לבדוק

פלטינום · PROG10 · מכוסה — פרק 5, סעיף 3: אף (ריינופלסטיקה), עפעף אחד, זוג עפעפיים, מתיחת פנים או צוואר; תקופת אכשרה 12 חודשים; ניתוחים מבוצעים במרפאות שבהסכם בלבד; ההשתתפות העצמית משולמת ישירות למרפאה שבהסכם (הסכום המדויק מופץ למרפאות ואינו מפורט בתקנון). מקרה מזכה: ניתוח/טיפול אסתטי שהעמית אינו זכאי לו בסל הבסיסי.","כסף · PROG14 · אין כיסוי — ניתוחים/טיפולים קוסמטיים מוחרגים מפורשות (סעיף 5.3 מכבי כסף)

זהב · PROG15 · אין כיסוי — ניתוחים קוסמטיים מוחרגים (סעיף 5.3 מכבי זהב)

שלי · PROG16 · כיסוי חלקי במסגרת סעיף 31: ניתוח אף (31.2.1), ניתוח עפעפיים (31.2.2), מתיחת פנים (31.2.8); מתיחת צוואר — אין מידע — מומלץ לבדוק; ניתוח אחד בשנה מהרשימה; תקופת המתנה 6 חודשים (סעיף 31 מכבי שלי)","עדיף · PROG19 · אין מידע — מומלץ לבדוק

שיא · PROG20 · סעיף 2 — ניתוחים פלסטיים (מתווסף לעדיף) | תקופת המתנה 3 חודשים | ניתוח אף: ₪10,452 | ניתוח עפעפיים: ₪12,336 | מתיחת פנים וצוואר: ₪21,417 | מתיחת צוואר בלבד: ₪22,105 | ניתוח בבית חולים פרטי בהסכם, באמצעות מנתח בהסכם","כסף · PROG24 · אין מידע — מומלץ לבדוק

זהב · PROG25 · אין מידע — מומלץ לבדוק",טעון השוואה פרטנית,
871,רפואה אסתטית,,"ניתוחי גוף אסתטיים (מתיחת בטן, שאיבת שומן, הרמת/הקטנת/הגדלת שדיים)","כלל מבוטחי השב""ן בקופות החולים (לפי תוכנית והקופה)","הטבת שב""ן בנושא ניתוחי גוף אסתטיים (מתיחת בטן, שאיבת שומן, הרמת/הקטנת/הגדלת שדיים)","החזר/הטבה לניתוחי גוף אסתטיים (מתיחת בטן, שאיבת שומן, הרמת/הקטנת/הגדלת שדיים) בין 6,854 ל-21,931 ₪","זהב · PROG09 · אין מידע — מומלץ לבדוק

פלטינום · PROG10 · מכוסה — פרק 5, סעיף 3: מתיחת בטן, שאיבת שומן קטנה, שאיבת שומן גדולה, הרמת/הקטנת שדיים, הגדלת שדיים ללא שתלים (הגדלה עם שתלים — אינה כלולה); תקופת אכשרה 12 חודשים; ניתוחים מבוצעים במרפאות שבהסכם בלבד; ההשתתפות העצמית משולמת ישירות למרפאה שבהסכם (הסכום המדויק מופץ למרפאות ואינו מפורט בתקנון).","כסף · PROG14 · אין כיסוי — ניתוחים/טיפולים קוסמטיים מוחרגים מפורשות (סעיף 5.3 מכבי כסף)

זהב · PROG15 · אין כיסוי — ניתוחים קוסמטיים מוחרגים (סעיף 5.3 מכבי זהב)

שלי · PROG16 · כיסוי קיים במסגרת סעיף 31: מתיחת בטן (31.2.7), שאיבת שומן (31.2.9), הרמת/הקטנת חזה (31.2.5), הגדלת חזה כולל שתלים (31.2.4); ניתוח אחד בשנה מהרשימה; השתתפות עצמית לפי ספק; תקופת המתנה 6 חודשים (סעיף 31 מכבי שלי)","עדיף · PROG19 · אין מידע — מומלץ לבדוק

שיא · PROG20 · סעיף 2 — ניתוחים פלסטיים (מתווסף לעדיף) | תקופת המתנה 3 חודשים | מתיחת בטן גדולה ₪17,684 | מתיחת בטן קטנה/בינונית ₪15,635 | שאיבת שומן קטנה ₪6,854 | שאיבת שומן בינונית ₪16,848 | שאיבת שומן גדולה ₪21,931 | הרמת/הקטנת שדיים ₪17,819 | הגדלת שדיים (כולל שתלים) ₪16,183 | ניתוח בבית חולים פרטי בהסכם, באמצעות מנתח בהסכם","כסף · PROG24 · אין מידע — מומלץ לבדוק

זהב · PROG25 · אין מידע — מומלץ לבדוק",טעון השוואה פרטנית,
872,רפואה אסתטית,,ניתוחים אסתטיים ספציפיים (מכבי שלי),"כלל מבוטחי השב""ן בקופות החולים (לפי תוכנית והקופה)","הטבת שב""ן בנושא ניתוחים אסתטיים ספציפיים (מכבי שלי)",,"זהב · PROG09 · אין מידע — מומלץ לבדוק

פלטינום · PROG10 · ככל כללית מושלם זהב — פרק 5 (פלטינום) כולל: ניתוח אף, ניתוח עפעפיים, מתיחת פנים/צוואר, מתיחת בטן, שאיבת שומן קטנה/גדולה, הרמת/הקטנת שדיים, הגדלת שדיים ללא שתלים; ניתוח אוזניים (הצמדת אוזניים) — אינו מוזכר בפלטינום. תקופת אכשרה 12 חודשים.","כסף · PROG14 · אין כיסוי — ניתוחים/טיפולים קוסמטיים מוחרגים מפורשות (סעיף 5.3 מכבי כסף)

זהב · PROG15 · אין כיסוי — ניתוחים קוסמטיים מוחרגים (סעיף 5.3 מכבי זהב)

שלי · PROG16 · ניתוח אסתטי אחד בשנה קלנדרית מהרשימה הבאה (סעיף 31 מכבי שלי): אף (31.2.1), עפעפיים (31.2.2), הצמדת אוזניים (31.2.3), הגדלת חזה כולל שתלים (31.2.4), הקטנת/הרמת חזה (31.2.5), טיפול בורידים קצף-US באישור מראש (31.2.6), מתיחת בטן (31.2.7), מתיחת פנים (31.2.8), שאיבת שומן (31.2.9); השתתפות עצמית לפי ספק ורשימה; תקופת המתנה 6 חודשים; אם ניתן כיסוי ממכבי/מכבי זהב מסיבות רפואיות — לא יינתן כיסוי כפול","עדיף · PROG19 · אין מידע — מומלץ לבדוק

שיא · PROG20 · אין מידע — מומלץ לבדוק","כסף · PROG24 · אין מידע — מומלץ לבדוק

זהב · PROG25 · אין מידע — מומלץ לבדוק",טעון השוואה פרטנית,
873,רפואה אסתטית,,ניתוחים אסתטיים — רשימה ותעריפים,"כלל מבוטחי השב""ן בקופות החולים (לפי תוכנית והקופה)","הטבת שב""ן בנושא ניתוחים אסתטיים — רשימה ותעריפים","החזר/הטבה לניתוחים אסתטיים — רשימה ותעריפים בין 6,084 ל-18,720 ₪","זהב · PROG09 · כיסוי בזהב: הנחה על ניתוחים/טיפולים אסתטיים במרפאות בהסדר; השתתפות עצמית לפי ניתוח (פרק ה׳ סעיף בתקנון זהב; calcalist.co.il 2008)

פלטינום · PROG10 · פלטינום: השתתפות עצמית מופחתת — עד 60% הנחה על ניתוחים אסתטיים; כולל: אף, עפעף, מתיחת פנים/צוואר, מתיחת בטן, שאיבת שומן, הרמת/הקטנת שדיים, הגדלת שדיים (ללא שתלים), הזעת יתר; הסרת שיער: בית שחי/מפשעה, ידיים, גב, רגליים, עורף, בטן, חזה (תקנון פלטינום פרק ד׳ סעיף 3; YouTube פלטינום 13.3.2025)","כסף · PROG14 · אין מידע — מומלץ לבדוק

זהב · PROG15 · אין מידע — מומלץ לבדוק

שלי · PROG16 · ניתוח אחד לשנה מהרשימה: אף, עפעפיים, הצמדת אוזניים, הגדלת חזה (כולל שתלים), הקטנת/הרמת חזה, ורידים (קצף תחת US), מתיחת בטן, מתיחת פנים, שאיבת שומן. השתתפות עצמית לפי ספק ורשימת מחירים. גיל 18+, ספק בהסכם (מכבי שלי סעיף 31.2). תקופת המתנה 6 חודשים.","עדיף · PROG19 · אין מידע — מומלץ לבדוק

שיא · PROG20 · אין מידע — מומלץ לבדוק","כסף · PROG24 · אין מידע — מומלץ לבדוק

זהב · PROG25 · זכאות לניתוח אסתטי אחד בשנה קלנדרית מרשימת הניתוחים (מאושר מראש, ע""י מנתח ומוסד בהסדר). השתתפות עצמית: ניתוח אוזניים ₪11,115; הרמת עפעפיים עליונים ₪6,084; הרמת עפעפיים תחתונים ₪6,084; ניתוח אף בלי מחיצה ₪10,530; עם מחיצה ₪12,285; הגדלת שדיים ₪13,455; הרמת שדיים ללא שתלים ₪16,965; עם שתלים ₪18,720; כולל הוצאת שתלים ₪18,720; הקטנת שדיים ₪18,135; מתיחת בטן ₪17,199; תקופת אכשרה 6 חודשים (לאומית זהב, פרק ל""ט)",כללית מושלם פלטינום,
874,רפואה אסתטית,,טיפולים להאטת הזדקנות (Anti-Aging),"כלל מבוטחי השב""ן בקופות החולים (לפי תוכנית והקופה)","טיפולים להאטת הזדקנות (Anti-Aging) — הנחה 30% ממחיר הטיפול, עד $2,000 לשנה עבור סדרת טיפולים אחת. תקופת המתנה 6 חודשים. (מאוחדת שיא, סעיף 6)",,"זהב · PROG09 · אין מידע — מומלץ לבדוק

פלטינום · PROG10 · אין מידע — מומלץ לבדוק","כסף · PROG14 · אין מידע — מומלץ לבדוק

זהב · PROG15 · אין מידע — מומלץ לבדוק

שלי · PROG16 · אין מידע — מומלץ לבדוק","עדיף · PROG19 · אין מידע — מומלץ לבדוק

שיא · PROG20 · טיפולים להאטת הזדקנות (Anti-Aging) — הנחה 30% ממחיר הטיפול, עד $2,000 לשנה עבור סדרת טיפולים אחת. תקופת המתנה 6 חודשים. (מאוחדת שיא, סעיף 6)","כסף · PROG24 · אין מידע — מומלץ לבדוק

זהב · PROG25 · אין מידע — מומלץ לבדוק",מאוחדת שיא,
875,רפואה אסתטית,,ניתוח פלסטי לאחר ירידה במשקל (Body Contouring),"כלל מבוטחי השב""ן בקופות החולים (לפי תוכנית והקופה)","הטבת שב""ן בנושא ניתוח פלסטי לאחר ירידה במשקל (Body Contouring)","החזר/הטבה לניתוח פלסטי לאחר ירידה במשקל (Body Contouring) עד 30,192 ₪","זהב · PROG09 · אין מידע — מומלץ לבדוק

פלטינום · PROG10 · אין מידע — מומלץ לבדוק","כסף · PROG14 · אין מידע — מומלץ לבדוק

זהב · PROG15 · אין מידע — מומלץ לבדוק

שלי · PROG16 · אין מידע — מומלץ לבדוק","עדיף · PROG19 · אין מידע — מומלץ לבדוק

שיא · PROG20 · ניתוח גוף לאחר ירידה ניכרת במשקל — השתתפות עצמית ₪30,192 לניתוח (מחיר קופה). (מאוחדת שיא, סעיף 2.2.13)","זהב · PROG25 · אין מידע — מומלץ לבדוק

כסף · PROG24 · אין מידע — מומלץ לבדוק",טעון השוואה פרטנית,
876,רפואה אסתטית,,טיפול קוסמטי בורידים — קצף (סקלרותרפיה),"כלל מבוטחי השב""ן בקופות החולים (לפי תוכנית והקופה)","הטבת שב""ן בנושא טיפול קוסמטי בורידים — קצף (סקלרותרפיה)","החזר/הטבה לטיפול קוסמטי בורידים — קצף (סקלרותרפיה) בין 3,400 ל-5,900 ₪","זהב · PROG09 · השתתפות עצמית ₪3,400 לרגל אחת; ₪5,900 לשתי רגליים; פעם אחת בשלוש שנים (פרק ה׳ סעיף 47 — תקנון כללית מושלם זהב)

פלטינום · PROG10 · אין מידע — מומלץ לבדוק","כסף · PROG14 · אין מידע — מומלץ לבדוק

זהב · PROG15 · אין מידע — מומלץ לבדוק

שלי · PROG16 · אין מידע — מומלץ לבדוק","עדיף · PROG19 · אין מידע — מומלץ לבדוק

שיא · PROG20 · אין מידע — מומלץ לבדוק","כסף · PROG24 · אין מידע — מומלץ לבדוק

זהב · PROG25 · אין מידע — מומלץ לבדוק",טעון השוואה פרטנית,
877,רפואה בבית וגיל שלישי,,שירותי רפואה בבית,"כלל מבוטחי השב""ן בקופות החולים (לפי תוכנית והקופה)","סעיף 35 — שירותי בדיקות מעבדה בבית המבוטח. תקופת המתנה: לא נדרשת תקופת המתנה. 35.1 מבוטח 'מאוחדת עדיף' אשר גורם מקצועי בקופה קבע כי עליו לבצע בדיקת דם, יהיה זכאי לבצע את בדיקת הדם ",החזר/הטבה לשירותי רפואה בבית בין 60 ל-144 ₪,"זהב · PROG09 · אין ביקור רופא/אחות בבית מפורש; לקיחת דם/שתן בבית לגיל 5+ — השת""ע ₪35. מקור: תקנון מושלם זהב.

פלטינום · PROG10 · מופיע באופן חלקי (פרק ח' סעיף 9): אימוני כושר אישיים בבית — עד 10 אימונים, השת""ע ₪25/מפגש, חד-פעמי לכל תקופת החברות, גיל 18+. ייעוץ תזונתי בבית — עד 3 מפגשים עם תזונאי מוסמך, השת""ע ₪25/מפגש, חד-פעמי. אכשרה 6 חודשים, באמצעות ספקים בהסדר. ביקור רופא/אחות בבית ולקיחת דם/שתן — לא מופיע בפלטינום. מקור: תקנון פלטינום.","כסף · PROG14 · סעיף 18.1 — טיפולים רפואיים בבית החבר ע""י מטפלים הקשורים עם ""מכבי כסף"". במקרים בהם אין הצדקה רפואית לטיפול בבית במסגרת מכבי ו/או המבוטח אינו מטופל במסגרת היחידה לטיפולי בית: טיפולי פיזיותרפיה — בהשתתפות עצמית של ₪60.31; לקיחת דם — בהשתתפות עצמית של ₪101.10; טיפולי אחות (בעיקר הזרקה למבוטח) — בהשתתפות עצמית של ₪35.93 לזריקה; ריפוי בעיסוק — בהשתתפות עצמית של ₪60.31 לטיפול; ביקור של עובד סוציאלי — בהשתתפות עצמית של ₪97.52; ביקור פסיכיאטר — בהשתתפות עצמית של ₪143.72 לביקור ראשון ו-₪92.39 לביקור חוזר; מוניטור עוברי באמצעות הטלפון — בהשתתפות עצמית של ₪73.14 לשבוע. רשימות המטפלים הקשורים עם ""מכבי כסף"" תימצא בסניפי מכבי. תקופת המתנה: 6 חודשים (סעיף 18.3).

זהב · PROG15 · סעיף 20.1 — טיפולים רפואיים בבית החבר ע""י מטפלים הקשורים עם ""מכבי זהב"". במקרים בהם אין הצדקה רפואית לטיפול בבית במסגרת מכבי ו/או המבוטח אינו מטופל במסגרת היחידה לטיפולי בית במסגרת מכבי: טיפולי פיזיותרפיה — בהשתתפות עצמית של ₪60.31; לקיחת דם — בהשתתפות עצמית של ₪101.10; טיפולי אחות (בעיקר הזרקה למבוטח) — בהשתתפות עצמית של ₪35.93 לזריקה; ריפוי בעיסוק — בהשתתפות עצמית של ₪60.31 לטיפול; ביקור של עובד סוציאלי — בהשתתפות עצמית של ₪97.52; ביקור פסיכיאטר — בהשתתפות עצמית של ₪143.72 לביקור ראשון ו-₪92.39 לביקור חוזר; מוניטור עוברי באמצעות הטלפון — בהשתתפות עצמית של ₪73.14 לשבוע. רשימות המטפלים הקשורים עם ""מכבי זהב"" תימצא בסניפי מכבי (סעיף 20.2). תקופת המתנה: 6 חודשים (סעיף 20.4).

שלי · PROG16 · אין מידע — מומלץ לבדוק. תקנון ""מכבי שלי"" אינו כולל סעיף ייעודי לשירותי רפואה בבית (טיפולי פיזיותרפיה בבית, אחות בבית, ביקור רופא בבית וכד'). טבלת תקופות המתנה ותוכן העניינים של התקנון אינם כוללים זכות בשם ""רפואה בבית"" או ""טיפולים בבית"".","עדיף · PROG19 · סעיף 35 — שירותי בדיקות מעבדה בבית המבוטח. תקופת המתנה: לא נדרשת תקופת המתנה. 35.1 מבוטח 'מאוחדת עדיף' אשר גורם מקצועי בקופה קבע כי עליו לבצע בדיקת דם, יהיה זכאי לבצע את בדיקת הדם באמצעות ספקים בהסכם אשר יגיעו על פי הזמנה טלפונית לכל מקום בארץ על פי בחירתו. 35.2 הספק יבצע בדיקות דם, למעט בדיקות המצריכות תנאי בדיקה מיוחדים הדורשים הגעה למרפאה ייעודית. 35.3 בגין בדיקה המבוצעת באתר שנבחר על ידי המבוטח יחויב המבוטח בתשלום השתתפות עצמית בגובה 25 ש""ח אשר תשולם במעמד לקיחת דגימת דם ישירות לספק. השירות ניתן למבוטחים מעל גיל 5 שנים. | ביקור רופא בבית — לא קיים בתקנון מאוחדת עדיף. סעיף 17 — אחות פרטית (מוגבל לאשפוז בלבד). תקופת ההמתנה: 6 חודשים. מבוטח 'מאוחדת עדיף' זכאי לשיפוי בגין רכישת שירותי טיפול של אחות פרטית לאחר ניתוח שעבר ובגינו הומלץ על ידי הרופא המטפל בביה""ח לשכור שירותי אחות פרטית הצמודה לחולה במהלך אשפוזו. השיפוי: עד 75% מההוצאה בפועל עד תקרת שיפוי של 100 דולר של ארה""ב ליום, לתקופה שלא תעלה על 8 ימים אחרי הניתוח. שיפוי זה מותנה בכך שהמבוטח מתאשפז בבית חולים ציבורי, או בבית חולים פרטי איתו יש לקופה הסכם.

שיא · PROG20 · סעיף 29 — ביקור רופא בבית. תקופת המתנה: 12 חודשים מיום ההצטרפות לתוכנית. מהות השירות ביחס לזכאות על פי 'מאוחדת עדיף': מתווסף. מבוטח אשר נזקק לשירותי רופא בשעות הלילה בהן מרפאות הקופה סגורות ו/או בשבתות וחגי ישראל, יוכל להזמין ביקור של רופא בביתו באמצעות ספק שירות הקשור לעניין זה עם הקופה בהסכם. המבוטח ישלם תמורת הביקור השתתפות עצמית בגובה 43 ש""ח. | שירותי בדיקות מעבדה בבית המבוטח (כלול גם בשיא מכוח זכאות עדיף, סעיף 35 בתקנון עדיף). | אחות פרטית (כלול גם בשיא מכוח זכאות עדיף, סעיף 17 בתקנון עדיף).","כסף · PROG24 · פרק ל""ז — שירותים רפואיים בבית העמית. תקופת אכשרה: ללא תקופת אכשרה.

מקרה מזכה:
1. ביקור רופא בבית (הזמנה דרך 'מוקד הבריאות' בלבד — מספרים: 1-700-507-507 או *507, או 'ביקורופא' 1-700-705-101, או מלר""מ 1-800-22-33-12): בימי חול בין 19:00 ל-06:00 בלבד; בימי שישי וערבי חג משעה 19:00 ועד ליום ראשון/מחרת החג שעה 06:00.
2. בדיקת מעבדה (לקיחת דמים) בבית: ברשות הפנית רופא, הזמנה דרך מוקד הבריאות.

תשלום:
- ביקור רופא: עמית 'לאומית כסף' — השתתפות עצמית 72 ש""ח להזמנה.
- לקיחת דמים (בדיקת מעבדה): עמית 'לאומית כסף' — השתתפות עצמית 126 ש""ח להזמנה.

הגבלות: אין כיסוי לתרופות, אביזרים וציוד רפואי; אין כיסוי להמשך טיפול רפואי שהומלץ ע""י הרופא; אין כיסוי להזמנה שלא דרך מוקד הבריאות.

זהב · PROG25 · פרק ל""ז — שירותים רפואיים בבית העמית. תקופת אכשרה: ללא תקופת אכשרה.

מקרה מזכה:
1. ביקור רופא בבית (הזמנה דרך 'מוקד הבריאות' בלבד — 1-700-507-507 או *507, או 'ביקורופא' 1-700-705-101, או מלר""מ 1-800-22-33-12): בימי חול בין 19:00 ל-06:00 בלבד; בימי שישי וערבי חג משעה 19:00 ועד ליום ראשון/מחרת החג שעה 06:00.
2. בדיקת מעבדה (לקיחת דמים) בבית: ברשות הפנית רופא, הזמנה דרך מוקד הבריאות.

תשלום:
- ביקור רופא: עמית 'לאומית זהב' — השתתפות עצמית 60 ש""ח להזמנה.
- לקיחת דמים (בדיקת מעבדה): עמית 'לאומית זהב' — השתתפות עצמית 97 ש""ח להזמנה.

הגבלות: אין כיסוי לתרופות, אביזרים וציוד רפואי; אין כיסוי להמשך טיפול רפואי שהומלץ ע""י הרופא; אין כיסוי להזמנה שלא דרך מוקד הבריאות.

בנוסף (פרק ל""ה, סעיף 4 — לעמיתי 'לאומית זהב' בלבד): אימון כושר אישי בביתו ו/או ייעוץ תזונה אישי בביתו ע""י מאמן/תזונאית שבהסדר (גיל 18+, עד 12 טיפולים/ייעוצים כולל בתקופת הסכם, השתתפות עצמית 30 ש""ח לטיפול). תקופת אכשרה: 6 חודשים.",מאוחדת עדיף,
878,רפואה בבית וגיל שלישי,,אשפוז סיעודי / סיעוד,"כלל מבוטחי השב""ן בקופות החולים (לפי תוכנית והקופה)","הטבת שב""ן בנושא אשפוז סיעודי / סיעוד",,"זהב · PROG09 · אין מידע — מומלץ לבדוק. מקור: תקנון מושלם זהב.

פלטינום · PROG10 · לא מופיע בפלטינום. אין מידע — מומלץ לבדוק. מקור: תקנון פלטינום.","כסף · PROG14 · סעיף 21.2 — אשפוז סיעודי מורכב: (21.2.1) חבר אשר אושפז בבית חולים ואשפוזו מוגדר כ""סיעודי מורכב"", יהיה פטור במשך 60 הימים הראשונים לאשפוזו מכל השתתפות עצמית ו""מכבי כסף"" תישא בעלות ההשתתפות העצמית. מהיום ה-61 לאשפוז יחויב החבר בהשתתפות עצמית בכפוף להוראות חוק ביטוח בריאות ממלכתי. (21.2.2) הפך חבר ממצב ""סיעודי מורכב"" למצב ""סיעודי רגיל"", תהא ""מכבי כסף"" פטורה מהשתתפות כלשהי באשפוזו ממועד הכרתו כ""סיעודי רגיל"" ואילך. (21.2.3) תקופת המתנה: 3 חודשים. הגדרה: ""אשפוז סיעודי מורכב"" — כהגדרתו בסעיף 2 לתוספת השנייה לתקנות בריאות העם (רישום בתי חולים), תשכ""ו 1966, ובכפוף לשינוי בהגדרה בחוזר מנכ""ל משרד הבריאות מס' 22/08 (סעיף 2.24).

זהב · PROG15 · סעיף 24 — אשפוז סיעודי מורכב: (24.1) חבר אשר אושפז בבית חולים ואשפוזו מוגדר כ""סיעודי מורכב"", יהיה פטור במשך 60 הימים הראשונים לאשפוזו מכל השתתפות עצמית ו""מכבי זהב"" תישא בעלות ההשתתפות העצמית. מהיום ה-61 לאשפוז יחויב החבר בהשתתפות עצמית בכפוף להוראות חוק ביטוח בריאות ממלכתי. (24.2) הפך חבר ממצב ""סיעודי מורכב"" למצב ""סיעודי רגיל"", תהא ""מכבי זהב"" פטורה מהשתתפות כלשהי באשפוזו ממועד הכרתו כ""סיעודי רגיל"" ואילך. (24.3) תקופת המתנה: 3 חודשים.

שלי · PROG16 · אין מידע — מומלץ לבדוק. תקנון ""מכבי שלי"" אינו כולל סעיף ייעודי לאשפוז סיעודי / סיעוד. מילות המפתח: סיעוד, סיעודי, אשפוז סיעודי, תשוש, מטפל סיעודי — לא נמצאו בטקסט. טבלת תקופות המתנה ותוכן העניינים אינם כוללים זכות בשם ""אשפוז סיעודי"" או ""סיעוד"". הכיסוי לאשפוז סיעודי מורכב ניתן דרך ""מכבי זהב"" (שממנו ""מכבי שלי"" הוא תוספת).","עדיף · PROG19 · סעיף 10 — אשפוז סיעודי מורכב. תקופת המתנה: 12 חודשים מיום ההצטרפות לתוכנית. 10.1 מבוטח אשר אושפז בבית חולים ואשפוזו מוגדר כ'סיעודי מורכב', יהיה פטור במשך 60 הימים הראשונים לאשפוזו מכל השתתפות עצמית, והקרן תישא במלוא עלות הוצאות אשפוזו. 10.2 מהיום ה-61 לאשפוזו יחויב המבוטח בהשתתפות עצמית בכפוף להוראות חוק ביטוח בריאות ממלכתי. 10.3 הפך המבוטח ממצב 'סיעודי מורכב' למצב 'סיעודי רגיל', תהא הקופה פטורה מהשתתפות כלשהי באשפוזו. | הגדרות (סעיף 3): 'אשפוז סיעודי' — אשפוז של מבוטח בבית חולים או במוסד המיועדים לאשפוז חולים הסובלים ממחלות ממושכות או חשוכות מרפא, הפועלים על סמך רישיון של משרד הבריאות, ושעיקר מטרתו מתן סיוע ע""י הזולת לחולה שאיננו מסוגל לתפקד בכוחות עצמו ושסיוע רפואי לא צפוי לשפר את מצבו. 'אשפוז סיעודי מורכב' — אשפוז של מבוטח הסובל ממחלה ממושכת מכל סוג שהוא, אשר לדעת 'הסמכות המאשרת' מצבו הרפואי מחייב קבלת עזרה רפואית יומיומית והימצאות תחת השגחה רפואית מתמדת וממושכת, בבית חולים או במחלקה המיועדת לחולים אלה ואשר פועלת על פי רישיון של משרד הבריאות. 'סיעוד' — עזרה, כמשמעותה בחוק הסיעוד, שעיקר יעודה מתן סיוע ע""י הזולת לאדם חולה בביתו, שאיננו מסוגל לתפקד בכוחות עצמו.

שיא · PROG20 · מאוחדת שיא אינה כוללת סעיף עצמאי לאשפוז סיעודי מורכב בתקנון שיא. בסעיף 1.5.1 לפרק ב׳ נאמר: 'היה ובמהלך אשפוזו של מבוטח בבית חולים פרטי, יזדקק הוא, עקב שינוי במצבו הרפואי, להמשך טיפול במסגרת מתאימה אחרת לרבות אשפוז שיקומי, סיעודי מורכב, סיעודי רגיל, או פסיכיאטרי, רשאית הקופה לאתר עבורו מסגרת טיפול חלופית במוסד מתאים. המבוטח יהיה זכאי לסיוע מצד הקופה, בכפוף להוראות חוק ביטוח בריאות ממלכתי.' כיסוי אשפוז סיעודי מורכב הספציפי (60 יום ללא השתתפות עצמית) הוא מתוקף תכנית עדיף הכלולה כרובד בסיסי של שיא. | הגדרות בתקנון שיא: 'אשפוז סיעוד' — אשפוז של מבוטח בבית חולים או במוסד המיועדים לאשפוז חולים הסובלים ממחלות ממושכות או חשוכות מרפא, הפועלים על סמך רשיון של משרד הבריאות, ושעיקר מטרתו מתן סיוע ע""י הזולת לחולה שאיננו מסוגל לתפקד בכוחות עצמו, וטיפול רפואי לא צפוי לשפר את מצבו. 'אשפוז סיעודי מורכב' — אשפוז של מבוטח הסובל ממחלה ממושכת, אשר לדעת הקופה מצבו הרפואי מחייב קבלת עזרה רפואית יום-יומית, והימצאות תחת השגחה רפואית מתמדת וממושכת, בבית חולים או במחלקה המיועדת לחולים אלה ואשר פועלת על פי רשיון של משרד הבריאות. 'סיעודי' — עזרה, כמשמעותה בחוק הסיעוד, שעיקר ייעודה מתן סיוע ע""י הזולת לאדם חולה בביתו, שאיננו מסוגל לתפקד בכוחות עצמו.","כסף · PROG24 · אין מידע — מומלץ לבדוק. הסכם השב""ן של לאומית (נובמבר 2025) אינו כולל פרק ייעודי לאשפוז סיעודי או סיעוד. בסעיף 1028 להסכם מצוין במפורש כי 'התכנית תהיה למתן שירותים בפועל בלבד... למעט שירותי סיעוד', כלומר שירותי סיעוד אינם כלולים בתכנית השב""ן של לאומית כלל.

זהב · PROG25 · אין מידע — מומלץ לבדוק. הסכם השב""ן של לאומית (נובמבר 2025) אינו כולל פרק ייעודי לאשפוז סיעודי או סיעוד. בסעיף 1028 להסכם מצוין במפורש כי 'התכנית תהיה למתן שירותים בפועל בלבד... למעט שירותי סיעוד', כלומר שירותי סיעוד אינם כלולים בתכנית השב""ן של לאומית כלל.",טעון השוואה פרטנית,
879,רפואה בבית וגיל שלישי,,שירות בדיקות/לקיחת דם בבית,"כלל מבוטחי השב""ן בקופות החולים (לפי תוכנית והקופה)","הטבת שב""ן בנושא שירות בדיקות/לקיחת דם בבית",החזר/הטבה לשירות בדיקות/לקיחת דם בבית בין 60 ל-126 ₪,"זהב · PROG09 · שירות נייד ללקיחת דם ואיסוף דגימות שתן בבית העמית או במקום עבודתו, עבור עמית מעל גיל 5 עם הפנייה של רופא הכללית (למעט בדיקות המצריכות תנאים מיוחדים), בתיאום עם ספק ההסדר. השתתפות עצמית: ₪35. מקור: תקנון כללית מושלם זהב, פרק ה' סעיף 48.

פלטינום · PROG10 · אין מידע — מומלץ לבדוק. תקנון מושלם פלטינום אינו מזכיר שירות נייד לבדיקות דם בבית. מקור: תקנון כללית מושלם פלטינום.","כסף · PROG14 · סעיף 18.1 — לקיחת דם בבית החבר על ידי מטפל בהסכם עם ""מכבי כסף"" (במקרים שאין הצדקה רפואית לטיפול בבית או שאינו מטופל ביחידת הטיפולים בבית). השתתפות עצמית ₪101.10. תקופת המתנה: 6 חודשים. מקור: תקנון מכבי כסף סעיף 18.1

זהב · PROG15 · סעיף 20.1 — לקיחת דם בבית החבר על ידי מטפל בהסכם עם ""מכבי זהב"". השתתפות עצמית ₪101.10. תקופת המתנה: 6 חודשים. מקור: תקנון מכבי זהב סעיף 20.1

שלי · PROG16 · אין מידע — מומלץ לבדוק. מקור: תקנון מכבי שלי","עדיף · PROG19 · זכאות: מבוטח עדיף אשר רופא הקופה קבע שעליו לבצע בדיקת דם, זכאי לבצעה באמצעות ספקים בהסכם המגיעים על פי הזמנה טלפונית לכל מקום בארץ לפי בחירתו. תוצאות מתקבלות בעמדות המידע בסניף או במזכירות הרפואית. ספק מבצע בדיקות דם בלבד (לא בדיקות הדורשות תנאים מיוחדים במרפאה ייעודית). השתתפות עצמית: 25 ש""ח לבדיקה, תשלום ישיר לספק. זכאות: מבוטחים מגיל 5. ללא תקופת המתנה. מקור: תקנון מאוחדת עדיף, סעיף 35.

שיא · PROG20 · שירות זה קיים גם עבור מבוטחי שיא (נכלל בטבלת תקופות ההמתנה של שיא ככיסוי ללא תקופת המתנה). מבוטחי שיא נהנים מאותם תנאים כמו בעדיף: בדיקת דם בבית/בכל מקום על ידי ספק בהסכם, השתתפות עצמית 25 ש""ח לבדיקה, לגיל מעל 5. תקנון שיא אינו כולל סעיף עצמאי בנושא זה אלא מאמץ את הזכאות מעדיף. מקור: תקנון מאוחדת שיא (נספח תקופות המתנה); תקנון מאוחדת עדיף סעיף 35.","זהב · PROG25 · כיסוי: כמו כסף, אך עם השתתפויות עצמיות נמוכות יותר. (1) ביקור רופא בבית — השת""ע ₪60 להזמנה (לעומת ₪72 בכסף). (2) בדיקת מעבדה בבית (לקיחת דמים) — השת""ע ₪97 להזמנה (לעומת ₪126 בכסף). תנאים: הזמנה דרך מוקד הבריאות (*507); לבדיקות — הפניית רופא; שעות הפעילות: כנ""ל. אכשרה: ללא תקופת אכשרה. אישור מראש: לא נדרש. מקור: תקנון לאומית זהב, פרק ל""ז.

כסף · PROG24 · כיסוי: הקופה משלמת לנותן השירות שבהסדר, בכפוף להשתתפות עצמית. כולל: (1) הזמנת ביקור רופא לבית — השת""ע ₪72 להזמנה (בימי חול בין 19:00 ל-06:00 בלבד, ובימי שישי/ערבי חג מ-19:00); (2) הזמנת בדיקת מעבדה (לקיחת דמים) בבית — השת""ע ₪126 להזמנה. תנאים: הזמנה דרך מוקד הבריאות (לאומית-פון *507); לבדיקת מעבדה — נדרשת הפניית רופא; ההזמנה שלא דרך המוקד אינה מכוסה. אכשרה: ללא תקופת אכשרה. אישור מראש: לא נדרש, אך הזמנה דרך מוקד בלבד. מקור: תקנון לאומית כסף, פרק ל""ז.",טעון השוואה פרטנית,
880,רפואה בבית וגיל שלישי,,ייעוץ תזונתי בבית,"כלל מבוטחי השב""ן בקופות החולים (לפי תוכנית והקופה)","הטבת שב""ן בנושא ייעוץ תזונתי בבית",החזר/הטבה לייעוץ תזונתי בבית עד 471 ₪,"זהב · PROG09 · פרק ה', סעיף 37 — ייעוץ דיאטטי בבית העמית באמצעות 'כללית דיאט'. מספר מפגשים: 6 מפגשים. השתתפות עצמית: 25% ממחירון שירותי בריאות כללית לעמיתי הכללית. תקופת אכשרה: 3 חודשים. אישור מראש: לא צוין. הערה: השירות ניתן על ידי ספקי 'כללית דיאט' בלבד. מקור: תקנון כללית מושלם זהב.

פלטינום · PROG10 · פרק ח', סעיף 9 — ייעוץ תזונתי בבית העמית (חלק מ'חבילת שירות העמית'). מספר מפגשים: עד 3 מפגשים עם תזונאי/ת מוסמך/ת — מפגשים אישיים בבית העמית. השתתפות עצמית: ₪25 למפגש. זכאות: חד-פעמית לכל תקופות החברות בתכנית. תקופת אכשרה: 6 חודשים. אישור מראש: לא צוין. הגבלה: אם לעמית קיימת זכאות בסל הבסיסי לקבלת ייעוץ תזונתי בבית (כולל מאושפזי בית/מרותקי בית) — השירות יינתן במסגרת סל הבריאות הממלכתי. תנאי השירות בהתאם להסכם עם הספקים בהסדר. מקור: תקנון כללית מושלם פלטינום.","כסף · PROG14 · אין מידע — מומלץ לבדוק. ייעוץ תזונתי בבית אינו מוזכר בתקנון מכבי כסף. מקור: תקנון מכבי כסף

זהב · PROG15 · אין מידע — מומלץ לבדוק. ייעוץ תזונתי בבית אינו מוזכר בתקנון מכבי זהב. מקור: תקנון מכבי זהב

שלי · PROG16 · ייעוץ תזונתי מוזכר אך רק כחלק מחבילת היריון ולידה (סעיף 11.5.2): ייעוץ אישי בבית היולדת לתזונה נכונה ע""י תזונאית מוסמכת — עד תקרת החזר של ₪471.32 לכל ייעוץ (לאחר לידה עד 6 חודשים). ייעוץ תזונתי כשירות עצמאי ללא קשר ללידה — אין מידע, מומלץ לבדוק. אכשרה: 6 חודשים. מקור: תקנון מכבי שלי, סעיף 11.5.2","עדיף · PROG19 · ייעוץ תזונתי מוגדר בתקנון עדיף (סעיף 29) אולם אינו מוגדר כביקורי בית: מבוטח זכאי לייעוץ תזונתי על ידי יועץ בהסדר עם הקופה, עד 4 פגישות לשנה, בהשתתפות עצמית של ₪34 לפגישה. אין תקופת המתנה. הביקורים מתקיימים אצל יועץ בהסדר ולא בבית המבוטח. אין מידע על ייעוץ תזונתי בבית המבוטח ספציפית — מומלץ לבדוק. מקור: תקנון מאוחדת עדיף 2026, סעיף 29.

שיא · PROG20 · ייעוץ תזונתי מאוחדת שיא (סעיף 11) מוסיף 2 פגישות נוספות בשנה בהשתתפות ₪34 לפגישה, מעבר ל-4 הפגישות של עדיף (סה""כ 6 פגישות לשנה). מהות השירות: מתווסף. אין תקופת המתנה. גם כאן אין הגדרה של ביקור בית — הפגישות מתקיימות אצל יועץ בהסדר. אין מידע על ייעוץ בבית — מומלץ לבדוק. מקור: תקנון מאוחדת שיא 2026, סעיף 11.","כסף · PROG24 · אין מידע — מומלץ לבדוק. פרק ל""ה (רפואת ספורט) מגדיר ייעוץ תזונה אישי בבית לעמיתי 'לאומית זהב' בלבד; לאומית כסף אינה נכללת בסעיף זה. מקור: תקנון לאומית כסף.

זהב · PROG25 · מכוסה — פרק ל""ה סעיף 4.1.2. עמית 'לאומית זהב' בגיל 18 ומעלה זכאי לייעוץ תזונה אישי בביתו עם תזונאית מוסמכת שבהסדר, בתנאי שאינו זכאי לשירות זה בסל הבסיסי. השתתפות עצמית: ₪30 לטיפול (מכסה משותפת עם אימוני כושר). מכסה: עד 2 טיפולי ייעוץ תזונה בתקופת ההסכם (המכסה הכוללת לייעוץ תזונה + אימון כושר יחד: 12 בתקופת הסכם). אכשרה: 6 חודשים. אישור מראש: אין צורך מפורש, נדרשת הפניה לספק שבהסדר. מקור: תקנון לאומית זהב.",כללית מושלם זהב,
881,רפואה בבית וגיל שלישי,,משלוח תרופות עד הבית,"כלל מבוטחי השב""ן בקופות החולים (לפי תוכנית והקופה)",שירות משלוח תרופות מבית המרקחת לבית החבר. השתתפות עצמית: 50% מגובה ההשתתפות העצמית של חבר מכבי רגיל (שאינו מבוטח במכבי זהב). השירות ניתן על ידי מכבי או ספק בהסכם. אכשרה: ללא תקופת ,,"זהב · PROG09 · אין מידע — מומלץ לבדוק. 'משלוח תרופות עד הבית' כשירות עצמאי אינו מוזכר במפורש בתקנון כללית מושלם זהב. פרק ד', סעיף 3.4 קובע כי אם אושרה רכישת תרופה על ידי הכללית, 'תסופק התרופה לעמית באמצעות בתי המרקחת של הכללית או בכל דרך אחרת' — אך אין התייחסות מפורשת למשלוח לבית. מקור: תקנון כללית מושלם זהב.

פלטינום · PROG10 · אין מידע — מומלץ לבדוק. 'משלוח תרופות עד הבית' כשירות עצמאי אינו מוזכר במפורש בתקנון מושלם פלטינום. מקור: תקנון כללית מושלם פלטינום.","כסף · PROG14 · אין מידע — מומלץ לבדוק. שירות משלוח תרופות אינו מוזכר בתקנון מכבי כסף. מקור: תקנון מכבי כסף

זהב · PROG15 · שירות משלוח תרופות מבית המרקחת לבית החבר. השתתפות עצמית: 50% מגובה ההשתתפות העצמית של חבר מכבי רגיל (שאינו מבוטח במכבי זהב). השירות ניתן על ידי מכבי או ספק בהסכם. אכשרה: ללא תקופת המתנה. אין תקרה כספית מפורשת לשירות. מקור: תקנון מכבי זהב, סעיף 18ג

שלי · PROG16 · אין מידע — מומלץ לבדוק. שירות משלוח תרופות ייעודי אינו מוזכר בתקנון מכבי שלי (הזכאות לתרופות כפופה לתקנון מכבי זהב). מקור: תקנון מכבי שלי","עדיף · PROG19 · אין מידע — מומלץ לבדוק. תקנון מאוחדת עדיף אינו מזכיר שירות משלוח תרופות עד בית המבוטח. תרופות מסופקות דרך בתי המרקחת של הקופה או בתי מרקחת בהסדר. מקור: תקנון מאוחדת עדיף 2026.

שיא · PROG20 · אין מידע — מומלץ לבדוק. תקנון מאוחדת שיא אינו מוסיף שירות משלוח תרופות לבית. מקור: תקנון מאוחדת שיא 2026.","כסף · PROG24 · אין מידע — מומלץ לבדוק. תקנון לאומית כסף אינו מזכיר שירות משלוח תרופות עד הבית. מקור: תקנון לאומית כסף.

זהב · PROG25 · אין מידע — מומלץ לבדוק. תקנון לאומית זהב אינו מזכיר שירות משלוח תרופות עד הבית. מקור: תקנון לאומית זהב.",מכבי זהב,
882,רפואה בבית וגיל שלישי,,שירותי גיל שלישי (סדנאות/כושר קוגניטיבי/אביזרי בית),"כלל מבוטחי השב""ן בקופות החולים (לפי תוכנית והקופה)",כולל מספר שירותים: (א) שימור הכושר הקוגניטיבי (סעיף 21): גיל 45+ שאינו מאובחן כחולה דמנציה. זכאות לסדנה אחת/אימון ממוחשב אחד או תוכנה אחת בתקופת חברות. השתתפות עצמית לסדנה: ₪162.96,"החזר/הטבה לשירותי גיל שלישי (סדנאות/כושר קוגניטיבי/אביזרי בית) בין 163 ל-1,535 ₪","זהב · PROG09 · פרק ה', סעיף 51 — תוכנית לקידום בריאות מבוססת תמריצים: לעמיתים מעל גיל 14; השתתפות עצמית ₪10 לחודש (3 חודשים ראשונים ללא תשלום, פעם אחת בכל תקופות החברות). פרק ה', סעיף 44 — אביזרים רפואיים: כיסוי לאביזרים רפואיים ורפואיים-אורטופדים לפי נספח א' לתקנון. הערה: כיסוי ייעודי לגיל שלישי (סדנאות קוגניטיביות, אביזרי בית לבני 65+) כנושא נפרד אינו מוזכר. מקור: תקנון כללית מושלם זהב.

פלטינום · PROG10 · אין מידע — מומלץ לבדוק. שירותי גיל שלישי ייעודיים (סדנאות קוגניטיביות, אביזרי בית לבני 65+) אינם מוזכרים כסעיף נפרד בתקנון מושלם פלטינום. מקור: תקנון כללית מושלם פלטינום.","כסף · PROG14 · אין מידע — מומלץ לבדוק. שירותי גיל שלישי ייעודיים אינם מוזכרים בתקנון מכבי כסף. מקור: תקנון מכבי כסף

זהב · PROG15 · סדנאות וירטואליות לגיל השלישי (סעיף 32.2): גיל 70+; אינו מקבל תוכנית מהמערכת הציבורית; אישור ספק. כולל: ערכה ייעודית בבית, התאמה אישית, תמיכה טכנית. השתתפות עצמית: ₪25 לחודש. ספקים בהסכם. אכשרה: ללא תקופת המתנה. מקור: תקנון מכבי זהב, סעיף 32.2

שלי · PROG16 · כולל מספר שירותים: (א) שימור הכושר הקוגניטיבי (סעיף 21): גיל 45+ שאינו מאובחן כחולה דמנציה. זכאות לסדנה אחת/אימון ממוחשב אחד או תוכנה אחת בתקופת חברות. השתתפות עצמית לסדנה: ₪162.96–₪1,535.36 לסדרת מפגשים (לפי ספק); לתוכנה: ₪209.79 (חצי שנתי) – ₪349.03 (שנתי). אכשרה: 6 חודשים. (ב) אביזרי עזר לבית (סעיף 22): גיל 65+; הפניה מרופא/אחות/פיזיותרפיסט מכבי; ספקים שבהסכם. תקרה מצטברת ₪1,200.95 לכלל הרכישות, מתחדש כל 3 שנים. אכשרה: 6 חודשים. (ג) הבראה לאחר אשפוז (סעיף 35): גיל 65+; אשפוז 4–7 לילות רצופים; החזר 50% עד ₪304.51 ללילה; עד 10 לילות לשנה (עד מחצית ימי האשפוז). אכשרה: 6 חודשים. (ד) אמבולנס (סעיף 36): גיל 65+; אשפוז 2+ לילות; החזר 50% עד ₪243.61 לנסיעה; עד 2 פעמים בשנה. אכשרה: 6 חודשים. מקור: תקנון מכבי שלי, סעיפים 21–22, 35–36","עדיף · PROG19 · אין מידע ספציפי על שירותי גיל שלישי (סדנאות, כושר קוגניטיבי, אביזרי עזר לבית, הבראה בגיל מבוגר) — מומלץ לבדוק. מאוחדת עדיף מציעה: סדנא למחלימים ממחלה אונקולוגית (סעיף 33) — לגיל 18+ שסיים טיפולים אונקולוגיים, עד 7 ימי סדנה, ₪190 ליום, פעם אחת לתקופות החברות, תקופת המתנה 6 חודשים. הסעה דחופה באמבולנס (סעיף 26) — 50% מעלות הסעה שלא הסתיימה באשפוז, 75% לנט""ן. אין כיסוי ספציפי לסדנאות קוגניטיביות, אביזרי בטיחות בבית, הבראה בגיל מבוגר. מקור: תקנון מאוחדת עדיף 2026, סעיפים 33, 26.

שיא · PROG20 · אין מידע ספציפי על שירותי גיל שלישי ייעודיים — מומלץ לבדוק. מאוחדת שיא מוסיפה לגיל מבוגר בעיקר: (א) משקפיים למבוגרים מעל גיל 70 (סעיף 36) — פעם בשנתיים, מולטיפוקלים/ביפוקאלים עד ₪1,200 בהשתתפות 10%; (ב) בדיקות סקר תקופתיות (סעיף 8) — אחת לשנתיים מגיל 18. אין כיסוי מפורש לסדנאות קוגניטיביות, אביזרי עזר לבית, הבראה לאחר אשפוז בגיל מבוגר, או החזר על אמבולנס מביה""ח לבית. מקור: תקנון מאוחדת שיא 2026, סעיפים 36, 8.","כסף · PROG24 · אין מידע — מומלץ לבדוק. תקנון לאומית כסף אינו כולל התייחסות לסדנאות גיל שלישי, שימור כושר קוגניטיבי לבני 65+, אביזרי עזר לבית, הבראה במלון לאחר אשפוז, או נסיעת אמבולנס לבית לאחר אשפוז, בהקשר של 'גיל שלישי'. מקור: תקנון לאומית כסף.

זהב · PROG25 · אין מידע — מומלץ לבדוק. תקנון לאומית זהב אינו כולל התייחסות לסדנאות גיל שלישי, שימור כושר קוגניטיבי לבני 65+, אביזרי עזר לבית, הבראה במלון לאחר אשפוז, או נסיעת אמבולנס לבית לאחר אשפוז, בהקשר של 'גיל שלישי'. מקור: תקנון לאומית זהב.",מכבי שלי,
883,רפואה בבית וגיל שלישי,,אשפוז סיעודי מורכב — פטור מהשתתפות עצמית ל-60 יום,"כלל מבוטחי השב""ן בקופות החולים (לפי תוכנית והקופה)","הטבת שב""ן בנושא אשפוז סיעודי מורכב — פטור מהשתתפות עצמית ל-60 יום",,"פלטינום · PROG10 · אין מידע — מומלץ לבדוק

זהב · PROG09 · אין מידע — מומלץ לבדוק","כסף · PROG14 · סעיף 21.2: חבר שאושפז ואשפוזו מוגדר כסיעודי מורכב – פטור ב-60 ימים ראשונים מכל ה..ע.; מיום 61 חוזרים לה..ע. עלפי חוק. תקופת המתנה: 3 חודשים

זהב · PROG15 · סעיף 24.1: חבר שאושפז ואשפוזו מוגדר כסיעודי מורכב – פטור ב-60 ימים ראשונים מכל ה..ע.; מיום 61 חוזרים לה..ע. עלפי חוק. תקופת המתנה: 3 חודשים

שלי · PROG16 · אין מידע — מומלץ לבדוק","עדיף · PROG19 · סעיף 10 — אשפוז סיעודי מורכב: מבוטח שאושפז בבית חולים ואשפוזו מוגדר כ“סיעודי מורכב”, פטור בשני 60 הימים הראשונים מכל השתתפות עצמית; מיום 61 חוזרים לתנאי החוק. תקופת המתנה 12 חודשים.

שיא · PROG20 · אין מידע — מומלץ לבדוק (אשפוז סיעודי מורכב אינו מוזכר עלפי תקנון שיא)","כסף · PROG24 · אין מידע — מומלץ לבדוק

זהב · PROG25 · אין מידע — מומלץ לבדוק",טעון השוואה פרטנית,
884,רפואה בבית וגיל שלישי,,ביקור רופא בבית בשעות לילה וסוף שבוע,"כלל מבוטחי השב""ן בקופות החולים (לפי תוכנית והקופה)","הטבת שב""ן בנושא ביקור רופא בבית בשעות לילה וסוף שבוע",החזר/הטבה לביקור רופא בבית בשעות לילה וסוף שבוע בין 60 ל-72 ₪,"זהב · PROG09 · אין מידע — מומלץ לבדוק

פלטינום · PROG10 · אין מידע — מומלץ לבדוק","כסף · PROG14 · אין מידע — מומלץ לבדוק

זהב · PROG15 · אין מידע — מומלץ לבדוק

שלי · PROG16 · אין מידע — מומלץ לבדוק","עדיף · PROG19 · אין מידע — מומלץ לבדוק (עדיף אינו כולל סעיף ביקור רופא בבית)

שיא · PROG20 · סעיף 29 (שיא, מתווסף): ביקור רופא בבית בשעות לילה (מרפאות סגורות) ובשבתות/חגים — השתתפות עצמית ₪43. תקופת המתנה 12 חודשים.","כסף · PROG24 · כן — פרק ל""ז ס' 2.1: ביקור רופא בית בימי חול בין 19:00–06:00 ובסופ""ש/ערבי חג 19:00 עד 06:00 ליום שאחרי, בהזמנה דרך מוקד הבריאות (לאומית-פון). השתתפות עצמית ₪72 להזמנה. ללא תקופת אכשרה.

זהב · PROG25 · כן — פרק ל""ז ס' 2.1: ביקור רופא בית באותם תנאים ושעות. השתתפות עצמית ₪60 להזמנה. ללא תקופת אכשרה.",טעון השוואה פרטנית,
885,רפואה בבית וגיל שלישי,,חוות דעת רפואית לנושא אפוטרופסות גוף (65+),"כלל מבוטחי השב""ן בקופות החולים (לפי תוכנית והקופה)","סעיף 24: מבוטח גיל 65+ זכאי ל-2 ייעוצים נוספים בשנה או חוות דעת אחת לאפוטרופסות גוף. חוות דעת אפוטרופסות = 2 ייעוצים. החזר 80% עד ₪1,461.58 לחוות דעת אפוטרופסות","החזר/הטבה לחוות דעת רפואית לנושא אפוטרופסות גוף (65+) עד 1,462 ₪","זהב · PROG09 · אין מידע — מומלץ לבדוק

פלטינום · PROG10 · אין מידע — מומלץ לבדוק","כסף · PROG14 · סעיף 22.5: חוות דעת למטרות משפטיות לרבות אפוטרופסות גוף אינן נכללות בסעיף 22 (הייעץ מומחים); אין כיסוי נפרד לגיל 65+ במכבי כסף

זהב · PROG15 · סעיף 27.1.5 (חריגים): חוות דעת לאפוטרופסות גוף מוחרגת מהייעוץ הרגיל במכבי זהב. אין כיסוי נפרד לגיל 65+

שלי · PROG16 · סעיף 24: מבוטח גיל 65+ זכאי ל-2 ייעוצים נוספים בשנה או חוות דעת אחת לאפוטרופסות גוף. חוות דעת אפוטרופסות = 2 ייעוצים. החזר 80% עד ₪1,461.58 לחוות דעת אפוטרופסות","עדיף · PROG19 · אין מידע — מומלץ לבדוק

שיא · PROG20 · אין מידע — מומלץ לבדוק","כסף · PROG24 · אין מידע — מומלץ לבדוק

זהב · PROG25 · אין מידע — מומלץ לבדוק",מכבי שלי,
886,רפואה בבית וגיל שלישי,,סדנאות וירטואליות לגיל השלישי (70+),"כלל מבוטחי השב""ן בקופות החולים (לפי תוכנית והקופה)","הטבת שב""ן בנושא סדנאות וירטואליות לגיל השלישי (70+)",,"זהב · PROG09 · אין מידע — מומלץ לבדוק

פלטינום · PROG10 · אין מידע — מומלץ לבדוק","כסף · PROG14 · אין מידע — מומלץ לבדוק

זהב · PROG15 · סעיף 32.2: סדנאות וירטואליות לגיל השלישי לגיל 70+ – מנוי ספקים בהסכם בה..ע. ₪25 לחודש. כולל ערכה בבית, התאמה אישית ותמיכה טכנית. ללא תקופת המתנה

שלי · PROG16 · אין מידע — מומלץ לבדוק","עדיף · PROG19 · אין מידע — מומלץ לבדוק

שיא · PROG20 · אין מידע — מומלץ לבדוק (שיא כולל סעיף 12: סדנאות וקורסים — הרזיה והכנה ללידה; לא סדנאות וירטואליות ייעודיות לגיל 70+)","כסף · PROG24 · אין מידע — מומלץ לבדוק

זהב · PROG25 · אין מידע — מומלץ לבדוק",טעון השוואה פרטנית,
887,רפואה בבית וגיל שלישי,,אביזרי עזר לבית לגיל 65+,"כלל מבוטחי השב""ן בקופות החולים (לפי תוכנית והקופה)","הטבת שב""ן בנושא אביזרי עזר לבית לגיל 65+","החזר/הטבה לאביזרי עזר לבית לגיל 65+ עד 1,201 ₪","זהב · PROG09 · אין מידע — מומלץ לבדוק

פלטינום · PROG10 · אין מידע — מומלץ לבדוק","כסף · PROG14 · אין מידע — מומלץ לבדוק

זהב · PROG15 · אין מידע — מומלץ לבדוק

שלי · PROG16 · סעיף 22 + נספח ג' — אביזרי עזר לבית לגיל 65+: תקרה מצטברת ₪1,200.95 לכלל הרכישות; השתתפות עצמית לפי האביזר הנבחר (כמפורט בנספח ג'); רכישה מספקים בהסכם; הפניה מרופא/אחות/פיזיותרפיסט/מרפאה בעיסוק מחויבת; אביזר אחד מכל סוג בתקופת הזכאות; מתחדש כל 3 שנים צפות; תקופת המתנה 6 חודשים.","עדיף · PROG19 · אין מידע — מומלץ לבדוק

שיא · PROG20 · אין מידע — מומלץ לבדוק","כסף · PROG24 · אין מידע — מומלץ לבדוק

זהב · PROG25 · אין מידע — מומלץ לבדוק",טעון השוואה פרטנית,
888,רפואה בבית וגיל שלישי,,ביקור רופא בבית — תעריף השתתפות עצמית,"כלל מבוטחי השב""ן בקופות החולים (לפי תוכנית והקופה)","הטבת שב""ן בנושא ביקור רופא בבית — תעריף השתתפות עצמית",החזר/הטבה לביקור רופא בבית — תעריף השתתפות עצמית בין 60 ל-72 ₪,"זהב · PROG09 · אין מידע — מומלץ לבדוק

פלטינום · PROG10 · אין מידע — מומלץ לבדוק","כסף · PROG14 · אין מידע — מומלץ לבדוק

זהב · PROG15 · אין מידע — מומלץ לבדוק

שלי · PROG16 · אין מידע — מומלץ לבדוק","עדיף · PROG19 · אין מידע — מומלץ לבדוק

שיא · PROG20 · ביקור רופא בבית (שעות לילה/סוף שבוע) — ₪43 השתתפות עצמית לביקור. (מאוחדת שיא, סעיף 29)","כסף · PROG24 · השתתפות עצמית ₪72 להזמנה; בחול 19:00–06:00, בשישי/ערב חג מ-19:00 (לאומית כסף, פרק ל""ז סעיף 3.1.1)

זהב · PROG25 · השתתפות עצמית ₪60 להזמנה; בחול 19:00–06:00, בשישי/ערב חג מ-19:00 (לאומית זהב, פרק ל""ז סעיף 3.1.2)",טעון השוואה פרטנית,
889,רפואה בבית וגיל שלישי,,בדיקות מעבדה ולקיחת דם בבית — תעריפים,"כלל מבוטחי השב""ן בקופות החולים (לפי תוכנית והקופה)","הטבת שב""ן בנושא בדיקות מעבדה ולקיחת דם בבית — תעריפים",החזר/הטבה לבדיקות מעבדה ולקיחת דם בבית — תעריפים בין 97 ל-126 ₪,"זהב · PROG09 · השתתפות עצמית ₪35 לביקור; ₪20 ביישובים מסוימים (חשמ""ד; chaimvchessed.com; פרק ה׳ סעיף 48 — תקנון כללית מושלם זהב)

פלטינום · PROG10 · אין מידע — מומלץ לבדוק","כסף · PROG14 · אין מידע — מומלץ לבדוק

זהב · PROG15 · אין מידע — מומלץ לבדוק

שלי · PROG16 · אין מידע — מומלץ לבדוק","עדיף · PROG19 · אין מידע — מומלץ לבדוק

שיא · PROG20 · שירותי בדיקות מעבדה בבית המבוטח — ללא תקופת המתנה. (מאוחדת שיא, נספח ז' — ללא המתנה)","כסף · PROG24 · השתתפות עצמית ₪126 להזמנה (לאומית כסף, פרק ל""ז סעיף 3.3)

זהב · PROG25 · השתתפות עצמית ₪97 להזמנה (לאומית זהב, פרק ל""ז סעיף 3.4)",טעון השוואה פרטנית,
890,רפואה בבית וגיל שלישי,,טיפולים רפואיים בבית — תעריפי השתתפות עצמית,"כלל מבוטחי השב""ן בקופות החולים (לפי תוכנית והקופה)","הטבת שב""ן בנושא טיפולים רפואיים בבית — תעריפי השתתפות עצמית",החזר/הטבה לטיפולים רפואיים בבית — תעריפי השתתפות עצמית בין 60 ל-144 ₪,"זהב · PROG09 · אין מידע — מומלץ לבדוק

פלטינום · PROG10 · אין מידע — מומלץ לבדוק","כסף · PROG14 · פיזיותרפיה ₪60.31; לקיחת דם ₪101.10; אחות/זריקה ₪35.93; ריפוי בעיסוק ₪60.31; עובד סוציאלי ₪97.52; פסיכיאטר ₪143.72 ראשון / ₪92.39 חוזר; מוניטור עוברי ₪73.14 לשבוע. בבית, כשאין הצדקה לטיפול ממכבי (מכבי כסף סעיף 18.1).

זהב · PROG15 · פיזיותרפיה ₪60.31; לקיחת דם ₪101.10; אחות/זריקה ₪35.93; ריפוי בעיסוק ₪60.31; עובד סוציאלי ₪97.52; פסיכיאטר ₪143.72 ראשון / ₪92.39 חוזר; מוניטור עוברי ₪73.14 לשבוע (מכבי זהב סעיף 20.1). תקופת המתנה 6 חודשים.

שלי · PROG16 · אין מידע — מומלץ לבדוק","עדיף · PROG19 · אין מידע — מומלץ לבדוק

שיא · PROG20 · אין מידע — מומלץ לבדוק","כסף · PROG24 · אין מידע — מומלץ לבדוק

זהב · PROG25 · אין מידע — מומלץ לבדוק",טעון השוואה פרטנית,
891,רפואה בבית וגיל שלישי,,שיקום קוגניטיבי — תוכניות לגיל שלישי,"כלל מבוטחי השב""ן בקופות החולים (לפי תוכנית והקופה)","הטבת שב""ן בנושא שיקום קוגניטיבי — תוכניות לגיל שלישי","החזר/הטבה לשיקום קוגניטיבי — תוכניות לגיל שלישי בין 163 ל-1,535 ₪","זהב · PROG09 · אין מידע — מומלץ לבדוק

פלטינום · PROG10 · אין מידע — מומלץ לבדוק","כסף · PROG14 · אין מידע — מומלץ לבדוק

זהב · PROG15 · אין מידע — מומלץ לבדוק

שלי · PROG16 · גיל 45+, ללא אבחנת דמנציה. סדנה: ₪1,535.36; אימון קבוצתי: ₪162.96–₪460.62; אימון אישי: עלות גבוהה יותר לפי ספק; תוכנה ביתית: ₪209.79–₪349.03. אצל ספקים בהסכם (מכבי שלי סעיף 21). ללא תקופת המתנה.","עדיף · PROG19 · אין מידע — מומלץ לבדוק

שיא · PROG20 · אין מידע — מומלץ לבדוק","כסף · PROG24 · אין מידע — מומלץ לבדוק

זהב · PROG25 · אין מידע — מומלץ לבדוק",טעון השוואה פרטנית,
892,רפואה בבית וגיל שלישי,,אביזרי עזר לבית לגיל 65+,"כלל מבוטחי השב""ן בקופות החולים (לפי תוכנית והקופה)","הטבת שב""ן בנושא אביזרי עזר לבית לגיל 65+","החזר/הטבה לאביזרי עזר לבית לגיל 65+ עד 1,201 ₪","זהב · PROG09 · אין מידע — מומלץ לבדוק

פלטינום · PROG10 · אין מידע — מומלץ לבדוק","כסף · PROG14 · אין מידע — מומלץ לבדוק

זהב · PROG15 · אין מידע — מומלץ לבדוק

שלי · PROG16 · עד ₪1,200.95 כל 3 שנים. גיל 65 ומעלה. אצל ספקים בהסכם (מכבי שלי סעיף 22).","עדיף · PROG19 · אין מידע — מומלץ לבדוק

שיא · PROG20 · אין מידע — מומלץ לבדוק","כסף · PROG24 · אין מידע — מומלץ לבדוק

זהב · PROG25 · אין מידע — מומלץ לבדוק",טעון השוואה פרטנית,
893,רפואה בבית וגיל שלישי,,סדנאות וירטואליות לגיל 70+ — אורח חיים בריא,"כלל מבוטחי השב""ן בקופות החולים (לפי תוכנית והקופה)","הטבת שב""ן בנושא סדנאות וירטואליות לגיל 70+ — אורח חיים בריא",,"זהב · PROG09 · אין מידע — מומלץ לבדוק

פלטינום · PROG10 · אין מידע — מומלץ לבדוק","כסף · PROG14 · אין מידע — מומלץ לבדוק

זהב · PROG15 · גיל 70+, ₪25 לחודש השתתפות עצמית. כולל ערכת חיבור לבית, תכנים מותאמים אישית ותמיכה טכנית. לאחר אישור ספק. לא מקבל שירות דומה מהציבורי (מכבי זהב סעיף 32.2). ללא תקופת המתנה.

שלי · PROG16 · אין מידע — מומלץ לבדוק","עדיף · PROG19 · אין מידע — מומלץ לבדוק

שיא · PROG20 · אין מידע — מומלץ לבדוק","כסף · PROG24 · אין מידע — מומלץ לבדוק

זהב · PROG25 · אין מידע — מומלץ לבדוק",טעון השוואה פרטנית,
894,בריאות הנפש,,פסיכולוגיה / בריאות הנפש,"כלל מבוטחי השב""ן בקופות החולים (לפי תוכנית והקופה)","הטבת שב""ן בנושא פסיכולוגיה / בריאות הנפש","החזר/הטבה לפסיכולוגיה / בריאות הנפש בין 55 ל-11,199 ₪","זהב · PROG09 · טיפולים רגשיים/נפשיים לילדים עם בעיות התפתחות שאובחנו ע""י רופא מומחה, המבוצעים ע""י פסיכולוג ו/או עו""ס: השתתפות עצמית ₪110 לטיפול, במכוני הסדר בלבד (במסגרת מכסת טיפולי התפתחות הילד). סדנה למחלימים ממחלה אונקולוגית (כלים לשיקום ולחזרה לאורח חיים): השתתפות עצמית ₪195 ליום סדנה, באמצעות ספקים בהסדר, לעמית מעל גיל 18 שסיים טיפולים אונקולוגיים. אין כיסוי כללי לטיפול פסיכולוגי למבוגרים מעבר לאמור.

פלטינום · PROG10 · במסגרת חבילה תומכת לחולי סרטן (פרק ט'): החזר עבור רכישה פרטית של ייעוצים וטיפולים פסיכולוגיים וייעוץ תזונתי; שמירה ע""י מטפל אישי; הכוונה וייעוץ רב-מקצועי. זכאות: שנתיים מיום אבחון המחלה לראשונה, בכפוף להשתתפות עצמית ₪500. סכומים בפרק: עד ₪11,199 להוצאות אבחון וטיפול, 75% מההוצאה בפועל. תקופת אכשרה: 12 חודשים. אין כיסוי כללי לטיפול פסיכולוגי למבוגרים שאינו קשור למחלה אונקולוגית.","כסף · PROG14 · סעיף 5.2 — הוראות כלליות: תקנון מכבי כסף מחריג במפורש טיפול על ידי פסיכיאטר, פסיכולוג מורשה ועובד סוציאלי, לרבות מחלות נפש ואשפוז פסיכיאטרי. אין כיסוי פסיכולוגיה / בריאות הנפש.
יוצא דופן — סעיף 18.1 (ביקורי בית): ביקור פסיכיאטר בבית כאשר אין הצדקה רפואית לטיפול ציבורי: ה""ע ₪143.72 לביקור ראשון, ₪92.39 לביקור חוזר.

זהב · PROG15 · סעיף 5.2 — הוראות כלליות: זהה למכבי כסף — מחריג פסיכיאטר, פסיכולוג מורשה ועובד סוציאלי; לרבות מחלות נפש ואשפוז פסיכיאטרי. אין כיסוי פסיכולוגיה / בריאות הנפש.
סעיף 27.1.6 סעיף 8: מחריג 'טיפול פסיכותרפי, למעט טיפולים על ידי פסיכיאטר'.
יוצא דופן — סעיף 20.1 (ביקורי בית): ביקור פסיכיאטר בבית: ה""ע ₪143.72 ביקור ראשון, ₪92.39 ביקור חוזר.

שלי · PROG16 · סעיף 9.1 — הוראות כלליות: תקנון מכבי שלי מחריג במפורש טיפול על ידי פסיכיאטר, פסיכולוג מורשה ועובד סוציאלי. אין כיסוי פסיכולוגיה / בריאות הנפש.","עדיף · PROG19 · אין מידע — מומלץ לבדוק

[הערה: תקנון ""מאוחדת עדיף"" אינו כולל סעיף מפורש לפסיכולוגיה, פסיכותרפיה, טיפול רגשי, או בריאות הנפש. האזכורים היחידים בתקנון הם: הגדרת ""אשפוז פסיכיאטרי"" כחלק מהגדרות כלליות; הפניות לפסיכיאטר ביחס לאבחון הפרעות קשב וריכוז (סעיף 28); ורשימת האמצעים הרפואיים (נספח). אין כיסוי עצמאי לטיפול פסיכולוגי אמבולטורי בתקנון זה.]

שיא · PROG20 · אין מידע — מומלץ לבדוק

[הערה: תקנון ""מאוחדת שיא"" אינו כולל סעיף מפורש לפסיכולוגיה, פסיכותרפיה, טיפול רגשי, או בריאות הנפש. האזכורים היחידים בתקנון הם: הגדרת ""אשפוז פסיכיאטרי"" כחלק מהגדרות כלליות; הפניה לפסיכיאטר ביחס לאבחון הפרעות קשב וריכוז (סעיפים 31 ו-37); ואבחון פסיכו-דידקטי ללקויות למידה לגילאי 6-26 בהשתתפות עצמית של 950 ש""ח (סעיף 37.2.2). אין כיסוי עצמאי לטיפול פסיכולוגי/פסיכותרפי אמבולטורי שוטף בתקנון זה.]","כסף · PROG24 · הסכם שב""ן לאומית כסף אינו כולל פרק עצמאי לפסיכולוגיה/בריאות הנפש למבוגרים.

הכיסוי הרלוונטי הקיים:

1. פרק י""ז — טיפולים בילדים והתפתחות הילד (גילאי 0–18). תקופת אכשרה: 6 חודשים.
   — כיסוי לטיפול פסיכולוגי עבור ילדים עם בעיות התפתחות שאובחנו ע""י רופא ממיין בקופה.
   — עמית לאומית כסף: עד 30 טיפולים בשנה (בכל המקצועות יחד: פיזיותרפיה / ריפוי בעיסוק / קלינאי תקשורת / ריפוי בדיבור / פסיכולוג).
   — במכון שבהסדר: השתתפות עצמית ₪38 לטיפול.
   — שלא במכון הסדר: החזר 80% עד ₪114 לטיפול.

2. פרק י""ז — טיפולים בהבעה ויצירה (תראפיה במוזיקה/אמנות/דרמה/תנועה/ביבליותרפיה) — נכלל במכסת 30 הטיפולים.
   — השתתפות עצמית ₪90 לטיפול; עד 100 טיפולים לכל תקופת ההסכם (טיפולי הבעה ויצירה + שחייה/ספורט טיפולי יחד).

אין כיסוי ספציפי לפסיכולוגיה למבוגרים / פסיכותרפיה / פסיכיאטריה בפני עצמם בתוכנית לאומית כסף (מעבר לסל הבסיסי).

זהב · PROG25 · הסכם שב""ן לאומית זהב אינו כולל פרק עצמאי לפסיכולוגיה/בריאות הנפש למבוגרים.

הכיסוי הרלוונטי הקיים:

1. פרק י""ז — טיפולים בילדים והתפתחות הילד (גילאי 0–18). תקופת אכשרה: 6 חודשים.
   — כיסוי לטיפול פסיכולוגי עבור ילדים עם בעיות התפתחות שאובחנו ע""י רופא ממיין בקופה.
   — עמית לאומית זהב: עד 55 טיפולים בשנה (בכל המקצועות יחד: פיזיותרפיה / ריפוי בעיסוק / קלינאי תקשורת / ריפוי בדיבור / פסיכולוג).
   — במכון שבהסדר: השתתפות עצמית ₪23 לטיפול.
   — שלא במכון הסדר: החזר 80% עד ₪152 לטיפול.

2. פרק י""ז — טיפולים בהבעה ויצירה (תראפיה במוזיקה/אמנות/דרמה/תנועה/ביבליותרפיה) — נכלל במכסת 55 הטיפולים.
   — השתתפות עצמית ₪55 לטיפול; עד 100 טיפולים לכל תקופת ההסכם.

3. פרק י""ז — רכיבה טיפולית לעמיתי לאומית זהב בלבד: עד 20 טיפולים בשנה (נכלל במכסה) + 10 טיפולים מעבר למכסה. החזר 80% עד ₪71 לטיפול.

אין כיסוי ספציפי לפסיכולוגיה למבוגרים / פסיכותרפיה / פסיכיאטריה בפני עצמם בתוכנית לאומית זהב (מעבר לסל הבסיסי).",כללית מושלם פלטינום,
895,בריאות הנפש,,טיפול פסיכו-סקסואלי — תעריפים,"כלל מבוטחי השב""ן בקופות החולים (לפי תוכנית והקופה)","הטבת שב""ן בנושא טיפול פסיכו-סקסואלי — תעריפים",החזר/הטבה לטיפול פסיכו-סקסואלי — תעריפים בין 146 ל-203 ₪,"זהב · PROG09 · אין מידע — מומלץ לבדוק

פלטינום · PROG10 · אין מידע — מומלץ לבדוק","כסף · PROG14 · אין מידע — מומלץ לבדוק

זהב · PROG15 · אין מידע — מומלץ לבדוק

שלי · PROG16 · אין מידע — מומלץ לבדוק","עדיף · PROG19 · אין מידע — מומלץ לבדוק

שיא · PROG20 · אין מידע — מומלץ לבדוק","כסף · PROG24 · השתתפות עצמית ₪203 לטיפול, עד 12 טיפולים בתקופת ההסכם (לאומית כסף, פרק ל""ג סעיף 1.2.1.1)

זהב · PROG25 · השתתפות עצמית ₪146 לטיפול, עד 24 טיפולים בתקופת ההסכם (לאומית זהב, פרק ל""ג סעיף 1.2.1.2)",טעון השוואה פרטנית,
896,בריאות הנפש,,בדיקת NPT (זקפה לילית),"כלל מבוטחי השב""ן בקופות החולים (לפי תוכנית והקופה)","הטבת שב""ן בנושא בדיקת NPT (זקפה לילית)",החזר/הטבה לבדיקת NPT (זקפה לילית) עד 465 ₪,"זהב · PROG09 · אין מידע — מומלץ לבדוק

פלטינום · PROG10 · אין מידע — מומלץ לבדוק","כסף · PROG14 · אין מידע — מומלץ לבדוק

זהב · PROG15 · אין מידע — מומלץ לבדוק

שלי · PROG16 · אין מידע — מומלץ לבדוק","שיא · PROG20 · אין מידע — מומלץ לבדוק

עדיף · PROG19 · אין מידע — מומלץ לבדוק","כסף · PROG24 · השתתפות עצמית ₪465 (לאומית כסף, פרק ל""ג סעיף 2.2.1)

זהב · PROG25 · השתתפות עצמית ₪465 (לאומית זהב, פרק ל""ג סעיף 2.2.2)",טעון השוואה פרטנית,
897,תרופות,,מזון רפואי ייעודי,"כלל מבוטחי השב""ן בקופות החולים (לפי תוכנית והקופה)","סעיף 24 — תחליפי מזון שאינם בסל הבריאות. תקופת המתנה: 12 חודשים מיום ההצטרפות לתוכנית. מהות השירות ביחס לזכאות על פי 'מאוחדת עדיף': מתווסף. תינוק עד גיל שנתיים, שהינו מבוטח בתוכנית",,"זהב · PROG09 · אין מידע — מומלץ לבדוק (רשימות מוצרים בלבד: SIMILAC, PEDIASURE, JEVITY, NEPRO, ENSURE — ללא נוסח זכאות מפורש). מקור: תקנון מושלם זהב.

פלטינום · PROG10 · לא מופיע בפלטינום. אין מידע — מומלץ לבדוק. מקור: תקנון פלטינום.","כסף · PROG14 · אין מידע — מומלץ לבדוק. תקנון ""מכבי כסף"" אינו כולל סעיף לכיסוי מזון רפואי ייעודי, תוספי תזונה, פורמולות רפואיות, או מוצרי גלוטן. מילות המפתח: מזון, מזון רפואי, תוסף תזונה, פורמולה, גלוטן — לא נמצאו בטקסט כסעיף מזכה.

זהב · PROG15 · אין מידע — מומלץ לבדוק. תקנון ""מכבי זהב"" אינו כולל סעיף ייעודי לכיסוי מזון רפואי, תוספי תזונה, פורמולות רפואיות, או מוצרים ללא גלוטן. סעיף 18.4.2ב מציין במפורש כי טיפול בוויטמינים ו/או חיסונים ו/או תוספי מזון ו/או תכשירי קוסמטיקה — אינם בגדר ""תרופה למחלה"" המזכה בכיסוי.

שלי · PROG16 · אין מידע — מומלץ לבדוק. תקנון ""מכבי שלי"" אינו כולל סעיף ייעודי לכיסוי מזון רפואי ייעודי, תוספי תזונה, פורמולות רפואיות, או מוצרים ללא גלוטן. מילות המפתח: מזון, מזון רפואי, תוסף תזונה, פורמולה, גלוטן — לא נמצאו בטקסט.","עדיף · PROG19 · אין מידע — מומלץ לבדוק. לא נמצא בתקנון מאוחדת עדיף סעיף מפורש בנושא מזון רפואי ייעודי, תחליפי מזון, פורמולות רפואיות, תוספי תזונה, או מזון ללא גלוטן. חיפוש מקיף תחת המילות מפתח: מזון, תחליפי, פורמולה, תוסף, גלוטן — לא הניב תוצאות.

שיא · PROG20 · סעיף 24 — תחליפי מזון שאינם בסל הבריאות. תקופת המתנה: 12 חודשים מיום ההצטרפות לתוכנית. מהות השירות ביחס לזכאות על פי 'מאוחדת עדיף': מתווסף. תינוק עד גיל שנתיים, שהינו מבוטח בתוכנית, יהיה זכאי להנחה בשיעור 25%-40% מהמחיר לצרכן בעת רכישה בבית מרקחת של הקופה, של תחליפי מזון אשר נדרשים על פי קביעת הרופא המטפל בתינוק מטעם הקופה (גובה ההנחה בהתאם לסוג תחליף המזון הנדרש), ובלבד שתחליף המזון נמנה על רשימת התחליפים המאושרת על ידי הקופה. האמור מוגבל למצבים בהם לדעת הרופא אין בתחליפי המזון הכלולים בסל שירותי הבריאות כדי לענות על צרכי התינוק. השתתפות הקופה על פי סעיף זה מוגבלת לתקופה של 6 חודשים מצטברים.","כסף · PROG24 · אין מידע — מומלץ לבדוק. הסכם השב""ן של לאומית (נובמבר 2025) אינו כולל פרק הנוגע למזון רפואי ייעודי, תוסף תזונה, פורמולה, או מזון ללא גלוטן. חיפוש בקלוע אחר המילות המפתח: מזון רפואי, פורמולה, גלוטן, תוסף תזונה — לא העלה תוצאות בהסכם.

זהב · PROG25 · אין מידע — מומלץ לבדוק. הסכם השב""ן של לאומית (נובמבר 2025) אינו כולל פרק הנוגע למזון רפואי ייעודי, תוסף תזונה, פורמולה, או מזון ללא גלוטן. חיפוש בקלוע אחר המילות המפתח: מזון רפואי, פורמולה, גלוטן, תוסף תזונה — לא העלה תוצאות בהסכם.",מאוחדת שיא,
898,תרופות,,תרופות למחלה קשה (סל מורחב),"כלל מבוטחי השב""ן בקופות החולים (לפי תוכנית והקופה)","הטבת שב""ן בנושא תרופות למחלה קשה (סל מורחב)","החזר/הטבה לתרופות למחלה קשה (סל מורחב) בין 300 ל-1,424,933 ₪","זהב · PROG09 · פרק ד' — תרופות. מקרה מזכה: תרופה שאינה בסל הבריאות (או כלולה בסל אך לא להתוויה המבוקשת), לאחר מיצוי הטיפול הקיים בסל, על פי הוראת רופא מומחה/רופא, לאחר אישור הכללית מראש. השתתפות עצמית לעמית: ₪300 לכל מרשם עבור כל תרופה, או 50% ממחיר המרבי לצרכן — לפי הנמוך; לא יותר מ-₪600 לחודש בגין כל התרופות המכוסות יחד. תקרה מצטברת: ₪1,000,000 (מיליון) לעמית לכל תקופות התכנית (צמוד למדד). תקופת אכשרה: 3 חודשים. אישור מראש: כן, אישור הכללית מראש. הגבלות: לא כוללת תרופות אונקולוגיות/המטו-אונקולוגיות, ויטמינים, חיסונים, תוספי מזון, אביזרים מצופי תרופה, טיפולי אין-אונות/השמנה/נשירת שיער/פיריון, רפואה אלטרנטיבית, תרופות יתומות (FDA), תרופות למחקר, איידס/HIV. מקור: תקנון כללית מושלם זהב.

פלטינום · PROG10 · פרק ט' — חבילה תומכת לחולי סרטן (תוספת על מושלם זהב, לאחר מיצוי זכאות בזהב). מקרה מזכה: עמית שאובחן ע""י רופא מומחה כחולה במחלה גידולית ממארת (אובחנה בבדיקה פתולוגית; לא כולל נגעי עור הדורשים כריתה מקומית למעט מלנומה, ולא גידולים טרום-ממאירים). תקופת זכאות: שנתיים מיום אבחון. כיסוי עד 75% מההוצאה בפועל, עד התקרות הבאות: (א) ₪44,796 להשתתפות בעלות ניתוח בישראל; (ב) ₪111,991 להשתתפות בעלות ניתוח ו/או טיפולים רפואיים במדינת חוץ; (ג) ₪11,199 לכיסוי הוצאות שונות לאבחון וטיפול (ייעוץ רפואי, טיפולים פסיכולוגיים, ייעוץ תזונתי, רפואה משלימה, שמירה על חולה, אביזרי עזר לבית, הוצאות נסיעה). בנוסף: שירותי הכוונה לחולה וייעוץ רב-מקצועי — בהשתתפות עצמית ₪500. תקופת אכשרה: 12 חודשים. אישור מראש: לא צוין. הערה: הכיסוי הוא לאחר מיצוי הזכאות בתכניות מושלם זהב ומושלם פלטינום. מקור: תקנון כללית מושלם פלטינום.","כסף · PROG14 · תרופות שאינן בסל — כיסוי לפי רשימה שמפרסמת מכבי כסף (סעיף 16). לא קיים כיסוי ייעודי ומפורש למחלות קשות עם תקרה מוגדלת (כגון סרטן, איידס וכד'). ההשתתפות העצמית לכל תרופה — לפי הרשימה. אכשרה: 3 חודשים. אין הנחה מפורשת לאחוזים. מקור: תקנון מכבי כסף, סעיפים 16.1–16.3

זהב · PROG15 · כיסוי מפורש לתרופות למחלה קשה ותרופות למחלה (שאינן בסל). תקרה כוללת: ₪1,424,933.38. השתתפות עצמית: (א) למחלה קשה (סרטן, איידס, המופיליה וכד') — ללא השתתפות עצמית, מכבי זהב נושאת בעלות המלאה; (ב) למחלה רגילה — ₪472.97 למרשם, לא יותר מ-₪945.94 לחודש בגין כל התרופות. תנאים: אישור מראש של רופא מומחה; החבר מיצה טיפול קיים בסל; אין תרופה חלופית בסל. הסעיף אינו כולל תרופות שניתנות במהלך ניתוח/אשפוז. אכשרה: 24 חודשים. מקור: תקנון מכבי זהב, סעיפים 18.2–18.4 (ב)

שלי · PROG16 · אין כיסוי ייעודי עצמאי לתרופות למחלה קשה במכבי שלי. הזכאות לתרופות (כולל לשימור פוריות) כפופה לתקנון מכבי זהב. אין מידע על הרחבה מעבר לזכאות מכבי זהב — מומלץ לבדוק. מקור: תקנון מכבי שלי, סעיף 14.1.2","עדיף · PROG19 · מאוחדת עדיף (סעיף 3 — תרופות שאינן כלולות בסל הבריאות הממלכתי): כיסוי לתרופות שאינן בסל הממלכתי ('תרופה ברשימה' — נספח ד'1), בתנאי שאין תרופה חלופית בסל ובכפוף לאישור מראש של רופא מומחה מטעם הקופה. תקופת המתנה: 12 חודשים מיום הצטרפות. השתתפות עצמית: ₪409 למרשם או 50% מהמחיר המרבי לצרכן (הנמוך מביניהם), עד תקרה של ₪817 לחודש עבור כל התרופות מסוג זה. תקרת שיפוי: עד ₪1,000,000 לכל חייו של המבוטח (כולל כל תקופות חברות). כאשר הטיפול נמשך בהמשך ('רצף טיפולי') — ממשיך הכיסוי גם מעבר לתקרה. תרופות נוספות (נספח ד'2) — המתנה 3 חודשים, זכאות להנחה ברכישה בבית מרקחת הקופה. מקור: תקנון מאוחדת עדיף 2026, סעיף 3.

שיא · PROG20 · מאוחדת שיא מעניקה לחבריה את כל כיסויי הסל התרופתי של עדיף (סעיף 3 של עדיף) בתוספת שיפורים בתחום פריון: תרופות שאינן בפנקס הקופה לטיפולי הפריה — 15% השתתפות עצמית בלבד (במקום 50% בעדיף). תרופות לטיפולי IVF לילד שלישי ואילך — 15% השתתפות עצמית. בנוסף, מבוטחות שיא שמתחת לגיל 41 בשימור פוריות — תרופות הכנה לשאיבה ב-50% מהמחיר המרבי לצרכן. לגבי תרופות למחלות קשות (לא בתחום הפריון) — הכיסוי זהה לעדיף: עד ₪1,000,000 לכל החיים עם ₪409 השתתפות עצמית למרשם או 50% הנמוך. תקופת המתנה: 24 חודשים מהצטרפות לשיא (אם לא היה מנוי עדיף קודם). מקור: תקנון מאוחדת שיא 2026, סעיפים 16.5, 16.9.","כסף · PROG24 · אין זכאות לרשימת תרופות מורחבת — פרק כ""ו חלק ב' (כיסוי מורחב בגין תרופות ברשימה) מיועד לעמיתי 'לאומית זהב' בלבד. עמיתי לאומית כסף זכאים להנחות על תרופות מרשימת התרופות הבסיסית בלבד (פרק כ""ו חלק א'). מקור: תקנון לאומית כסף.

זהב · PROG25 · מכוסה — פרק כ""ו חלק ב'. עמית 'לאומית זהב' זכאי לתרופות מרשימת התרופות המורחבת שאינן בסל הבריאות או שלא לפי ההתוויה המבוקשת, בכפוף לאישור הקופה מראש. תקרת כיסוי כוללת: ₪1,000,000 לכל תקופת החברות בהסכם. השתתפות עצמית: ₪300 לכל מרשם או 50% ממחיר מרבי לצרכן — לפי הנמוך, ולא יותר מ-₪600 לחודש בגין כל תרופות הרשימה המורחבת. מרשם: לחודש אחד בכל פעם. אכשרה: 6 חודשים. אישור מראש: נדרש אישור הקופה מראש לכל תרופה. הערה: רשימת התרופות המורחבת אינה כוללת תרופות מצילות חיים או מאריכות חיים (כפי שנקבע בחוק). מקור: תקנון לאומית זהב.",כללית מושלם פלטינום,
899,תרופות,,תחליפי מזון לתינוקות שאינם בסל (פורמולות מיוחדות),"כלל מבוטחי השב""ן בקופות החולים (לפי תוכנית והקופה)","מכוסה — סעיף 24 תקנון מאוחדת שיא (שירות מתווסף). תינוק עד גיל שנתיים המבוטח בתוכנית זכאי להנחה 25%–40% מהמחיר לצרכן ברכישה בבית מרקחת של הקופה, של תחליפי מזון שנדרשים על פי קביעת ה",,"זהב · PROG09 · אין מידע — מומלץ לבדוק

פלטינום · PROG10 · אין מידע — מומלץ לבדוק","שלי · PROG16 · אין מידע — מומלץ לבדוק

כסף · PROG14 · אין מידע — מומלץ לבדוק

זהב · PROG15 · אין מידע — מומלץ לבדוק","עדיף · PROG19 · לא מכוסה ברובד עדיף — לא נמצא סעיף תחליפי מזון בתקנון מאוחדת עדיף.

שיא · PROG20 · מכוסה — סעיף 24 תקנון מאוחדת שיא (שירות מתווסף). תינוק עד גיל שנתיים המבוטח בתוכנית זכאי להנחה 25%–40% מהמחיר לצרכן ברכישה בבית מרקחת של הקופה, של תחליפי מזון שנדרשים על פי קביעת הרופא המטפל מטעם הקופה (גובה ההנחה לפי סוג התחליף) — ובלבד שסל הבריאות אינו מכסה את הצורך. ההשתתפות מוגבלת ל-6 חודשים מצטברים. תקופת המתנה: 12 חודשים.","כסף · PROG24 · אין מידע — מומלץ לבדוק

זהב · PROG25 · אין מידע — מומלץ לבדוק",מאוחדת שיא,
900,תרופות,,הורמון גדילה לילדים קצרי קומה ללא סיבה רפואית (ISS) — PROG25 בלבד,"כלל מבוטחי השב""ן בקופות החולים (לפי תוכנית והקופה)","הטבת שב""ן בנושא הורמון גדילה לילדים קצרי קומה ללא סיבה רפואית (ISS) — PROG25 בלבד","החזר/הטבה להורמון גדילה לילדים קצרי קומה ללא סיבה רפואית (ISS) — PROG25 בלבד בין 300 ל-1,000,000 ₪","זהב · PROG09 · אין מידע — מומלץ לבדוק

פלטינום · PROG10 · אין מידע — מומלץ לבדוק","כסף · PROG14 · אין מידע — מומלץ לבדוק

זהב · PROG15 · כיסוי תרופות לא בסל: הורמון גדילה (Genotropin, Norditropin, Lissin ואחרים) מופיע בנספח ו' — רשימת תרופות בהנחה של מכבי זהב; השתתפות עצמית לפי רשימה (בדרך כלל 50%); לא ניתן לאמת מהמסמך אם כיסוי ה-ISS (קצרי קומה אידיופתיים) נכלל בתנאים — יש לבדוק ברשימה המלאה של מכבי ומול ועדת תרופות; תקופת המתנה 3 חודשים (סעיף 18א).

שלי · PROG16 · אין מידע — מומלץ לבדוק","עדיף · PROG19 · מכוסה — פרק 3 (תרופות שאינן בסל) + נספח ד'1 לתקנון 'מאוחדת עדיף', פריט 26: Biotropin (Growth Hormone) לטיפול בילדים עם קומה נמוכה מסיבה לא ידועה (ISS) שאינם עונים על הגדרות הסל, עם סטיות תקן 2.0–2.25. המלצת מומחה: אנדוקרינולוג ילדים. דרישה: מקרים המצריכים בקשה 29ג. תקופת המתנה: 12 חודשים. השתתפות עצמית: ₪409 לכל מרשם, או 50% מהמחיר המרבי לצרכן (הנמוך מביניהם), עד תקרת ₪817 לחודש.

שיא · PROG20 · מכוסה — בהיות מבוטח 'שיא' גם מבוטח 'עדיף', חל כיסוי כמפורט ב-PROG19 (פרק 3 + נספח ד'1 לתקנון 'מאוחדת עדיף', פריט 26: Biotropin לטיפול ב-ISS). אנדוקרינולוג ילדים. השתתפות עצמית: ₪409 לכל מרשם (או 50%, הנמוך), עד ₪817 לחודש; תקרת חיים ₪1,000,000.","כסף · PROG24 · אין מידע — מומלץ לבדוק

זהב · PROG25 · פרק כ""ו חלק ב' — לאומית זהב בלבד: Genotropin (Growth hormone) לטיפול בילדים בקומה נמוכה מסיבה לא ידועה (ISS) שאינם עונים על הגדרת הסל, הנמצאים באחוזון 3 בגובה (שווה ערך ל-SD 2) עם גיל עצמות שווה לגיל כרונולוגי (ללא גדילה מאוחרת); נדרש מרשם אנדוקרינולוג ילדים; אין דרישה למיצוי סל; השתתפות עצמית ₪300 לרשם או עד 50% מהמחיר המרבי (הנמוך מביניהם), תקרה ₪600/חודש לכלל תרופות מורחבות; תקופת אכשרה 6 חודשים.",טעון השוואה פרטנית,
901,תרופות,,הזרקות עין למניעת עיוורון (Lucentis/Eylea/Beovu לAMD) — PROG25 בלבד,"כלל מבוטחי השב""ן בקופות החולים (לפי תוכנית והקופה)","הטבת שב""ן בנושא הזרקות עין למניעת עיוורון (Lucentis/Eylea/Beovu לAMD) — PROG25 בלבד","החזר/הטבה להזרקות עין למניעת עיוורון (Lucentis/Eylea/Beovu לAMD) — PROG25 בלבד בין 300 ל-1,424,933 ₪","זהב · PROG09 · אין מידע — מומלץ לבדוק

פלטינום · PROG10 · אין מידע — מומלץ לבדוק","כסף · PROG14 · אין מידע — מומלץ לבדוק

זהב · PROG15 · לא נמצאו Lucentis/Eylea/Beovu ברשימת התרופות בהנחה של מכבי זהב (נספח ו'). ייתכן שמכוסים כ'תרופה למחלה קשה' (סרטן/מחלות קשות סעיף 18ב) או כתרופה לא בסל ע""פ אישור מכבי; זכאות לפי סעיף 18ב: הגשת מרשם רופא מומחה, אישור מכבי זהב מראש, תקרת כיסוי ₪1,424,933; ממחלה 'רגילה' — השתתפות עצמית ₪472.97 למרשם, עד ₪945.94 לחודש — אין מידע — מומלץ לבדוק.

שלי · PROG16 · אין מידע — מומלץ לבדוק","עדיף · PROG19 · מכוסה חלקית — פרק 3 + נספח ד'1 לתקנון 'מאוחדת עדיף': פריט 6 — Lucentis (Ranibizumab) לטיפול בניוון מקולרי (AMD) ובצקת מקולרית כולל חסימה ורידית של הרשתית, לאחר מיצוי אווסטין או הוריית נגד לאווסטין. פריט 7 — Eylea (Aflibercept) באותה התוויה ובאותם תנאים. Beovu אינו מוזכר במפורש בנספח ד'1. המלצת מומחה: מומחה מחלות עיניים. תקופת המתנה: 12 חודשים. השתתפות עצמית: ₪409 לכל מרשם (או 50%, הנמוך), עד ₪817 לחודש.

שיא · PROG20 · מכוסה חלקית — בהיות מבוטח 'שיא' גם מבוטח 'עדיף', חל כיסוי כמפורט ב-PROG19 (נספח ד'1 פריטים 6–7: Lucentis ו-Eylea). Beovu אינו מוזכר במפורש. מומחה מחלות עיניים. השתתפות עצמית: ₪409 למרשם (או 50%, הנמוך), עד ₪817 לחודש.","כסף · PROG24 · אין מידע — מומלץ לבדוק

זהב · PROG25 · פרק כ""ו חלק ב' — לאומית זהב בלבד: Lucentis (Ranibizumab), Eylea (Aflibercept), Beovu (Brolucizumab) להזרקה תוך-עינית בחולי AMD, חסימה ורידית של הרשתית, וסוכרת (קו שלישי) — למניעת עיוורון; נדרש מרשם מומחה מחלות עיניים; דרישה למיצוי הטיפול באווסטין תחילה; השתתפות עצמית ₪300 לרשם או עד 50% מהמחיר המרבי (הנמוך מביניהם), תקרה ₪600/חודש לכלל תרופות מורחבות; תקופת אכשרה 6 חודשים.",טעון השוואה פרטנית,
902,תרופות,,טיפול בהזעת יתר חולנית (Botox/Dysport לבית השחי) — PROG25 בלבד,"כלל מבוטחי השב""ן בקופות החולים (לפי תוכנית והקופה)","הטבת שב""ן בנושא טיפול בהזעת יתר חולנית (Botox/Dysport לבית השחי) — PROG25 בלבד",החזר/הטבה לטיפול בהזעת יתר חולנית (Botox/Dysport לבית השחי) — PROG25 בלבד בין 300 ל-817 ₪,"זהב · PROG09 · אין מידע — מומלץ לבדוק

פלטינום · PROG10 · פרק כ""ה (פלטינום) — ניתוחים וטיפולים אסתטיים: ""טיפול להזעת יתר — בית שחי"" נכלל ברשימת הטיפולים האסתטיים בהסדר; ההשתתפות העצמית מפורטת במרפאות ההסדר; תקופת אכשרה 12 חודשים. הערה: הכיסוי הוא לטיפול אסתטי ולא לאינדיקציה קלינית/תרופות ביולוגיות.","כסף · PROG14 · אין מידע — מומלץ לבדוק

זהב · PROG15 · לא נמצא Botox/Dysport להיפרהידרוזיס ברשימת תרופות מכבי זהב (נספח ו'). ייתכן כיסוי כ'תרופה למחלה' בסעיף 18ב בכפוף לאישור מכבי זהב ורופא מומחה מראש — אין מידע — מומלץ לבדוק.

שלי · PROG16 · אין מידע — מומלץ לבדוק","עדיף · PROG19 · מכוסה — פרק 3 + נספח ד'1 לתקנון 'מאוחדת עדיף': פריט 21 — Botox (Botulinum Toxin) לטיפול בהזעת יתר חולנית בבית השחי; פריט 22 — Dysport (Botulinum Toxin) לאותה התוויה. המלצת מומחה: אנדוקרינולוגיה. תקופת המתנה: 12 חודשים. השתתפות עצמית: ₪409 לכל מרשם (או 50%, הנמוך), עד ₪817 לחודש.

שיא · PROG20 · מכוסה — בהיות מבוטח 'שיא' גם מבוטח 'עדיף', חל כיסוי כמפורט ב-PROG19 (נספח ד'1 פריטים 21–22: Botox ו-Dysport לבית השחי). אנדוקרינולוגיה. השתתפות עצמית: ₪409 לכל מרשם (או 50%, הנמוך), עד ₪817 לחודש.","כסף · PROG24 · אין מידע — מומלץ לבדוק

זהב · PROG25 · פרק כ""ו חלק ב' — לאומית זהב בלבד: Botulinum toxin / Botox / Dysport לטיפול בהזעת יתר חולנית (היפרהידרוזיס) בבית השחי; נדרש מרשם רופא עור או כירורג; אין דרישה למיצוי סל; השתתפות עצמית ₪300 לרשם או עד 50% מהמחיר המרבי (הנמוך מביניהם), תקרה ₪600/חודש לכלל תרופות מורחבות; תקופת אכשרה 6 חודשים.",טעון השוואה פרטנית,
903,תרופות,,טיפול בהפטיטיס B (Vemlidy/Tenofovir Alafenamide) — PROG25 בלבד,"כלל מבוטחי השב""ן בקופות החולים (לפי תוכנית והקופה)","פרק כ""ו חלק ב' — לאומית זהב בלבד: Vemlidy (Tenofovir Alafenamide) לחולי הפטיטיס B מעל גיל 60, לאחר כישלון טיפולי בתרופת Tenofovir; נדרש מרשם גסטרואנטרולוג או מומחה למחלות כבד; דריש","החזר/הטבה לטיפול בהפטיטיס B (Vemlidy/Tenofovir Alafenamide) — PROG25 בלבד בין 300 ל-1,424,933 ₪","זהב · PROG09 · אין מידע — מומלץ לבדוק

פלטינום · PROG10 · אין מידע — מומלץ לבדוק","כסף · PROG14 · אין מידע — מומלץ לבדוק

זהב · PROG15 · לא נמצא Vemlidy (Tenofovir Alafenamide) ברשימת תרופות בהנחה של מכבי זהב (נספח ו'). ייתכן כיסוי כ'תרופה למחלה' (סעיף 18ב) — השתתפות עצמית ₪472.97 למרשם, עד ₪945.94 לחודש, בכפוף לאישור מכבי זהב מראש ורופא מומחה; תקרה כוללת ₪1,424,933 — אין מידע — מומלץ לבדוק.

שלי · PROG16 · אין מידע — מומלץ לבדוק","עדיף · PROG19 · אין מידע — מומלץ לבדוק

שיא · PROG20 · אין מידע — מומלץ לבדוק","כסף · PROG24 · אין מידע — מומלץ לבדוק

זהב · PROG25 · פרק כ""ו חלק ב' — לאומית זהב בלבד: Vemlidy (Tenofovir Alafenamide) לחולי הפטיטיס B מעל גיל 60, לאחר כישלון טיפולי בתרופת Tenofovir; נדרש מרשם גסטרואנטרולוג או מומחה למחלות כבד; דרישה למיצוי סל (כן); השתתפות עצמית ₪300 לרשם או עד 50% מהמחיר המרבי (הנמוך מביניהם), תקרה ₪600/חודש לכלל תרופות מורחבות; תקופת אכשרה 6 חודשים.",לאומית זהב,
904,תרופות,,טיפול בהשמנת יתר גנטית בילדים (Imcivree) — PROG25 בלבד,"כלל מבוטחי השב""ן בקופות החולים (לפי תוכנית והקופה)","פרק כ""ו חלק ב' — לאומית זהב בלבד: Imcivree (Setmelanotide) לילדים בני 6 ומעלה עם השמנת יתר הסובלים מהתקפי רעב בלתי נשלטים הקשורים להפרעה גנטית biallelic POMC/PCSK1 deficiency או bi",החזר/הטבה לטיפול בהשמנת יתר גנטית בילדים (Imcivree) — PROG25 בלבד בין 300 ל-600 ₪,"זהב · PROG09 · אין מידע — מומלץ לבדוק

פלטינום · PROG10 · אין מידע — מומלץ לבדוק","כסף · PROG14 · אין מידע — מומלץ לבדוק

זהב · PROG15 · Imcivree (Setmelanotide) לא נמצא ברשימת תרופות בהנחה של מכבי זהב (נספח ו'). ייתכן כיסוי כ'תרופה יתומה' במסגרת מחלה קשה (סעיף 18ב.1.7 — תרופה יתומה שאושרה FDA/EMEA ורשומה בישראל) — כיסוי ב-0 השתתפות עצמית אם הוגדרה כמחלה קשה; מצריך אישור מכבי זהב מראש — אין מידע — מומלץ לבדוק.

שלי · PROG16 · אין מידע — מומלץ לבדוק","עדיף · PROG19 · אין מידע — מומלץ לבדוק

שיא · PROG20 · אין מידע — מומלץ לבדוק","כסף · PROG24 · אין מידע — מומלץ לבדוק

זהב · PROG25 · פרק כ""ו חלק ב' — לאומית זהב בלבד: Imcivree (Setmelanotide) לילדים בני 6 ומעלה עם השמנת יתר הסובלים מהתקפי רעב בלתי נשלטים הקשורים להפרעה גנטית biallelic POMC/PCSK1 deficiency או biallelic LEPR deficiency; נדרש מרשם אנדוקרינולוג ילדים; דרישה למיצוי סל (כן); השתתפות עצמית ₪300 לרשם או עד 50% מהמחיר המרבי (הנמוך מביניהם), תקרה ₪600/חודש לכלל תרופות מורחבות; תקופת אכשרה 6 חודשים.",לאומית זהב,
905,תרופות,,טיפול במיגרנה בתרופות ביולוגיות (Ajovy/Emgality/Aimovig) — PROG25 בלבד,"כלל מבוטחי השב""ן בקופות החולים (לפי תוכנית והקופה)","פרק כ""ו חלק ב' — לאומית זהב בלבד: Fremanezumab (Ajovy), Galcanezumab (Emgality), Erenumab (Aimovig), Botinum toxin, Atogepant (Qulipta) לטיפול במיגרנה עם לפחות 5 התקפי כאב ראש העונ",החזר/הטבה לטיפול במיגרנה בתרופות ביולוגיות (Ajovy/Emgality/Aimovig) — PROG25 בלבד בין 300 ל-946 ₪,"זהב · PROG09 · אין מידע — מומלץ לבדוק

פלטינום · PROG10 · אין מידע — מומלץ לבדוק","כסף · PROG14 · אין מידע — מומלץ לבדוק

זהב · PROG15 · Ajovy/Emgality/Aimovig (Fremanezumab/Galcanezumab/Erenumab) לא נמצאו ברשימת תרופות בהנחה של מכבי זהב (נספח ו'). ייתכן כיסוי כ'תרופה למחלה' (סעיף 18ב) — השתתפות עצמית ₪472.97 למרשם, עד ₪945.94 לחודש, בכפוף לאישור מכבי זהב מראש ורופא מומחה, ומיצוי טיפולים קיימים בסל — אין מידע — מומלץ לבדוק.

שלי · PROG16 · אין מידע — מומלץ לבדוק","עדיף · PROG19 · אין מידע — מומלץ לבדוק

שיא · PROG20 · אין מידע — מומלץ לבדוק","כסף · PROG24 · אין מידע — מומלץ לבדוק

זהב · PROG25 · פרק כ""ו חלק ב' — לאומית זהב בלבד: Fremanezumab (Ajovy), Galcanezumab (Emgality), Erenumab (Aimovig), Botinum toxin, Atogepant (Qulipta) לטיפול במיגרנה עם לפחות 5 התקפי כאב ראש העונים לקריטריונים הקליניים (כאב התקפי 4-72 שעות, פועם, חד-צדדי, עוצמה בינונית-חזקה, מגביל פעילות יומית); לאחר כישלון בארבעה קווי טיפול למשך שלושה חודשים כל אחד; נדרש מרשם נוירולוג; השתתפות עצמית ₪300 לרשם או עד 50% מהמחיר המרבי (הנמוך מביניהם), תקרה ₪600/חודש לכלל תרופות מורחבות; תקופת אכשרה 6 חודשים.",לאומית זהב,
906,תרופות,,טיפול בעודף ברזל (Deferasirox/Exjade) — PROG25 בלבד,"כלל מבוטחי השב""ן בקופות החולים (לפי תוכנית והקופה)","פרק כ""ו חלק ב' — לאומית זהב בלבד: Exjade / Deferasirox לטיפול בעודף ברזל אצל חולי myelodysplastic syndrome (MDS) עם רמת פריטין מעל 1,000; נדרש מרשם המטולוג; אין דרישה למיצוי סל; הש",החזר/הטבה לטיפול בעודף ברזל (Deferasirox/Exjade) — PROG25 בלבד בין 300 ל-600 ₪,"זהב · PROG09 · אין מידע — מומלץ לבדוק

פלטינום · PROG10 · אין מידע — מומלץ לבדוק","כסף · PROG14 · אין מידע — מומלץ לבדוק

זהב · PROG15 · Deferasirox (Exjade/Jadenu) לא נמצא ברשימת תרופות בהנחה של מכבי זהב (נספח ו'). תלסמיה מייג'ור ואינטרמידיה מוגדרות כ'מחלה קשה' בסעיף 18ב.1.1 — כיסוי ב-0 השתתפות עצמית; MDS — ייתכן כיסוי כ'מחלה קשה' (סרטן/גושה) בכפוף לאישור מכבי זהב מראש — אין מידע — מומלץ לבדוק.

שלי · PROG16 · אין מידע — מומלץ לבדוק","עדיף · PROG19 · אין מידע — מומלץ לבדוק

שיא · PROG20 · אין מידע — מומלץ לבדוק","כסף · PROG24 · אין מידע — מומלץ לבדוק

זהב · PROG25 · פרק כ""ו חלק ב' — לאומית זהב בלבד: Exjade / Deferasirox לטיפול בעודף ברזל אצל חולי myelodysplastic syndrome (MDS) עם רמת פריטין מעל 1,000; נדרש מרשם המטולוג; אין דרישה למיצוי סל; השתתפות עצמית ₪300 לרשם או עד 50% מהמחיר המרבי (הנמוך מביניהם), תקרה ₪600/חודש לכלל תרופות מורחבות; תקופת אכשרה 6 חודשים.",לאומית זהב,
907,תרופות,,מזון רפואי לחולי קרוהן (Modulen) — PROG25 בלבד,"כלל מבוטחי השב""ן בקופות החולים (לפי תוכנית והקופה)","פרק כ""ו חלק ב' — לאומית זהב בלבד: MODULEN IBD (מזון רפואי) לדיאטה בלעדית לחולי קרוהן פעיל מעל גיל 18; נדרש מרשם גסטרואנטרולוג; אין דרישה למיצוי סל; השתתפות עצמית ₪300 לרשם או עד 50",החזר/הטבה למזון רפואי לחולי קרוהן (Modulen) — PROG25 בלבד בין 300 ל-600 ₪,"זהב · PROG09 · אין מידע — מומלץ לבדוק

פלטינום · PROG10 · אין מידע — מומלץ לבדוק","כסף · PROG14 · אין מידע — מומלץ לבדוק

זהב · PROG15 · Modulen IBD לא נמצא ברשימת תרופות בהנחה של מכבי זהב (נספח ו'). מוצרי מזון רפואי אינם בדרך כלל מוגדרים כ'תרופה' לעניין סעיף 18ב; ייתכן כיסוי בנסיבות מיוחדות — אין מידע — מומלץ לבדוק.

שלי · PROG16 · אין מידע — מומלץ לבדוק","עדיף · PROG19 · אין מידע — מומלץ לבדוק

שיא · PROG20 · אין מידע — מומלץ לבדוק","זהב · PROG25 · פרק כ""ו חלק ב' — לאומית זהב בלבד: MODULEN IBD (מזון רפואי) לדיאטה בלעדית לחולי קרוהן פעיל מעל גיל 18; נדרש מרשם גסטרואנטרולוג; אין דרישה למיצוי סל; השתתפות עצמית ₪300 לרשם או עד 50% מהמחיר המרבי (הנמוך מביניהם), תקרה ₪600/חודש לכלל תרופות מורחבות; תקופת אכשרה 6 חודשים.

כסף · PROG24 · אין מידע — מומלץ לבדוק",לאומית זהב,
908,תרופות,,תרופה לבחילות הריון (Bonjesta/Doxylamine) — PROG25 בלבד,"כלל מבוטחי השב""ן בקופות החולים (לפי תוכנית והקופה)","הטבת שב""ן בנושא תרופה לבחילות הריון (Bonjesta/Doxylamine) — PROG25 בלבד",החזר/הטבה לתרופה לבחילות הריון (Bonjesta/Doxylamine) — PROG25 בלבד בין 300 ל-600 ₪,"זהב · PROG09 · אין מידע — מומלץ לבדוק

פלטינום · PROG10 · אין מידע — מומלץ לבדוק","כסף · PROG14 · אין מידע — מומלץ לבדוק

זהב · PROG15 · Bonjesta מצוי ברשימת תרופות בהנחה של מכבי זהב (נספח ו', שורה 2382); השתתפות עצמית לפי רשימה — בדרך כלל 50% (הנחה על מחיר מרבי לצרכן); ניתן לרכוש בבתי מרקחת מרשת מכבי פארם ובבתי מרקחת אחרים בהסכם עם מרשם רופא מכבי; תקופת המתנה 3 חודשים (סעיף 18א).

שלי · PROG16 · אין מידע — מומלץ לבדוק","עדיף · PROG19 · אין מידע — מומלץ לבדוק

שיא · PROG20 · אין מידע — מומלץ לבדוק","כסף · PROG24 · אין מידע — מומלץ לבדוק

זהב · PROG25 · פרק כ""ו חלק ב' — לאומית זהב בלבד: Bonjesta (Doxylamine) לנשים בהריון הסובלות מבחילות חמורות ללא שיפור בעקבות שימוש בפרמין, המצריכות טיפול תרופתי; נדרש מרשם גינקולוג; דרישה למיצוי סל (כן — מיצוי פרמין תחילה); השתתפות עצמית ₪300 לרשם או עד 50% מהמחיר המרבי (הנמוך מביניהם), תקרה ₪600/חודש לכלל תרופות מורחבות; תקופת אכשרה 6 חודשים.",טעון השוואה פרטנית,
909,תרופות,,תרופות להפחתת כולסטרול LDL (PCSK9: Repatha/Praluent/Leqvio) — PROG25 בלבד,"כלל מבוטחי השב""ן בקופות החולים (לפי תוכנית והקופה)","פרק כ""ו חלק ב' — לאומית זהב בלבד: Repatha (Evolocumab), Praluent (Alirocumab), Leqvio (Inclisiran) — מעכבי PCSK9 להפחתת LDL; התוויות: (1) היפרכולסטרולמיה הטרוזיגוטית משפחתית (famil",החזר/הטבה לתרופות להפחתת כולסטרול LDL (PCSK9: Repatha/Praluent/Leqvio) — PROG25 בלבד בין 300 ל-946 ₪,"זהב · PROG09 · אין מידע — מומלץ לבדוק

פלטינום · PROG10 · אין מידע — מומלץ לבדוק","כסף · PROG14 · אין מידע — מומלץ לבדוק

זהב · PROG15 · Repatha (Evolocumab), Praluent (Alirocumab), Leqvio (Inclisiran) לא נמצאו ברשימת תרופות בהנחה של מכבי זהב (נספח ו'). ייתכן כיסוי כ'תרופה למחלה' (סעיף 18ב) — השתתפות עצמית ₪472.97 למרשם, עד ₪945.94 לחודש, בכפוף לאישור מכבי זהב ורופא מומחה, ומיצוי טיפולים בסל; לסרטן — 0 השתתפות עצמית — אין מידע — מומלץ לבדוק.

שלי · PROG16 · אין מידע — מומלץ לבדוק","עדיף · PROG19 · אין מידע — מומלץ לבדוק

שיא · PROG20 · אין מידע — מומלץ לבדוק","כסף · PROG24 · אין מידע — מומלץ לבדוק

זהב · PROG25 · פרק כ""ו חלק ב' — לאומית זהב בלבד: Repatha (Evolocumab), Praluent (Alirocumab), Leqvio (Inclisiran) — מעכבי PCSK9 להפחתת LDL; התוויות: (1) היפרכולסטרולמיה הטרוזיגוטית משפחתית (familial hypercholesterolaemia) עם טיפול מירבי בסטטינים בשילוב איזטרול למשך 6 חודשים מינימום ורמת LDL מעל 140 מ""ג/ד""ל; (2) מחלת שריר ושלד (לפי התוויות נוספות); נדרש מרשם קרדיולוג או מומחה בליפידים; דרישה למיצוי סל (כן); השתתפות עצמית ₪300 לרשם או עד 50% מהמחיר המרבי (הנמוך מביניהם), תקרה ₪600/חודש לכלל תרופות מורחבות; תקופת אכשרה 6 חודשים.",לאומית זהב,
910,תרופות,,מוצרים ותרופות ללא מרשם — הנחה בבתי מרקחת,"כלל מבוטחי השב""ן בקופות החולים (לפי תוכנית והקופה)","הטבת שב""ן בנושא מוצרים ותרופות ללא מרשם — הנחה בבתי מרקחת",,"זהב · PROG09 · רשימת מוצרים בהנחה (תרופות ללא מרשם, אביזרים לבית) בבתי המרקחת של הכללית ובבתי מרקחת בהסדר — נספח ג׳ לתקנון כללית מושלם זהב; שיעורי ההנחה לפי מוצר (נספח ג׳ — תקנון כללית מושלם זהב)

פלטינום · PROG10 · אין מידע — מומלץ לבדוק","כסף · PROG14 · אין מידע — מומלץ לבדוק

זהב · PROG15 · אין מידע — מומלץ לבדוק

שלי · PROG16 · אין מידע — מומלץ לבדוק","עדיף · PROG19 · אין מידע — מומלץ לבדוק

שיא · PROG20 · אין מידע — מומלץ לבדוק","כסף · PROG24 · אין מידע — מומלץ לבדוק

זהב · PROG25 · אין מידע — מומלץ לבדוק",טעון השוואה פרטנית,
911,תרופות,,תרופות שאינן בסל — כיסוי ותקרה,"כלל מבוטחי השב""ן בקופות החולים (לפי תוכנית והקופה)","הטבת שב""ן בנושא תרופות שאינן בסל — כיסוי ותקרה","החזר/הטבה לתרופות שאינן בסל — כיסוי ותקרה בין 300 ל-1,424,933 ₪","זהב · PROG09 · כיסוי תרופות שאינן בסל: השתתפות עצמית ₪300 למרשם או 50% מהמחיר לצרכן (הנמוך); לא יותר מ-₪600 לחודש לכל התרופות; תקרה מצטברת ₪1,000,000 לכל תקופות התכנית; תקופת אכשרה 3 חודשים (פרק ד׳ — תקנון כללית מושלם זהב)

פלטינום · PROG10 · אין מידע — מומלץ לבדוק (אנו אינו מזהים סעיף ספציפי לתרופות בתקנון פלטינום)","שלי · PROG16 · אין מידע — מומלץ לבדוק

כסף · PROG14 · אין מידע — מומלץ לבדוק

זהב · PROG15 · למחלה קשה (סרטן, איידס, תלסמיה, המופיליה, דיאליזה, גושה, תרופה יתומה): ₪0 השתתפות עצמית. תקרה ₪1,424,933.38; רצף טיפולי — ממשיכים מעבר לתקרה. למחלה רגילה: ₪472.97/מרשם, עד ₪945.94/חודש. תקופת המתנה 24 חודשים (מכבי זהב סעיף 18.3).","עדיף · PROG19 · אין מידע — מומלץ לבדוק

שיא · PROG20 · אין מידע — מומלץ לבדוק","כסף · PROG24 · אין מידע — מומלץ לבדוק

זהב · PROG25 · הקופה מממנת תרופות מרשימת התרופות המורחבת (אישור מוקדם נדרש); עד ₪1,000,000 לכל תקופת ההסכם; השתתפות עצמית ₪300 למרשם או 50% ממחיר מרבי לצרכן (הנמוך מביניהם), עד ₪600 לחודש; רצף טיפולי: מימון נמשך גם מעבר לתקרה כל עוד הטיפול נדרש; תקופת אכשרה 6 חודשים (לאומית זהב, פרק כ""ו חלק ב' סעיף 3.1)",טעון השוואה פרטנית,
912,תרופות,,משלוח תרופות עד הבית,"כלל מבוטחי השב""ן בקופות החולים (לפי תוכנית והקופה)","50% מגובה ההשתתפות העצמית של חבר מכבי רגיל. ע""י מכבי פארם או ספק בהסכם (מכבי זהב סעיף 18ג). ללא תקופת המתנה.",,"זהב · PROG09 · אין מידע — מומלץ לבדוק

פלטינום · PROG10 · אין מידע — מומלץ לבדוק","כסף · PROG14 · אין מידע — מומלץ לבדוק

זהב · PROG15 · 50% מגובה ההשתתפות העצמית של חבר מכבי רגיל. ע""י מכבי פארם או ספק בהסכם (מכבי זהב סעיף 18ג). ללא תקופת המתנה.

שלי · PROG16 · אין מידע — מומלץ לבדוק","עדיף · PROG19 · אין מידע — מומלץ לבדוק

שיא · PROG20 · אין מידע — מומלץ לבדוק","כסף · PROG24 · אין מידע — מומלץ לבדוק

זהב · PROG25 · אין מידע — מומלץ לבדוק",מכבי זהב,
913,תרופות,,תחליפי מזון לתינוקות — הנחה,"כלל מבוטחי השב""ן בקופות החולים (לפי תוכנית והקופה)","תחליפי מזון לתינוקות שאינם בסל (פורמולות מיוחדות לגיל עד שנתיים) — הנחה 25%–40% ממחיר המוצר, לתקופה של 6 חודשים. (מאוחדת שיא, סעיף 24)",,"זהב · PROG09 · אין מידע — מומלץ לבדוק

פלטינום · PROG10 · אין מידע — מומלץ לבדוק","כסף · PROG14 · אין מידע — מומלץ לבדוק

זהב · PROG15 · אין מידע — מומלץ לבדוק

שלי · PROG16 · אין מידע — מומלץ לבדוק","עדיף · PROG19 · אין מידע — מומלץ לבדוק

שיא · PROG20 · תחליפי מזון לתינוקות שאינם בסל (פורמולות מיוחדות לגיל עד שנתיים) — הנחה 25%–40% ממחיר המוצר, לתקופה של 6 חודשים. (מאוחדת שיא, סעיף 24)","כסף · PROG24 · אין מידע — מומלץ לבדוק

זהב · PROG25 · אין מידע — מומלץ לבדוק",מאוחדת שיא,
914,שירותים נלווים והסעות,,טיפול בטחורים ובפיסורה,"כלל מבוטחי השב""ן בקופות החולים (לפי תוכנית והקופה)",סעיף 20 — טיפולים בטחורים ובפיסורה. תקופת אכשרה: 12 חודשים מיום ההצטרפות. נדרשת קביעת רופא מטפל מטעם הקופה. הטיפול מבוצע במכון פרטי בהסכם עם הקופה. הזכאות: הנחה של 35% מהתעריף הרגי,"החזר/הטבה לטיפול בטחורים ובפיסורה עד 4,626 ₪","זהב · PROG09 · אין מידע — מומלץ לבדוק. לא מופיע כנושא טיפולי עצמאי. מקור: תקנון מושלם זהב.

פלטינום · PROG10 · לא מופיע בפלטינום — חל הכיסוי של מושלם זהב. אין מידע — מומלץ לבדוק. מקור: תקנון מושלם פלטינום.","כסף · PROG14 · אין מידע — מומלץ לבדוק. מקור: תקנון מכבי כסף.

זהב · PROG15 · אין מידע — מומלץ לבדוק. מקור: תקנון מכבי זהב.

שלי · PROG16 · אין מידע — מומלץ לבדוק. מקור: תקנון מכבי שלי.","עדיף · PROG19 · אין מידע — מומלץ לבדוק. מסלול עדיף אינו כולל סעיף ייעודי לטיפול בטחורים ובפיסורה. מקור: תקנון מאוחדת עדיף.

שיא · PROG20 · סעיף 20 — טיפולים בטחורים ובפיסורה. תקופת אכשרה: 12 חודשים מיום ההצטרפות. נדרשת קביעת רופא מטפל מטעם הקופה. הטיפול מבוצע במכון פרטי בהסכם עם הקופה. הזכאות: הנחה של 35% מהתעריף הרגיל של הספק, או שיפוי בגובה 70% ולא יותר מ-4,626 ש""ח — הכל בהתאם להסכם שבין הקופה לספק. מקור: תקנון מאוחדת שיא.","כסף · PROG24 · אין מידע — מומלץ לבדוק. מקור: תקנון לאומית כסף.

זהב · PROG25 · אין מידע — מומלץ לבדוק. מקור: תקנון לאומית זהב.",מאוחדת שיא,
915,שירותים נלווים והסעות,,טיפול בנחירות ואף סתום,"כלל מבוטחי השב""ן בקופות החולים (לפי תוכנית והקופה)","סעיף 25 — טיפול בבעיות נחירה ואף סתום. תקופת אכשרה: 12 חודשים מיום ההצטרפות. הטיפול מבוצע אצל ספק פרטי בהסכם עם הקופה. הזכאות: הנחה של 35% מהתעריף הרגיל של הספק או 428 ש""ח (הנמוך מ",החזר/הטבה לטיפול בנחירות ואף סתום עד 428 ₪,"זהב · PROG09 · אין מידע — מומלץ לבדוק. לא מופיע כטיפול זכאי מפורש. מקור: תקנון מושלם זהב.

פלטינום · PROG10 · לא מופיע בפלטינום — חל הכיסוי של מושלם זהב. אין מידע — מומלץ לבדוק. מקור: תקנון מושלם פלטינום.","כסף · PROG14 · אין מידע — מומלץ לבדוק. מקור: תקנון מכבי כסף.

זהב · PROG15 · אין כיסוי לטיפול בנחירה — תקנון מכבי זהב מציין במפורש כי C-PAP אינו ניתן לטיפול בנחירה (סעיף אביזרים). אין מידע על כיסוי ניתוחי נחירות. מקור: תקנון מכבי זהב.

שלי · PROG16 · אין מידע — מומלץ לבדוק. מקור: תקנון מכבי שלי.","עדיף · PROG19 · אין מידע — מומלץ לבדוק. מסלול עדיף אינו כולל סעיף ייעודי לטיפול בבעיות נחירה ואף סתום (מכשיר CPAP בנספח אביזרים מוחרג מנחירות). מקור: תקנון מאוחדת עדיף.

שיא · PROG20 · סעיף 25 — טיפול בבעיות נחירה ואף סתום. תקופת אכשרה: 12 חודשים מיום ההצטרפות. הטיפול מבוצע אצל ספק פרטי בהסכם עם הקופה. הזכאות: הנחה של 35% מהתעריף הרגיל של הספק או 428 ש""ח (הנמוך מבין השניים). מקור: תקנון מאוחדת שיא.","כסף · PROG24 · אין מידע — מומלץ לבדוק. מקור: תקנון לאומית כסף.

זהב · PROG25 · אין מידע — מומלץ לבדוק. מקור: תקנון לאומית זהב.",מאוחדת שיא,
916,שירותים נלווים והסעות,,רכיבה טיפולית / הידרותרפיה / אמנות,"כלל מבוטחי השב""ן בקופות החולים (לפי תוכנית והקופה)","סעיף 22: בעיות התפתחות — טיפול ברכיבה, שחייה וספורט טיפולי, וכן טיפולים באומנות/מוזיקה/תנועה/דרמה/ביבליותרפיה במכוני הסדר. השת""ע ₪45 לטיפול, עד 30 טיפולים בשנה קלנדרית לגילאי 3-18;",החזר/הטבה לרכיבה טיפולית / הידרותרפיה / אמנות בין 54 ל-152 ₪,"זהב · PROG09 · סעיף 22: בעיות התפתחות — טיפול ברכיבה, שחייה וספורט טיפולי, וכן טיפולים באומנות/מוזיקה/תנועה/דרמה/ביבליותרפיה במכוני הסדר. השת""ע ₪45 לטיפול, עד 30 טיפולים בשנה קלנדרית לגילאי 3-18; סך הכל עד 100 טיפולים בכל תקופות החברות. שיפוי 75% מההוצאה בפועל ברכיבה/שחייה/ספורט טיפולי. אכשרה 6 חודשים. במכוני הסדר על פי אישורים רפואיים. מקור: תקנון מושלם זהב סעיף 22.

פלטינום · PROG10 · פרק ח': בעיות התפתחות — טיפול ברכיבה/שחייה/ספורט טיפולי וטיפולים באומנות/מוזיקה/תנועה/דרמה/ביבליותרפיה במכוני הסדר. השת""ע ₪45 לטיפול, עד 25 טיפולים בשנה קלנדרית לגילאי 3-18; מגבלות כוללות עד 70 טיפולים בשנה / עד 55 טיפולים לילדים גילאי 10-18. אכשרה 6 חודשים. במכוני הסדר בלבד, לאחר מיצוי הזכאות במושלם זהב. מקור: תקנון מושלם פלטינום פרק ח'.","כסף · PROG14 · אין מידע — מומלץ לבדוק. תקנון מכבי כסף אינו כולל סעיף ייעודי לרכיבה טיפולית, הידרותרפיה, טיפולים באמצעות בעלי חיים, מוזיקה או אמנות. מקור: תקנון מכבי כסף.

זהב · PROG15 · סעיף 13.2: חבר בגיל 3–10 שנים, וכן חבר בגילאים 10–12 המאובחן כבעל הפרעת קשב וריכוז (ADHD ו-ADD), וכן חבר בגילאים 10–18 המאובחן כסומאטי או אוטיסט, זכאי לטיפולים בתחומים: רכיבה טיפולית, טיפולים ביצירה והבעה, טיפולים באמצעות בעלי חיים, ספורט טיפולי ופעילות טיפולית במים (להוציא טיפולים הניתנים ע""י פיזיותרפיסט). תקרת מספר טיפולים: עד 30 טיפולים בשנה קלנדרית (מניין כולל של כל המקצועות על פי סעיפים 13.1 ו-13.2), ולא יותר מ-100 טיפולים בתקופת חברות. השתתפות עצמית: ₪45 לטיפול. תקרת החזר בש""ח: לא צוינה (ספקים בהסכם בלבד; אין החזר עבור מטפל שאינו בהסכם). אכשרה: 6 חודשים. אישור מראש נדרש: כן — על פי הפניה מרופא משפחה, רופא ילדים, או מכון מכבי להתפתחות הילד, אצל מטפלים בהסכם בלבד. מקור: תקנון מכבי זהב.

שלי · PROG16 · סעיף 28: מבוטח 'מכבי שלי' הזכאי לטיפולים בהתפתחות הילד ממכבי או המאובחן כבעל הפרעת קשב וריכוז (ADHD ו-ADD), זכאי לטיפולים בתחומים: רכיבה טיפולית, טיפולים ביצירה והבעה, טיפולים באמצעות בעלי חיים, ספורט טיפולי ופעילות טיפולית במים (להוציא טיפולים הניתנים על ידי פיזיותרפיסט). תקרת מספר טיפולים: ילד בגיל 3–10 ו/או ילד 6–12 מאובחן ADHD/ADD וילד 3–18 סומאטי/אוטיסט — 20 טיפולים לשנה במסגרת 'מכבי שלי' (50 טיפולים לשנה כולל טיפולי 'מכבי זהב'); ילד 10–18 שהיה זכאי לטיפולים על פי החוק וילד 12–18 מאובחן ADHD/ADD — 50 טיפולים לשנה במסגרת 'מכבי שלי' בלבד. השתתפות עצמית: ₪45 לטיפול. תקרת החזר בש""ח: לא צוינה (ספקים בהסכם בלבד). אכשרה: 6 חודשים. אישור מראש נדרש: כן — הפניה מרופא משפחה, רופא ילדים, או מכון מכבי להתפתחות הילד. מקור: תקנון מכבי שלי.","עדיף · PROG19 · סעיף 36 — רכיבה טיפולית, טיפול במים, במוסיקה, באמנות, ספורט טיפולי וטיפול באמצעות בעלי חיים. זכאים: ילד שטרם מלאו לו 18 שנים, על פי קביעת רופא התפתחות הילד / רופא נוירולוג. עד 30 טיפולים בשנה, בהשתתפות עצמית של 45 ₪ לטיפול, אצל ספק בהסדר. סך כל הטיפולים מסעיף זה ומסעיף 18 (התפתחות הילד) לא יעלה על 100 טיפולים בכל תקופות הביטוח, ולא יעלה על 40 טיפולים בשנה קלנדרית אחת. תקרת החזר: לא צוינה (ספק בהסדר). תקופת אכשרה: 6 חודשים מיום ההצטרפות. אישור מראש: נדרש אישור רופא התפתחות הילד / נוירולוג. מקור: תקנון מאוחדת עדיף.

שיא · PROG20 · סעיף 22 — רכיבה טיפולית, טיפול במים, במוסיקה, באמנות, ספורט טיפולי וטיפול באמצעות בעלי חיים. הזכאות מתווספת לזכאות מכוח מאוחדת עדיף. זכאים: ילד שטרם מלאו לו 18 שנים, על פי קביעת רופא התפתחות הילד / רופא נוירולוג. עד 25 טיפולים נוספים בשנה מעבר לזכאות מ'מאוחדת עדיף', בהשתתפות עצמית של 45 ₪ לטיפול, אצל ספק בהסדר. סך כל הטיפולים מסעיף זה ומסעיף 27 (התפתחות הילד) לא יעלה על 100 טיפולים בכל תקופות הביטוח, ולא יעלה על 55 טיפולים בשנה קלנדרית אחת. תקרת החזר: לא צוינה (ספק בהסדר). תקופת אכשרה: 6 חודשים מיום ההצטרפות. אישור מראש: נדרש אישור רופא התפתחות הילד / נוירולוג. מקור: תקנון מאוחדת שיא.","כסף · PROG24 · הידרותרפיה (פרק ז'): 12 טיפולים בשנה (נכלל יחד עם פיזיותרפיה שאינה כרונית), במכון שבהסדר; השתתפות עצמית 36 ₪ לטיפול קבוצתי ו-54 ₪ לטיפול פרטני; תקופת אכשרה 3 חודשים. תראפיה בהבעה ויצירה — מוזיקה/אמנות/דרמה/תנועה/ביבליותרפיה (פרק י""ז, סעיף 3.3): נכלל במכסת 30 טיפולים בשנה הכוללת גם פיזיותרפיה/ריפוי בעיסוק/קלינאי תקשורת; במכון שבהסדר — השתתפות עצמית 90 ₪ לטיפול; שלא בהסדר — החזר 80% עד 114 ₪ לטיפול; מכסת עתק של עד 100 טיפולים לכל תקופת הסכם (סעיפים 2.2, 2.3, 2.4 יחד); תקופת אכשרה 6 חודשים. רכיבה טיפולית (סוסים) — אין כיסוי לעמיתי ""לאומית כסף"" (הזכאות ברכיבה טיפולית מפורטת בסעיף 3.2 לפרק י""ז ומיועדת לעמיתי ""לאומית זהב"" בלבד). אין מידע על טיפול בבעלי-חיים מסוג אחר — מומלץ לבדוק. אישור מראש: אין דרישה מפורשת לאישור מראש לטיפולי מכון שבהסדר. מקור: תקנון לאומית כסף.

זהב · PROG25 · הידרותרפיה (פרק ז'): 12 טיפולים בשנה (נכלל יחד עם פיזיותרפיה שאינה כרונית), במכון שבהסדר; השתתפות עצמית 36 ₪ לטיפול קבוצתי ו-54 ₪ לטיפול פרטני; תקופת אכשרה 3 חודשים. תראפיה בהבעה ויצירה — מוזיקה/אמנות/דרמה/תנועה/ביבליותרפיה (פרק י""ז, סעיף 3.3): נכלל במכסת 55 טיפולים בשנה הכוללת גם פיזיותרפיה/ריפוי בעיסוק/קלינאי תקשורת; במכון שבהסדר — השתתפות עצמית 55 ₪ לטיפול; שלא בהסדר — החזר 80% עד 152 ₪ לטיפול; מכסת עתק של עד 100 טיפולים לכל תקופת הסכם (סעיפים 2.2, 2.3, 2.4 יחד); תקופת אכשרה 6 חודשים. רכיבה טיפולית בסוסים (פרק י""ז, סעיף 3.2): 20 טיפולים בשנה הנכללים במכסת הטיפולים הכוללת + 10 טיפולים נוספים מעבר למכסה = עד 30 טיפולי רכיבה בשנה; שיפוי 80% מההוצאה הממשית, עד תקרה 71 ₪ לטיפול; מכסה מצטברת עד 100 טיפולים בסעיפים 2.2, 2.3, 2.4 לכל תקופת ההסכם; תקופת אכשרה 6 חודשים. אין מידע על טיפול בבעלי-חיים מסוג אחר — מומלץ לבדוק. אישור מראש: אין דרישה מפורשת לאישור מראש לטיפולי מכון שבהסדר. מקור: תקנון לאומית זהב.",כללית זהב,
917,שירותים נלווים והסעות,,כיסוי הוצאות טיסה/נסיעה לתושבי אילת,"כלל מבוטחי השב""ן בקופות החולים (לפי תוכנית והקופה)","הטבת שב""ן בנושא כיסוי הוצאות טיסה/נסיעה לתושבי אילת",החזר/הטבה לכיסוי הוצאות טיסה/נסיעה לתושבי אילת עד 145 ₪,"זהב · PROG09 · תושב אילת הזקוק לטיפול רפואי בסל שאינו ניתן באילת: מקרים 1–2 — כרטיס טיסה מלא שיינתן ע""י מרפאת האם. מקרים 3–4 (כגון ניתוח פרטי): השתתפות עצמית 50% מעלות כרטיס הטיסה. מלווה לעמית עד גיל 18: השתתפות עצמית 50% בכל מקרה. דורש אישור מראש על פי קביעת רופא הכללית. מקור: תקנון כללית מושלם זהב, פרק ה' סעיף 39.

פלטינום · PROG10 · אין מידע — מומלץ לבדוק. תקנון מושלם פלטינום אינו מזכיר כרטיסי טיסה לתושבי אילת. מקור: תקנון כללית מושלם פלטינום.","כסף · PROG14 · סעיף 21.1 — תושב אילת הזקוק לטיפול שלא ניתן לקבלו באילת זכאי לכרטיס טיסה לכיוון הארץ וחזרה. אם לא ניתן לספק טיסה — החזר ההפרש בין עלות אוטובוס לטיסה. ללא תקופת המתנה. מקור: תקנון מכבי כסף סעיף 21.1

זהב · PROG15 · סעיף 23 — תושב אילת הזקוק לטיפול שלא ניתן לקבלו באילת זכאי לכרטיס טיסה מאילת למרכז הארץ וחזרה. אם לא ניתן לספק טיסה — החזר ההפרש בין עלות אוטובוס לטיסה. ללא תקופת המתנה. מקור: תקנון מכבי זהב סעיף 23

שלי · PROG16 · אין מידע — מומלץ לבדוק. מקור: תקנון מכבי שלי","עדיף · PROG19 · אין מידע — מומלץ לבדוק. תקנון מאוחדת עדיף אינו כולל סעיף לכיסוי עלות טיסה לתושבי אילת. מקור: תקנון מאוחדת עדיף.

שיא · PROG20 · אין מידע — מומלץ לבדוק. תקנון מאוחדת שיא אינו כולל סעיף לכיסוי עלות טיסה לתושבי אילת. מקור: תקנון מאוחדת שיא.","כסף · PROG24 · כיסוי: תושב אילת הנדרש לטיפולים רפואיים שאינם ניתנים לביצוע באילת מקבל שובר טיסה לכרטיס טיסה למרכז הארץ וחזרה, דרך חברת תעופה שתקבע על ידי הקופה. השת""ע: ₪145 לכרטיס טיסה. הערה: עמית מתחת לגיל 18 זכאי לכרטיס נוסף עבור מלווה בן משפחה מקרבה ראשונה. לא ניתן החזר על כרטיסים שנרכשו שלא דרך הקופה. אכשרה: 3 חודשים. אישור מראש: לא מפורש, אך הטיסה תקבע על ידי הקופה. מקור: תקנון לאומית כסף, פרק כ""ג.

זהב · PROG25 · כיסוי: תושב אילת הנדרש לטיפולים רפואיים שאינם ניתנים לביצוע באילת מקבל שובר טיסה לכרטיס טיסה למרכז הארץ וחזרה, דרך חברת תעופה שתקבע על ידי הקופה. השת""ע: ₪0 — עמית זהב פטור מהשתתפות עצמית לחלוטין. הערה: עמית מתחת לגיל 18 זכאי לכרטיס נוסף עבור מלווה בן משפחה מקרבה ראשונה. אכשרה: 3 חודשים. אישור מראש: לא מפורש, הטיסה תקבע על ידי הקופה. מקור: תקנון לאומית זהב, פרק כ""ג.",כללית מושלם זהב,
918,שירותים נלווים והסעות,,אישורים רפואיים בהנחה (רישיון נהיגה ועוד),"כלל מבוטחי השב""ן בקופות החולים (לפי תוכנית והקופה)","הטבת שב""ן בנושא אישורים רפואיים בהנחה (רישיון נהיגה ועוד)",החזר/הטבה לאישורים רפואיים בהנחה (רישיון נהיגה ועוד) בין 63 ל-629 ₪,"זהב · PROG09 · שני אישורים רפואיים לקבלת/חידוש רישיון נהיגה לעמיתים שטרם מלאו להם 70 שנה — ללא השתתפות עצמית (החזר מלא עד עלות הבדיקה לפי תעריפון הכללית). האישור ניתן על ידי רופא הכללית בלבד. הזכאות: שני אישורים לכל תקופות החברות בתכנית. מקור: תקנון כללית מושלם זהב, פרק ה' סעיף 50.

פלטינום · PROG10 · אין מידע — מומלץ לבדוק. תקנון מושלם פלטינום אינו מזכיר אישורים רפואיים לרישיון נהיגה. מקור: תקנון כללית מושלם פלטינום.","כסף · PROG14 · אין מידע — מומלץ לבדוק. מקור: תקנון מכבי כסף

זהב · PROG15 · אין מידע — מומלץ לבדוק (לא נמצא בתקנון). מקור: תקנון מכבי זהב

שלי · PROG16 · אין מידע — מומלץ לבדוק. מקור: תקנון מכבי שלי","עדיף · PROG19 · אין מידע — מומלץ לבדוק. תקנון מאוחדת עדיף אינו כולל סעיף ייחודי להנחה על הנפקת אישורים רפואיים (רישיון נהיגה, ביטוח, נשק וכד'). מקור: תקנון מאוחדת עדיף.

שיא · PROG20 · אין מידע — מומלץ לבדוק. תקנון מאוחדת שיא אינו כולל סעיף ייחודי להנחה על אישורים רפואיים. מקור: תקנון מאוחדת שיא.","כסף · PROG24 · כיסוי: הנחה על אישורים רפואיים שאינם לצורך רפואי, הניתנים על ידי רופא קופה. עלות לעמיתי כסף: ₪77 לאישור (כולל: תעודה למשטרה, לחברת ביטוח, לרישיון נהיגה, לרישיון נשק, לחו""ל, אחיות, ביטוח לאומי, בית עסק, פיצויים, ועוד). אישור לרישיון נהיגה: ₪77. בדיקת עיניים לרישיון נהיגה: ₪77. חוות דעת רפואית דיאגנוסטית: ₪629. אכשרה: ללא תקופת אכשרה. אישור מראש: לא נדרש. מקור: תקנון לאומית כסף, פרק כ""ח.

זהב · PROG25 · כיסוי: הנחה מופחתת יותר על אישורים רפואיים שאינם לצורך רפואי, הניתנים על ידי רופא קופה. עלות לעמיתי זהב: ₪63 לאישור (חיסכון של ₪14 לעומת כסף). אישור לרישיון נהיגה: ₪63. בדיקת עיניים לרישיון נהיגה: ₪63. חוות דעת רפואית דיאגנוסטית: ₪350 (חיסכון של ₪279 לעומת כסף). אכשרה: ללא תקופת אכשרה. אישור מראש: לא נדרש. מקור: תקנון לאומית זהב, פרק כ""ח.",טעון השוואה פרטנית,
919,שירותים נלווים והסעות,,אמבולנס ללא אשפוז / הסעה לבית,"כלל מבוטחי השב""ן בקופות החולים (לפי תוכנית והקופה)","סעיף 26 לתקנון מאוחדת עדיף — הסעה דחופה באמבולנס: (א) אמבולנס רגיל שלא הסתיים באשפוז — השתתפות הקופה 50% מעלות ההסעה, מוגבלת עד 50% מתעריף מד""א; (ב) נט""ן (ניידת טיפול נמרץ) שלא הסת","החזר/הטבה לאמבולנס ללא אשפוז / הסעה לבית בין 244 ל-11,199 ₪","זהב · PROG09 · אין מידע — מומלץ לבדוק. כיסוי מפורש לאמבולנס שלא הסתיים באשפוז לא מופיע בתקנון זהב. מקור: תקנון כללית מושלם זהב.

פלטינום · PROG10 · כיסוי חלקי במסגרת חבילה תומכת לחולי סרטן בלבד (פרק ט', סעיף 3ג): החזר על הוצאות נסיעה במונית, אמבולנס, תחבורה ציבורית או רכב פרטי (בתעריפי תחבורה ציבורית) לטיפולים בגינם קיימת זכאות, במסגרת תקרת ₪11,199 לכיסוי הוצאות שונות בחבילת הסרטן. אין כיסוי כללי לאמבולנס ללא אשפוז מחוץ להקשר הסרטן — מומלץ לבדוק. מקור: תקנון כללית מושלם פלטינום (פרק ט', סעיף 3ג).","כסף · PROG14 · אין כיסוי לנסיעת אמבולנס בארץ שלא הסתיימה באשפוז. בסעיף §8 (ניתוחים בחו""ל) קיים כיסוי להוצאות הסעה באמבולנס מקומי בארץ הטיפול בלבד (מחו""ל). מקור: תקנון מכבי כסף, §8.

זהב · PROG15 · §31 — השתתפות בעלויות הסעה באמבולנס (כולל נט""ן/אט""ן) לבית חולים ציבורי כשלא הסתיימה באשפוז: 50% מהעלות בפועל עד תקרה של ₪385.83 לאירוע, עד 2 פעמים בשנה. תקופת המתנה 6 חודשים. מקור: תקנון מכבי זהב, §31.

שלי · PROG16 · §36 — הסעה באמבולנס מבית החולים לבית לאחר שחרור: גיל 65+, לאחר אשפוז של 2 לילות לפחות, שאינו זכאי להסעה בסל הבסיסי: 50% מהעלות עד ₪243.61 לנסיעה, עד 2 הסעות לשנה. תקופת המתנה 6 חודשים. מקור: תקנון מכבי שלי, §36.","עדיף · PROG19 · סעיף 26 לתקנון מאוחדת עדיף — הסעה דחופה באמבולנס: (א) אמבולנס רגיל שלא הסתיים באשפוז — השתתפות הקופה 50% מעלות ההסעה, מוגבלת עד 50% מתעריף מד""א; (ב) נט""ן (ניידת טיפול נמרץ) שלא הסתיימה באשפוז — השתתפות הקופה (כולל מכוח החוק) 75% מעלות ההסעה, עד 75% מתעריף מד""א. אין הגבלת מספר פעמים בשנה מצוינת בתקנון. אכשרה: לא נדרשת. השת""ע: הנתח שלא מכוסה על ידי הקופה. אישור מראש: לא נדרש. מקור: תקנון מאוחדת עדיף, סעיף 26.

שיא · PROG20 · מאוחדת שיא אינה כוללת סעיף ספציפי לאמבולנס ללא אשפוז בתקנון השיא העצמאי — הזכאות הינה מכוח תקנון מאוחדת עדיף (שיא מוסיף על עדיף): אמבולנס שלא הסתיים באשפוז — 50% מעלות ההסעה עד 50% מתעריף מד""א; נט""ן — 75% עד 75% מתעריף מד""א. אין מידע על שיפור בשיא לעומת עדיף לנושא זה — מומלץ לבדוק. אכשרה: לא נדרשת. אישור מראש: לא נדרש. מקור: תקנון מאוחדת עדיף, סעיף 26 (חל גם על מאוחדת שיא).","כסף · PROG24 · אין מידע — מומלץ לבדוק. תקנון לאומית כסף אינו מזכיר כיסוי לנסיעת אמבולנס שלא הסתיימה באשפוז.

זהב · PROG25 · אין מידע — מומלץ לבדוק. תקנון לאומית זהב אינו מזכיר כיסוי לנסיעת אמבולנס שלא הסתיימה באשפוז.",מאוחדת עדיף,
920,שירותים נלווים והסעות,,אמבולנס מבית חולים לבית לגיל 65+,"כלל מבוטחי השב""ן בקופות החולים (לפי תוכנית והקופה)","סעיף 36: מבוטח גיל 65+ שהיה מאושפז 2 לילות מעלה זכאי להחזר 50% עד ₪243.61 לנסיעה, עד 2 נסיעות בשנה. תקופת המתנה: 6 חודשים",החזר/הטבה לאמבולנס מבית חולים לבית לגיל 65+ עד 244 ₪,"זהב · PROG09 · אין מידע — מומלץ לבדוק

פלטינום · PROG10 · אין מידע — מומלץ לבדוק","כסף · PROG14 · אין מידע — מומלץ לבדוק

זהב · PROG15 · אין מידע — מומלץ לבדוק

שלי · PROG16 · סעיף 36: מבוטח גיל 65+ שהיה מאושפז 2 לילות מעלה זכאי להחזר 50% עד ₪243.61 לנסיעה, עד 2 נסיעות בשנה. תקופת המתנה: 6 חודשים","עדיף · PROG19 · אין מידע — מומלץ לבדוק

שיא · PROG20 · אין מידע — מומלץ לבדוק","כסף · PROG24 · אין מידע — מומלץ לבדוק

זהב · PROG25 · אין מידע — מומלץ לבדוק",מכבי שלי,
921,שירותים נלווים והסעות,,"נסיעת אמבולנס נמרץ (נט""ן) שלא הסתיימה באשפוז","כלל מבוטחי השב""ן בקופות החולים (לפי תוכנית והקופה)",סעיף 26 — הסעה דחופה באמבולנס: מבוטח זכאי להשתתפות הקופה (75% כולל זכאות מכח החוק) מעלות הסעה בנט׳ן שלא הסתיימה באשפוז; מוגבל עד 75% מתעריף מד׳א. אין תקופת המתנה.,"החזר/הטבה לנסיעת אמבולנס נמרץ (נט""ן) שלא הסתיימה באשפוז עד 386 ₪","זהב · PROG09 · אין מידע — מומלץ לבדוק

פלטינום · PROG10 · אין מידע — מומלץ לבדוק","כסף · PROG14 · אין מידע — מומלץ לבדוק

זהב · PROG15 · סעיף 31: חבר שפונה באמבולנס (כולל נטרן/אטרן) ולא אושפז – השתתפות 50% עד ₪385.83, עד פעמיים בשנה. תקופת המתנה: 6 חודשים

שלי · PROG16 · אין מידע — מומלץ לבדוק","עדיף · PROG19 · סעיף 26 — הסעה דחופה באמבולנס: מבוטח זכאי להשתתפות הקופה (75% כולל זכאות מכח החוק) מעלות הסעה בנט׳ן שלא הסתיימה באשפוז; מוגבל עד 75% מתעריף מד׳א. אין תקופת המתנה.

שיא · PROG20 · אין מידע — מומלץ לבדוק (נט׳ן אינו מוזכר עלפי תקנון שיא)","כסף · PROG24 · אין מידע — מומלץ לבדוק

זהב · PROG25 · אין מידע — מומלץ לבדוק",מאוחדת עדיף,
922,שירותים נלווים והסעות,,ביקור יועצת הנקה בבית,"כלל מבוטחי השב""ן בקופות החולים (לפי תוכנית והקופה)","לא מכוסה כביקור בית — סעיף 32 (ייעוץ הנקה): שיפוי 75% עד ₪123 לפגישה ראשונה ו-₪74 לפגישה שנייה, עד 2 פגישות בתקופת החברות; ייעוץ מוסמך בלבד (לא מדריכת הנקה); אין ציון ביקור בית ספצ",החזר/הטבה לביקור יועצת הנקה בבית בין 72 ל-254 ₪,"זהב · PROG09 · אין מידע — מומלץ לבדוק

פלטינום · PROG10 · אין מידע — מומלץ לבדוק","כסף · PROG14 · אין מידע — מומלץ לבדוק

זהב · PROG15 · אין מידע — מומלץ לבדוק

שלי · PROG16 · סעיף 16 — ביקור יועצת הנקה בבית היולדת: עד 2 ביקורים ללידה. ביקור ראשון: השתתפות עצמית ₪175.74 (במקומות ללא שירות: החזר 70% עד ₪253.86). ביקור המשך: השתתפות עצמית ₪94.22 (במקומות ללא שירות: החזר 70% עד ₪71.73). תקופת המתנה 6 חודשים.","עדיף · PROG19 · לא מכוסה כביקור בית — סעיף 32 (ייעוץ הנקה): שיפוי 75% עד ₪123 לפגישה ראשונה ו-₪74 לפגישה שנייה, עד 2 פגישות בתקופת החברות; ייעוץ מוסמך בלבד (לא מדריכת הנקה); אין ציון ביקור בית ספציפי.

שיא · PROG20 · לא מכוסה כביקור בית ספציפי — סעיף 39 (ייעוץ הנקה מאוחדת שיא): עד 2 פגישות לתקופת היריון ולידה; השתתפות עצמית ₪187 לפגישה ראשונה ו-₪87 לשנייה; בישוב ללא הסכם — שיפוי 75% עד ₪245/₪98; מוסמכת בלבד. ביקור בית ספציפי — אין מידע — מומלץ לבדוק.","כסף · PROG24 · אין מידע — מומלץ לבדוק

זהב · PROG25 · אין מידע — מומלץ לבדוק",מאוחדת עדיף,
923,שירותים נלווים והסעות,,"ייעוץ שינה לתינוק, אחות פרטית בבית היולדת, ייעוץ פעילות גופנית ותזונה ליולדת","כלל מבוטחי השב""ן בקופות החולים (לפי תוכנית והקופה)","הטבת שב""ן בנושא ייעוץ שינה לתינוק, אחות פרטית בבית היולדת, ייעוץ פעילות גופנית ותזונה ליולדת","החזר/הטבה לייעוץ שינה לתינוק, אחות פרטית בבית היולדת, ייעוץ פעילות גופנית ותזונה ליולדת בין 471 ל-2,359 ₪","פלטינום · PROG10 · אין מידע — מומלץ לבדוק

זהב · PROG09 · אין מידע — מומלץ לבדוק","כסף · PROG14 · אין מידע — מומלץ לבדוק

זהב · PROG15 · אין מידע — מומלץ לבדוק

שלי · PROG16 · סעיף 11.5.2 — שירותים לאחר לידה בחבילת מכבי שלי: ייעוץ שינה לתינוק, אחות פרטית בבית היולדת, ייעוץ פעילות גופנית ותזונה ליולדת — עד ₪471.32 לכל ייעוץ. נכלל במסגרת תקרת החבילה (₪2,358.97 להריון). תקופת המתנה 6 חודשים.","עדיף · PROG19 · לא מכוסה כחבילה — שירותים אלה אינם מצוינים בתקנון עדיף כסל מאוחד. אחות פרטית (סעיף 17) — לאחר ניתוח בלבד, לא לצורך לידה.

שיא · PROG20 · מכוסה — סעיף 30.2.2: ייעוץ שינה לתינוק, אחות פרטית בבית היולדת, ייעוץ לפעילות גופנית ו/או תזונה ע""י תזונאית מוסמכת — כולם נכלים בחבילת ההיריון; תקרה ₪498 לכל ייעוץ; בתוך 6 חודשים מלידה.","כסף · PROG24 · אין מידע — מומלץ לבדוק

זהב · PROG25 · אין מידע — מומלץ לבדוק",טעון השוואה פרטנית,
924,שירותים נלווים והסעות,,ניתוח קיסרי בבית חולים פרטי — כניסה לרשימת הניתוחים,"כלל מבוטחי השב""ן בקופות החולים (לפי תוכנית והקופה)","מכבי שלי — סעיף 34: ניתוחי הסכם הכלולים בסל; הנחה של עד 50% מהשתתפות עצמית של מכבי זהב, לא תפחת מ-₪300. תקופת המתנה 6 חודשים.",החזר/הטבה לניתוח קיסרי בבית חולים פרטי — כניסה לרשימת הניתוחים עד 300 ₪,"זהב · PROG09 · אין מידע — מומלץ לבדוק

פלטינום · PROG10 · אין מידע — מומלץ לבדוק","כסף · PROG14 · מכבי כסף — סעיף 6: ניתוחים פרטיים בהסכם הכלולים בסל הבריאות; ניתוח קיסרי ככל שנמצא ברשימת הניתוחים שבהסכם — הזכאות כפופה להשתתפות עצמית (לא תפחת מ-₪300); נדרש אישור מראש לחלק מהניתוחים. תקופת המתנה 12 חודשים.

זהב · PROG15 · מכבי זהב — סעיף 6: ניתוחים פרטיים בהסכם הכלולים בסל; ניתוח קיסרי ברשימת ניתוחים שבהסכם — השתתפות עצמית לפי רשימה (לא תפחת מ-₪300). תקופת המתנה 12 חודשים.

שלי · PROG16 · מכבי שלי — סעיף 34: ניתוחי הסכם הכלולים בסל; הנחה של עד 50% מהשתתפות עצמית של מכבי זהב, לא תפחת מ-₪300. תקופת המתנה 6 חודשים.","עדיף · PROG19 · לא מכוסה — סעיף 1.5.2 תקנון מאוחדת עדיף מחריג במפורש: ""לידה בניתוח קיסרי"" מרשימת הניתוחים המאושרים לביצוע בבית חולים פרטי / שר""פ. תקופת המתנה: 12 חודשים.

שיא · PROG20 · מכוסה — נספח שיא (בהמתנה 12 חודשים). מאוחדת שיא מאפשרת ""ניתוח קיסרי במסגרת שר""פ (החל מלידת ילד ראשון ואילך)"". מהות: שירות מתווסף שאינו כלול ברובד עדיף. תנאי: ניתן לבחור מנתח ובית חולים פרטי / שר""פ בהסכם עם הקופה.","כסף · PROG24 · אין מידע — מומלץ לבדוק

זהב · PROG25 · אין מידע — מומלץ לבדוק",מכבי שלי,
925,שירותים נלווים והסעות,,"ניתוחי לב בבית חולים פרטי (מעקפים, מסתמים, צנתור)","כלל מבוטחי השב""ן בקופות החולים (לפי תוכנית והקופה)","מכוסה — נספח ב׳ (לב) תקנון מאוחדת שיא. אותם ניתוחים: מעקפים, החלפת מסתמים, צנתור אבחנתי, צנתור טיפולי. ה.ע. עשויה להיות שונה (החזר גבוה ב-20% ממחירון ADIF לביצוע שלא בהסכם; שתלים: ","החזר/הטבה לניתוחי לב בבית חולים פרטי (מעקפים, מסתמים, צנתור) בין 300 ל-24,511 ₪","זהב · PROG09 · אין מידע — מומלץ לבדוק

פלטינום · PROG10 · אין מידע — מומלץ לבדוק","כסף · PROG14 · מכבי כסף — סעיף 6: ניתוחים פרטיים בהסכם הכלולים בסל הבריאות, לרבות ניתוחי לב (מעקפים, מסתמים) ברשימת ניתוחים שבהסכם. השתתפות עצמית לפי רשימה (לא תפחת מ-₪300). תקופת המתנה 12 חודשים.

זהב · PROG15 · מכבי זהב — סעיף 6: ניתוחי לב (מעקפים, מסתמים, צנתור) ברשימת ניתוחים שבהסכם — השתתפות עצמית לפי רשימה. תקופת המתנה 12 חודשים.

שלי · PROG16 · מכבי שלי — סעיף 34: הנחה עד 50% מהשתתפות עצמית של מכבי זהב לניתוחים שבהסכם; לא תפחת מ-₪300. תקופת המתנה 6 חודשים.","עדיף · PROG19 · מכוסה — נספח ב׳ (לב) תקנון מאוחדת עדיף. ניתוחים מאושרים לביצוע בבית חולים פרטי / שר""פ בהסכם עם הקופה: ניתוח מעקפים; החלפת מסתמים; צנתור אבחנתי; צנתור טיפולי. כיסוי מלא בהסכם (מנתח + ח. ניתוח + אשפוז + מרדים + הדמיה + שתלים) בניכוי ה.ע. שנקבעה לכל ניתוח. תקופת המתנה: 12 חודשים.

שיא · PROG20 · מכוסה — נספח ב׳ (לב) תקנון מאוחדת שיא. אותם ניתוחים: מעקפים, החלפת מסתמים, צנתור אבחנתי, צנתור טיפולי. ה.ע. עשויה להיות שונה (החזר גבוה ב-20% ממחירון ADIF לביצוע שלא בהסכם; שתלים: 85% עד ₪24,511 לשנה). תקופת המתנה: 12 חודשים.","כסף · PROG24 · אין מידע — מומלץ לבדוק

זהב · PROG25 · אין מידע — מומלץ לבדוק",מאוחדת שיא,
926,שירותים נלווים והסעות,,ניתוחי עמוד שדרה בבית חולים פרטי,"כלל מבוטחי השב""ן בקופות החולים (לפי תוכנית והקופה)",מכבי שלי — סעיף 34: הנחה עד 50% מהשתתפות עצמית של מכבי זהב; לא תפחת מ-₪300. תקופת המתנה 6 חודשים.,החזר/הטבה לניתוחי עמוד שדרה בבית חולים פרטי עד 300 ₪,"זהב · PROG09 · אין מידע — מומלץ לבדוק

פלטינום · PROG10 · אין מידע — מומלץ לבדוק","כסף · PROG14 · מכבי כסף — סעיף 6: ניתוחי עמוד שדרה הכלולים בסל ברשימת ניתוחים שבהסכם. השתתפות עצמית לפי רשימה (לא תפחת מ-₪300). תקופת המתנה 12 חודשים.

זהב · PROG15 · מכבי זהב — סעיף 6: ניתוחי עמוד שדרה ברשימת ניתוחים שבהסכם — השתתפות עצמית לפי רשימה. תקופת המתנה 12 חודשים.

שלי · PROG16 · מכבי שלי — סעיף 34: הנחה עד 50% מהשתתפות עצמית של מכבי זהב; לא תפחת מ-₪300. תקופת המתנה 6 חודשים.","עדיף · PROG19 · מכוסה — נספח ב׳ (אורתופדיה ועמוד שדרה) תקנון מאוחדת עדיף. ניתוחים מאושרים: דיסקטומי (כריתת דיסק); דיסקטומי מותני; דסקטומיה צוארית; למינקטומי; ניתוחי עמוד שדרה שאינם כריתת דיסק; קיבוע חוליות — סקרולומבר; שחרור הצרות ספינלית; הוצאת גידול מעמוד השדרה; סקוליוזיס גבי — תיקון; שאיבת דיסק. כיסוי מלא בהסכם בניכוי ה.ע. תקופת המתנה: 12 חודשים.

שיא · PROG20 · מכוסה — נספח ב׳ (אורתופדיה ועמוד שדרה) תקנון מאוחדת שיא. אותם ניתוחים כמו עדיף. ה.ע. לפי תעריפי שיא (החזר גבוה ב-20%). תקופת המתנה: 12 חודשים.","כסף · PROG24 · אין מידע — מומלץ לבדוק

זהב · PROG25 · אין מידע — מומלץ לבדוק",מכבי שלי,
927,שירותים נלווים והסעות,,ניתוחי עצב/נוירוכירורגיה בבית חולים פרטי,"כלל מבוטחי השב""ן בקופות החולים (לפי תוכנית והקופה)",מכבי שלי — סעיף 34: הנחה עד 50% מהשתתפות עצמית של מכבי זהב; לא תפחת מ-₪300. תקופת המתנה 6 חודשים.,החזר/הטבה לניתוחי עצב/נוירוכירורגיה בבית חולים פרטי עד 300 ₪,"זהב · PROG09 · אין מידע — מומלץ לבדוק

פלטינום · PROG10 · אין מידע — מומלץ לבדוק","כסף · PROG14 · מכבי כסף — סעיף 6: ניתוחי נוירוכירורגיה הכלולים בסל ברשימת ניתוחים שבהסכם. השתתפות עצמית לפי רשימה (לא תפחת מ-₪300). תקופת המתנה 12 חודשים.

זהב · PROG15 · מכבי זהב — סעיף 6: ניתוחי נוירוכירורגיה ברשימת ניתוחים שבהסכם — השתתפות עצמית לפי רשימה. תקופת המתנה 12 חודשים.

שלי · PROG16 · מכבי שלי — סעיף 34: הנחה עד 50% מהשתתפות עצמית של מכבי זהב; לא תפחת מ-₪300. תקופת המתנה 6 חודשים.","עדיף · PROG19 · מכוסה — נספח ב׳ (נוירוכירורגיה) תקנון מאוחדת עדיף. ניתוחים מאושרים: קרניוטומיה; סטראוטקסיס אבחני/ניתוחי; ניתוח ראש לצורך הכנסת שנט (דלף) לחדרי המוח; דקומפרסיה — עצב פריפרי (נוירוליזיס). כיסוי מלא בהסכם בניכוי ה.ע. תקופת המתנה: 12 חודשים.

שיא · PROG20 · מכוסה — נספח ב׳ (נוירוכירורגיה) תקנון מאוחדת שיא. אותם ניתוחים כמו עדיף. ה.ע. לפי תעריפי שיא. תקופת המתנה: 12 חודשים.","כסף · PROG24 · אין מידע — מומלץ לבדוק

זהב · PROG25 · אין מידע — מומלץ לבדוק",מכבי שלי,
928,שירותים נלווים והסעות,,ניתוחים ברטריים (הקטנת נפח קיבה) בבית חולים פרטי,"כלל מבוטחי השב""ן בקופות החולים (לפי תוכנית והקופה)","מכוסה — נספח ב׳ (כירורגיה) תקנון מאוחדת שיא. הקטנת נפח הקיבה (על פי התוויה רפואית) — מופיעה ברשימת הניתוחים המאושרים. ה.ע. לפי תעריפי שיא; שתלים: 85% עד ₪24,511 לשנה. תקופת המתנה: ","החזר/הטבה לניתוחים ברטריים (הקטנת נפח קיבה) בבית חולים פרטי בין 300 ל-24,511 ₪","זהב · PROG09 · אין מידע — מומלץ לבדוק

פלטינום · PROG10 · אין מידע — מומלץ לבדוק","כסף · PROG14 · מכבי כסף — סעיף 6: ניתוחים ברטריים הכלולים בסל ברשימת ניתוחים שבהסכם. השתתפות עצמית לפי רשימה (לא תפחת מ-₪300). תקופת המתנה 12 חודשים.

זהב · PROG15 · מכבי זהב — סעיף 6: ניתוחים ברטריים ברשימת ניתוחים שבהסכם — השתתפות עצמית לפי רשימה. תקופת המתנה 12 חודשים.

שלי · PROG16 · מכבי שלי — סעיף 34: הנחה עד 50% מהשתתפות עצמית של מכבי זהב; לא תפחת מ-₪300. תקופת המתנה 6 חודשים.","עדיף · PROG19 · מכוסה — נספח ב׳ (כירורגיה) תקנון מאוחדת עדיף. הקטנת נפח הקיבה (על פי התוויה רפואית) — מופיעה ברשימת הניתוחים המאושרים בבית חולים פרטי / שר""פ. כיסוי מלא בהסכם בניכוי ה.ע. תקופת המתנה: 12 חודשים.

שיא · PROG20 · מכוסה — נספח ב׳ (כירורגיה) תקנון מאוחדת שיא. הקטנת נפח הקיבה (על פי התוויה רפואית) — מופיעה ברשימת הניתוחים המאושרים. ה.ע. לפי תעריפי שיא; שתלים: 85% עד ₪24,511 לשנה. תקופת המתנה: 12 חודשים.","כסף · PROG24 · אין מידע — מומלץ לבדוק

זהב · PROG25 · אין מידע — מומלץ לבדוק",מאוחדת שיא,
929,שירותים נלווים והסעות,,ניתוחים גינקולוגיים בבית חולים פרטי,"כלל מבוטחי השב""ן בקופות החולים (לפי תוכנית והקופה)",מכבי שלי — סעיף 34: הנחה עד 50% מהשתתפות עצמית של מכבי זהב; לא תפחת מ-₪300. תקופת המתנה 6 חודשים.,החזר/הטבה לניתוחים גינקולוגיים בבית חולים פרטי עד 300 ₪,"זהב · PROG09 · אין מידע — מומלץ לבדוק

פלטינום · PROG10 · אין מידע — מומלץ לבדוק","כסף · PROG14 · מכבי כסף — סעיף 6: ניתוחים גינקולוגיים הכלולים בסל ברשימת ניתוחים שבהסכם. השתתפות עצמית לפי רשימה (לא תפחת מ-₪300). תקופת המתנה 12 חודשים.

זהב · PROG15 · מכבי זהב — סעיף 6: ניתוחים גינקולוגיים (כריתת רחם, היסטרוסקופיה, מיומקטומי וכדומה) ברשימת ניתוחים שבהסכם — השתתפות עצמית לפי רשימה. תקופת המתנה 12 חודשים.

שלי · PROG16 · מכבי שלי — סעיף 34: הנחה עד 50% מהשתתפות עצמית של מכבי זהב; לא תפחת מ-₪300. תקופת המתנה 6 חודשים.","עדיף · PROG19 · מכוסה — נספח ב׳ (גינקולוגיה) תקנון מאוחדת עדיף. ניתוחים מאושרים: כריתת רחם ביטנית/וגינלית/+שחלות/+קרע/+קולפורפיה; היסטרוסקופיה אבחנתית וטיפולית; היסטרופקסי/תיקון ליגמנטים; מיומקטומי; כריתת טפולות (לפרוסקופי); כריתת שחלות; קולפורפיה פוסטריור/אנטריור; ציסטוצל/רקטוצל; לפרוסקופיה דיאגנוסטית ולפרוסקופיה+היסטרוסקופיה; תיקון דלף שתן (הרמת שלפוחית / TVT); תפירת צוואר הרחם (CERCLAGE); וסטיבולקטומיה; הרס רירית הרחם (אבלציה); ניתוחים לפרוסקופיים. תקופת המתנה: 12 חודשים.

שיא · PROG20 · מכוסה — נספח ב׳ (גינקולוגיה) תקנון מאוחדת שיא. אותם ניתוחים גינקולוגיים כמו עדיף. ה.ע. לפי תעריפי שיא (החזר גבוה ב-20%). תקופת המתנה: 12 חודשים.","כסף · PROG24 · אין מידע — מומלץ לבדוק

זהב · PROG25 · אין מידע — מומלץ לבדוק",מכבי שלי,
930,שירותים נלווים והסעות,,חוות דעת שנייה בארץ / ייעוץ נוסף עם מומחה,"כלל מבוטחי השב""ן בקופות החולים (לפי תוכנית והקופה)","חוות דעת נוספת בישראל — עד 4 ייעוצים בשנה; מומחה שאינו בהסדר: 85% החזר עד ₪857 לייעוץ. (מאוחדת שיא, סעיף 14)","החזר/הטבה לחוות דעת שנייה בארץ / ייעוץ נוסף עם מומחה בין 690 ל-1,462 ₪","זהב · PROG09 · אין מידע — מומלץ לבדוק

פלטינום · PROG10 · אין מידע — מומלץ לבדוק","כסף · PROG14 · אין מידע — מומלץ לבדוק

זהב · PROG15 · 3 ייעוצים/שנה עם מומחה. מסלול החזר: 80% עד ₪730.79 לייעוץ (מכבי זהב סעיף 27.1.5ב). תקופת המתנה 6 חודשים. ייעוץ בחו""ל: 75% עד שווה $1,300 לייעוץ/שנה, לאינדיקציות ספציפיות (סעיף 27.2.2). תקופת המתנה 12 חודשים.

שלי · PROG16 · 2 ייעוצים נוספים/שנה מעבר לזהב (סה""כ 5 בשנה). החזר 80% עד ₪730.79 לייעוץ; חוות דעת אפוטרופסות גוף: ₪1,461.58. גיל 65+ (מכבי שלי סעיף 24).","עדיף · PROG19 · אין מידע — מומלץ לבדוק

שיא · PROG20 · חוות דעת נוספת בישראל — עד 4 ייעוצים בשנה; מומחה שאינו בהסדר: 85% החזר עד ₪857 לייעוץ. (מאוחדת שיא, סעיף 14)","כסף · PROG24 · עד 1 התייעצות לשנה, החזר 80% מהוצאה ממשית, עד ₪690 להתייעצות; כולל רופא ילדים מומחה (לאומית כסף, פרק ד')

זהב · PROG25 · עד 3 התייעצויות לשנה, החזר 80% מהוצאה ממשית, עד ₪690 להתייעצות; כולל רופא ילדים מומחה (לאומית זהב, פרק ד')",מאוחדת שיא,
931,שירותים נלווים והסעות,,אמבולנס — השתתפות עצמית,"כלל מבוטחי השב""ן בקופות החולים (לפי תוכנית והקופה)","הטבת שב""ן בנושא אמבולנס — השתתפות עצמית",החזר/הטבה לאמבולנס — השתתפות עצמית בין 244 ל-386 ₪,"זהב · PROG09 · אין מידע — מומלץ לבדוק

פלטינום · PROG10 · אין מידע — מומלץ לבדוק","כסף · PROG14 · אין מידע — מומלץ לבדוק

זהב · PROG15 · 50% מהוצאה בפועל, עד ₪385.83, עד פעמיים/שנה. לאחר פינוי לבית חולים ציבורי שלא הסתיים באשפוז (מכבי זהב סעיף 31.1). תקופת המתנה 6 חודשים.

שלי · PROG16 · גיל 65+. 50% עד ₪243.61 לנסיעה, עד 2 נסיעות/שנה. מבית חולים לבית (מכבי שלי סעיף 36).","עדיף · PROG19 · אין מידע — מומלץ לבדוק

שיא · PROG20 · אין מידע — מומלץ לבדוק","כסף · PROG24 · אין מידע — מומלץ לבדוק

זהב · PROG25 · אין מידע — מומלץ לבדוק",טעון השוואה פרטנית,
932,שירותים נלווים והסעות,,טיסה לתושבי אילת — תעריפים,"כלל מבוטחי השב""ן בקופות החולים (לפי תוכנית והקופה)","הטבת שב""ן בנושא טיסה לתושבי אילת — תעריפים",החזר/הטבה לטיסה לתושבי אילת — תעריפים עד 145 ₪,"זהב · PROG09 · מקרים 1–2: כרטיס טיסה ממרפאת האם; מקרים 3–4: 50% מעלות כרטיס הטיסה; מלווה לעמית עד גיל 18: 50% מעלות הכרטיס לכל המקרים (פרק ה׳ סעיף 39 — תקנון כללית מושלם זהב)

פלטינום · PROG10 · אין מידע — מומלץ לבדוק","כסף · PROG14 · אין מידע — מומלץ לבדוק

זהב · PROG15 · אין מידע — מומלץ לבדוק

שלי · PROG16 · אין מידע — מומלץ לבדוק","עדיף · PROG19 · אין מידע — מומלץ לבדוק

שיא · PROG20 · אין מידע — מומלץ לבדוק","כסף · PROG24 · שובר טיסה; השתתפות עצמית ₪145 (לאומית כסף, פרק כ""ג)

זהב · PROG25 · שובר טיסה; ללא השתתפות עצמית (לאומית זהב, פרק כ""ג)",כללית מושלם זהב,
933,שירותים נלווים והסעות,,אישורים רפואיים — תעריפי השתתפות עצמית,"כלל מבוטחי השב""ן בקופות החולים (לפי תוכנית והקופה)","הטבת שב""ן בנושא אישורים רפואיים — תעריפי השתתפות עצמית",החזר/הטבה לאישורים רפואיים — תעריפי השתתפות עצמית בין 63 ל-629 ₪,"זהב · PROG09 · החזר מלא עד תעריפון הכללית; עד 2 אישורים לכל תקופות החברות בתכנית; לעמיתים מתחת לגיל 70; אינו כולל בדיקת עיניים (פרק ה׳ סעיף 50 — תקנון כללית מושלם זהב)

פלטינום · PROG10 · אין מידע — מומלץ לבדוק","כסף · PROG14 · אין מידע — מומלץ לבדוק

זהב · PROG15 · אין מידע — מומלץ לבדוק

שלי · PROG16 · אין מידע — מומלץ לבדוק","עדיף · PROG19 · אין מידע — מומלץ לבדוק

שיא · PROG20 · אין מידע — מומלץ לבדוק","כסף · PROG24 · רוב האישורים: ₪77 (תעודה רפואית למשטרה, לחברת ביטוח, לרישיון נהיגה, לנשק, ליציאה לחו""ל וכו'); חוות דעת למוסדות פרטיים/בנקים: ₪629; אישור הדרכה לפני לידה: ₪119 (לאומית כסף, פרק כ""ח)

זהב · PROG25 · רוב האישורים: ₪63; חוות דעת למוסדות פרטיים/בנקים: ₪350; אישור הדרכה לפני לידה: ₪88 (לאומית זהב, פרק כ""ח)",טעון השוואה פרטנית,
934,שירותים נלווים והסעות,,ייעוץ רופא מומחה — מסלול החזר,"כלל מבוטחי השב""ן בקופות החולים (לפי תוכנית והקופה)","הטבת שב""ן בנושא ייעוץ רופא מומחה — מסלול החזר",החזר/הטבה לייעוץ רופא מומחה — מסלול החזר בין 57 ל-603 ₪,"זהב · PROG09 · החזר 80% מההוצאה בפועל, עד ₪603 לביקור, אצל מומחה פרטי שאינו ברשימת כללית מושלם (פרק ה׳, סעיף 1 — תקנון כללית מושלם זהב) | השתתפות עצמית של ₪150 לביקור אצל רופא מומחה יועץ בהסדר (שאינו שר""פ הדסה); השתתפות עצמית של ₪250 לביקור בשר""פ הדסה (פרק ה׳, סעיף 1 — תקנון כללית מושלם זהב)

פלטינום · PROG10 · אין מידע — מומלץ לבדוק (הפלטינום אינו מרחיב את מסלול ההחזר לייעוץ, מכיוון שהוא כיסוי משלים לזהב בלבד) | כנ""ל — הפלטינום אינו מוסיף הנחה נוספת לסעיף זה; ראה פרק ח׳ סעיף 1 בתקנון פלטינום: פלטינום מפחית השתתפות עצמית בסקירות מערכות: ₪57 במקום ₪114 (תקנון פלטינום פרק ח׳ סעיף 1)","כסף · PROG14 · אין מידע — מומלץ לבדוק

זהב · PROG15 · אין מידע — מומלץ לבדוק

שלי · PROG16 · אין מידע — מומלץ לבדוק","עדיף · PROG19 · אין מידע — מומלץ לבדוק

שיא · PROG20 · אין מידע — מומלץ לבדוק","כסף · PROG24 · אין מידע — מומלץ לבדוק

זהב · PROG25 · אין מידע — מומלץ לבדוק",כללית מושלם זהב,
